snapshot_date,product_id,on_hand_qty,reorder_point,safety_stock
2023-01-01,P0001,2423.7,1096.8,548.4
2023-01-02,P0001,2364.7,1096.8,548.4
2023-01-03,P0001,2290.7,1096.8,548.4
2023-01-04,P0001,2136.7,1096.8,548.4
2023-01-05,P0001,1967.7,1096.8,548.4
2023-01-06,P0001,1915.7,1096.8,548.4
2023-01-07,P0001,1813.7,1096.8,548.4
2023-01-08,P0001,1758.7,1096.8,548.4
2023-01-09,P0001,1699.7,1096.8,548.4
2023-01-10,P0001,1622.7,1096.8,548.4
2023-01-11,P0001,1532.7,1096.8,548.4
2023-01-12,P0001,1404.7,1096.8,548.4
2023-01-13,P0001,1386.7,1096.8,548.4
2023-01-14,P0001,1318.7,1096.8,548.4
2023-01-15,P0001,1284.7,1096.8,548.4
2023-01-16,P0001,1227.7,1096.8,548.4
2023-01-17,P0001,1171.7,1096.8,548.4
2023-01-18,P0001,1041.7,1096.8,548.4
2023-01-19,P0001,1026.7,1096.8,548.4
2023-01-20,P0001,937.7,1096.8,548.4
2023-01-21,P0001,937.7,1096.8,548.4
2023-01-22,P0001,878.7,1096.8,548.4
2023-01-23,P0001,847.7,1096.8,548.4
2023-01-24,P0001,800.7,1096.8,548.4
2023-01-25,P0001,735.7,1096.8,548.4
2023-01-26,P0001,584.7,1096.8,548.4
2023-01-27,P0001,545.7,1096.8,548.4
2023-01-28,P0001,545.7,1096.8,548.4
2023-01-29,P0001,508.7,1096.8,548.4
2023-01-30,P0001,508.7,1096.8,548.4
2023-01-31,P0001,469.7,1096.8,548.4
2023-02-01,P0001,400.7,1096.8,548.4
2023-02-02,P0001,328.7,1096.8,548.4
2023-02-03,P0001,91.7,1096.8,548.4
2023-02-04,P0001,91.7,1096.8,548.4
2023-02-05,P0001,91.7,1096.8,548.4
2023-02-06,P0001,8.7,1096.8,548.4
2023-02-07,P0001,1434.7,1096.8,548.4
2023-02-08,P0001,1352.7,1096.8,548.4
2023-02-09,P0001,1295.7,1096.8,548.4
2023-02-10,P0001,1199.7,1096.8,548.4
2023-02-11,P0001,1199.7,1096.8,548.4
2023-02-12,P0001,1172.7,1096.8,548.4
2023-02-13,P0001,1007.7,1096.8,548.4
2023-02-14,P0001,890.7,1096.8,548.4
2023-02-15,P0001,846.7,1096.8,548.4
2023-02-16,P0001,755.7,1096.8,548.4
2023-02-17,P0001,693.7,1096.8,548.4
2023-02-18,P0001,662.7,1096.8,548.4
2023-02-19,P0001,647.7,1096.8,548.4
2023-02-20,P0001,609.7,1096.8,548.4
2023-02-21,P0001,599.7,1096.8,548.4
2023-02-22,P0001,489.7,1096.8,548.4
2023-02-23,P0001,430.7,1096.8,548.4
2023-02-24,P0001,306.7,1096.8,548.4
2023-02-25,P0001,306.7,1096.8,548.4
2023-02-26,P0001,306.7,1096.8,548.4
2023-02-27,P0001,235.7,1096.8,548.4
2023-02-28,P0001,235.7,1096.8,548.4
2023-03-01,P0001,169.7,1096.8,548.4
2023-03-02,P0001,55.7,1096.8,548.4
2023-03-03,P0001,55.7,1096.8,548.4
2023-03-04,P0001,55.7,1096.8,548.4
2023-03-05,P0001,1496.7,1096.8,548.4
2023-03-06,P0001,1461.7,1096.8,548.4
2023-03-07,P0001,1345.7,1096.8,548.4
2023-03-08,P0001,1247.7,1096.8,548.4
2023-03-09,P0001,1227.7,1096.8,548.4
2023-03-10,P0001,1130.7,1096.8,548.4
2023-03-11,P0001,1045.7,1096.8,548.4
2023-03-12,P0001,953.7,1096.8,548.4
2023-03-13,P0001,778.7,1096.8,548.4
2023-03-14,P0001,735.7,1096.8,548.4
2023-03-15,P0001,637.7,1096.8,548.4
2023-03-16,P0001,594.7,1096.8,548.4
2023-03-17,P0001,566.7,1096.8,548.4
2023-03-18,P0001,566.7,1096.8,548.4
2023-03-19,P0001,548.7,1096.8,548.4
2023-03-20,P0001,411.7,1096.8,548.4
2023-03-21,P0001,394.7,1096.8,548.4
2023-03-22,P0001,347.7,1096.8,548.4
2023-03-23,P0001,211.7,1096.8,548.4
2023-03-24,P0001,128.7,1096.8,548.4
2023-03-25,P0001,128.7,1096.8,548.4
2023-03-26,P0001,39.7,1096.8,548.4
2023-03-27,P0001,39.7,1096.8,548.4
2023-03-28,P0001,0.0,1096.8,548.4
2023-03-29,P0001,0.0,1096.8,548.4
2023-03-30,P0001,0.0,1096.8,548.4
2023-03-31,P0001,1306.0,1096.8,548.4
2023-04-01,P0001,1259.0,1096.8,548.4
2023-04-02,P0001,1249.0,1096.8,548.4
2023-04-03,P0001,1192.0,1096.8,548.4
2023-04-04,P0001,1160.0,1096.8,548.4
2023-04-05,P0001,1034.0,1096.8,548.4
2023-04-06,P0001,830.0,1096.8,548.4
2023-04-07,P0001,800.0,1096.8,548.4
2023-04-08,P0001,743.0,1096.8,548.4
2023-04-09,P0001,719.0,1096.8,548.4
2023-04-10,P0001,680.0,1096.8,548.4
2023-04-11,P0001,591.0,1096.8,548.4
2023-04-12,P0001,551.0,1096.8,548.4
2023-04-13,P0001,506.0,1096.8,548.4
2023-04-14,P0001,424.0,1096.8,548.4
2023-04-15,P0001,424.0,1096.8,548.4
2023-04-16,P0001,389.0,1096.8,548.4
2023-04-17,P0001,326.0,1096.8,548.4
2023-04-18,P0001,214.0,1096.8,548.4
2023-04-19,P0001,93.0,1096.8,548.4
2023-04-20,P0001,0.0,1096.8,548.4
2023-04-21,P0001,0.0,1096.8,548.4
2023-04-22,P0001,0.0,1096.8,548.4
2023-04-23,P0001,0.0,1096.8,548.4
2023-04-24,P0001,0.0,1096.8,548.4
2023-04-25,P0001,1388.7,1096.8,548.4
2023-04-26,P0001,1279.7,1096.8,548.4
2023-04-27,P0001,1252.7,1096.8,548.4
2023-04-28,P0001,1138.7,1096.8,548.4
2023-04-29,P0001,1138.7,1096.8,548.4
2023-04-30,P0001,1012.7,1096.8,548.4
2023-05-01,P0001,937.7,1096.8,548.4
2023-05-02,P0001,832.7,1096.8,548.4
2023-05-03,P0001,832.7,1096.8,548.4
2023-05-04,P0001,786.7,1096.8,548.4
2023-05-05,P0001,710.7,1096.8,548.4
2023-05-06,P0001,710.7,1096.8,548.4
2023-05-07,P0001,662.7,1096.8,548.4
2023-05-08,P0001,645.7,1096.8,548.4
2023-05-09,P0001,555.7,1096.8,548.4
2023-05-10,P0001,418.7,1096.8,548.4
2023-05-11,P0001,312.7,1096.8,548.4
2023-05-12,P0001,276.7,1096.8,548.4
2023-05-13,P0001,276.7,1096.8,548.4
2023-05-14,P0001,228.7,1096.8,548.4
2023-05-15,P0001,196.7,1096.8,548.4
2023-05-16,P0001,171.7,1096.8,548.4
2023-05-17,P0001,28.7,1096.8,548.4
2023-05-18,P0001,0.0,1096.8,548.4
2023-05-19,P0001,0.0,1096.8,548.4
2023-05-20,P0001,1357.0,1096.8,548.4
2023-05-21,P0001,1343.0,1096.8,548.4
2023-05-22,P0001,1262.0,1096.8,548.4
2023-05-23,P0001,1163.0,1096.8,548.4
2023-05-24,P0001,1019.0,1096.8,548.4
2023-05-25,P0001,968.0,1096.8,548.4
2023-05-26,P0001,930.0,1096.8,548.4
2023-05-27,P0001,828.0,1096.8,548.4
2023-05-28,P0001,828.0,1096.8,548.4
2023-05-29,P0001,823.0,1096.8,548.4
2023-05-30,P0001,625.0,1096.8,548.4
2023-05-31,P0001,597.0,1096.8,548.4
2023-06-01,P0001,585.0,1096.8,548.4
2023-06-02,P0001,524.0,1096.8,548.4
2023-06-03,P0001,504.0,1096.8,548.4
2023-06-04,P0001,504.0,1096.8,548.4
2023-06-05,P0001,459.0,1096.8,548.4
2023-06-06,P0001,459.0,1096.8,548.4
2023-06-07,P0001,414.0,1096.8,548.4
2023-06-08,P0001,374.0,1096.8,548.4
2023-06-09,P0001,304.0,1096.8,548.4
2023-06-10,P0001,304.0,1096.8,548.4
2023-06-11,P0001,304.0,1096.8,548.4
2023-06-12,P0001,269.0,1096.8,548.4
2023-06-13,P0001,1640.7,1096.8,548.4
2023-06-14,P0001,1632.7,1096.8,548.4
2023-06-15,P0001,1610.7,1096.8,548.4
2023-06-16,P0001,1576.7,1096.8,548.4
2023-06-17,P0001,1576.7,1096.8,548.4
2023-06-18,P0001,1528.7,1096.8,548.4
2023-06-19,P0001,1520.7,1096.8,548.4
2023-06-20,P0001,1444.7,1096.8,548.4
2023-06-21,P0001,1304.7,1096.8,548.4
2023-06-22,P0001,1240.7,1096.8,548.4
2023-06-23,P0001,1185.7,1096.8,548.4
2023-06-24,P0001,1142.7,1096.8,548.4
2023-06-25,P0001,1142.7,1096.8,548.4
2023-06-26,P0001,1082.7,1096.8,548.4
2023-06-27,P0001,1002.7,1096.8,548.4
2023-06-28,P0001,1002.7,1096.8,548.4
2023-06-29,P0001,912.7,1096.8,548.4
2023-06-30,P0001,821.7,1096.8,548.4
2023-07-01,P0001,789.7,1096.8,548.4
2023-07-02,P0001,766.7,1096.8,548.4
2023-07-03,P0001,747.7,1096.8,548.4
2023-07-04,P0001,735.7,1096.8,548.4
2023-07-05,P0001,666.7,1096.8,548.4
2023-07-06,P0001,610.7,1096.8,548.4
2023-07-07,P0001,552.7,1096.8,548.4
2023-07-08,P0001,552.7,1096.8,548.4
2023-07-09,P0001,494.7,1096.8,548.4
2023-07-10,P0001,424.7,1096.8,548.4
2023-07-11,P0001,416.7,1096.8,548.4
2023-07-12,P0001,273.7,1096.8,548.4
2023-07-13,P0001,186.7,1096.8,548.4
2023-07-14,P0001,33.7,1096.8,548.4
2023-07-15,P0001,33.7,1096.8,548.4
2023-07-16,P0001,1418.7,1096.8,548.4
2023-07-17,P0001,1418.7,1096.8,548.4
2023-07-18,P0001,1273.7,1096.8,548.4
2023-07-19,P0001,1152.7,1096.8,548.4
2023-07-20,P0001,1106.7,1096.8,548.4
2023-07-21,P0001,983.7,1096.8,548.4
2023-07-22,P0001,897.7,1096.8,548.4
2023-07-23,P0001,884.7,1096.8,548.4
2023-07-24,P0001,870.7,1096.8,548.4
2023-07-25,P0001,863.7,1096.8,548.4
2023-07-26,P0001,780.7,1096.8,548.4
2023-07-27,P0001,719.7,1096.8,548.4
2023-07-28,P0001,625.7,1096.8,548.4
2023-07-29,P0001,599.7,1096.8,548.4
2023-07-30,P0001,599.7,1096.8,548.4
2023-07-31,P0001,589.7,1096.8,548.4
2023-08-01,P0001,573.7,1096.8,548.4
2023-08-02,P0001,549.7,1096.8,548.4
2023-08-03,P0001,428.7,1096.8,548.4
2023-08-04,P0001,417.7,1096.8,548.4
2023-08-05,P0001,394.7,1096.8,548.4
2023-08-06,P0001,370.7,1096.8,548.4
2023-08-07,P0001,316.7,1096.8,548.4
2023-08-08,P0001,165.7,1096.8,548.4
2023-08-09,P0001,133.7,1096.8,548.4
2023-08-10,P0001,1580.7,1096.8,548.4
2023-08-11,P0001,1560.7,1096.8,548.4
2023-08-12,P0001,1560.7,1096.8,548.4
2023-08-13,P0001,1489.7,1096.8,548.4
2023-08-14,P0001,1435.7,1096.8,548.4
2023-08-15,P0001,1350.7,1096.8,548.4
2023-08-16,P0001,1258.7,1096.8,548.4
2023-08-17,P0001,1172.7,1096.8,548.4
2023-08-18,P0001,1135.7,1096.8,548.4
2023-08-19,P0001,1123.7,1096.8,548.4
2023-08-20,P0001,1123.7,1096.8,548.4
2023-08-21,P0001,1088.7,1096.8,548.4
2023-08-22,P0001,983.7,1096.8,548.4
2023-08-23,P0001,917.7,1096.8,548.4
2023-08-24,P0001,842.7,1096.8,548.4
2023-08-25,P0001,798.7,1096.8,548.4
2023-08-26,P0001,769.7,1096.8,548.4
2023-08-27,P0001,680.7,1096.8,548.4
2023-08-28,P0001,634.7,1096.8,548.4
2023-08-29,P0001,612.7,1096.8,548.4
2023-08-30,P0001,571.7,1096.8,548.4
2023-08-31,P0001,493.7,1096.8,548.4
2023-09-01,P0001,370.7,1096.8,548.4
2023-09-02,P0001,370.7,1096.8,548.4
2023-09-03,P0001,370.7,1096.8,548.4
2023-09-04,P0001,300.7,1096.8,548.4
2023-09-05,P0001,231.7,1096.8,548.4
2023-09-06,P0001,139.7,1096.8,548.4
2023-09-07,P0001,0.0,1096.8,548.4
2023-09-08,P0001,0.0,1096.8,548.4
2023-09-09,P0001,0.0,1096.8,548.4
2023-09-10,P0001,1379.0,1096.8,548.4
2023-09-11,P0001,1340.0,1096.8,548.4
2023-09-12,P0001,1296.0,1096.8,548.4
2023-09-13,P0001,1296.0,1096.8,548.4
2023-09-14,P0001,1216.0,1096.8,548.4
2023-09-15,P0001,1167.0,1096.8,548.4
2023-09-16,P0001,1167.0,1096.8,548.4
2023-09-17,P0001,1167.0,1096.8,548.4
2023-09-18,P0001,1103.0,1096.8,548.4
2023-09-19,P0001,1082.0,1096.8,548.4
2023-09-20,P0001,991.0,1096.8,548.4
2023-09-21,P0001,976.0,1096.8,548.4
2023-09-22,P0001,889.0,1096.8,548.4
2023-09-23,P0001,858.0,1096.8,548.4
2023-09-24,P0001,814.0,1096.8,548.4
2023-09-25,P0001,779.0,1096.8,548.4
2023-09-26,P0001,626.0,1096.8,548.4
2023-09-27,P0001,525.0,1096.8,548.4
2023-09-28,P0001,400.0,1096.8,548.4
2023-09-29,P0001,368.0,1096.8,548.4
2023-09-30,P0001,330.0,1096.8,548.4
2023-10-01,P0001,330.0,1096.8,548.4
2023-10-02,P0001,186.0,1096.8,548.4
2023-10-03,P0001,61.0,1096.8,548.4
2023-10-04,P0001,0.0,1096.8,548.4
2023-10-05,P0001,0.0,1096.8,548.4
2023-10-06,P0001,0.0,1096.8,548.4
2023-10-07,P0001,0.0,1096.8,548.4
2023-10-08,P0001,0.0,1096.8,548.4
2023-10-09,P0001,1345.7,1096.8,548.4
2023-10-10,P0001,1265.7,1096.8,548.4
2023-10-11,P0001,1173.7,1096.8,548.4
2023-10-12,P0001,1138.7,1096.8,548.4
2023-10-13,P0001,1118.7,1096.8,548.4
2023-10-14,P0001,1118.7,1096.8,548.4
2023-10-15,P0001,1075.7,1096.8,548.4
2023-10-16,P0001,1026.7,1096.8,548.4
2023-10-17,P0001,920.7,1096.8,548.4
2023-10-18,P0001,890.7,1096.8,548.4
2023-10-19,P0001,890.7,1096.8,548.4
2023-10-20,P0001,850.7,1096.8,548.4
2023-10-21,P0001,793.7,1096.8,548.4
2023-10-22,P0001,775.7,1096.8,548.4
2023-10-23,P0001,775.7,1096.8,548.4
2023-10-24,P0001,775.7,1096.8,548.4
2023-10-25,P0001,763.7,1096.8,548.4
2023-10-26,P0001,637.7,1096.8,548.4
2023-10-27,P0001,609.7,1096.8,548.4
2023-10-28,P0001,563.7,1096.8,548.4
2023-10-29,P0001,563.7,1096.8,548.4
2023-10-30,P0001,507.7,1096.8,548.4
2023-10-31,P0001,353.7,1096.8,548.4
2023-11-01,P0001,311.7,1096.8,548.4
2023-11-02,P0001,288.7,1096.8,548.4
2023-11-03,P0001,249.7,1096.8,548.4
2023-11-04,P0001,1641.7,1096.8,548.4
2023-11-05,P0001,1607.7,1096.8,548.4
2023-11-06,P0001,1535.7,1096.8,548.4
2023-11-07,P0001,1535.7,1096.8,548.4
2023-11-08,P0001,1419.7,1096.8,548.4
2023-11-09,P0001,1317.7,1096.8,548.4
2023-11-10,P0001,1245.7,1096.8,548.4
2023-11-11,P0001,1232.7,1096.8,548.4
2023-11-12,P0001,1214.7,1096.8,548.4
2023-11-13,P0001,1140.7,1096.8,548.4
2023-11-14,P0001,1036.7,1096.8,548.4
2023-11-15,P0001,942.7,1096.8,548.4
2023-11-16,P0001,878.7,1096.8,548.4
2023-11-17,P0001,676.7,1096.8,548.4
2023-11-18,P0001,676.7,1096.8,548.4
2023-11-19,P0001,639.7,1096.8,548.4
2023-11-20,P0001,602.7,1096.8,548.4
2023-11-21,P0001,563.7,1096.8,548.4
2023-11-22,P0001,497.7,1096.8,548.4
2023-11-23,P0001,471.7,1096.8,548.4
2023-11-24,P0001,374.7,1096.8,548.4
2023-11-25,P0001,374.7,1096.8,548.4
2023-11-26,P0001,327.7,1096.8,548.4
2023-11-27,P0001,270.7,1096.8,548.4
2023-11-28,P0001,243.7,1096.8,548.4
2023-11-29,P0001,128.7,1096.8,548.4
2023-11-30,P0001,85.7,1096.8,548.4
2023-12-01,P0001,85.7,1096.8,548.4
2023-12-02,P0001,56.7,1096.8,548.4
2023-12-03,P0001,56.7,1096.8,548.4
2023-12-04,P0001,1448.7,1096.8,548.4
2023-12-05,P0001,1364.7,1096.8,548.4
2023-12-06,P0001,1324.7,1096.8,548.4
2023-12-07,P0001,1229.7,1096.8,548.4
2023-12-08,P0001,1133.7,1096.8,548.4
2023-12-09,P0001,1133.7,1096.8,548.4
2023-12-10,P0001,1133.7,1096.8,548.4
2023-12-11,P0001,1063.7,1096.8,548.4
2023-12-12,P0001,1063.7,1096.8,548.4
2023-12-13,P0001,1018.7,1096.8,548.4
2023-12-14,P0001,917.7,1096.8,548.4
2023-12-15,P0001,834.7,1096.8,548.4
2023-12-16,P0001,812.7,1096.8,548.4
2023-12-17,P0001,812.7,1096.8,548.4
2023-12-18,P0001,754.7,1096.8,548.4
2023-12-19,P0001,710.7,1096.8,548.4
2023-12-20,P0001,663.7,1096.8,548.4
2023-12-21,P0001,618.7,1096.8,548.4
2023-12-22,P0001,547.7,1096.8,548.4
2023-12-23,P0001,547.7,1096.8,548.4
2023-12-24,P0001,547.7,1096.8,548.4
2023-12-25,P0001,500.7,1096.8,548.4
2023-12-26,P0001,458.7,1096.8,548.4
2023-12-27,P0001,411.7,1096.8,548.4
2023-12-28,P0001,368.7,1096.8,548.4
2023-12-29,P0001,321.7,1096.8,548.4
2023-12-30,P0001,248.7,1096.8,548.4
2023-12-31,P0001,1652.7,1096.8,548.4
2024-01-01,P0001,1542.7,1096.8,548.4
2024-01-02,P0001,1520.7,1096.8,548.4
2024-01-03,P0001,1448.7,1096.8,548.4
2024-01-04,P0001,1408.7,1096.8,548.4
2024-01-05,P0001,1363.7,1096.8,548.4
2024-01-06,P0001,1330.7,1096.8,548.4
2024-01-07,P0001,1300.7,1096.8,548.4
2024-01-08,P0001,1236.7,1096.8,548.4
2024-01-09,P0001,1206.7,1096.8,548.4
2024-01-10,P0001,1206.7,1096.8,548.4
2024-01-11,P0001,1126.7,1096.8,548.4
2024-01-12,P0001,1105.7,1096.8,548.4
2024-01-13,P0001,1077.7,1096.8,548.4
2024-01-14,P0001,1022.7,1096.8,548.4
2024-01-15,P0001,929.7,1096.8,548.4
2024-01-16,P0001,899.7,1096.8,548.4
2024-01-17,P0001,850.7,1096.8,548.4
2024-01-18,P0001,813.7,1096.8,548.4
2024-01-19,P0001,813.7,1096.8,548.4
2024-01-20,P0001,788.7,1096.8,548.4
2024-01-21,P0001,788.7,1096.8,548.4
2024-01-22,P0001,763.7,1096.8,548.4
2024-01-23,P0001,716.7,1096.8,548.4
2024-01-24,P0001,672.7,1096.8,548.4
2024-01-25,P0001,589.7,1096.8,548.4
2024-01-26,P0001,589.7,1096.8,548.4
2024-01-27,P0001,589.7,1096.8,548.4
2024-01-28,P0001,589.7,1096.8,548.4
2024-01-29,P0001,589.7,1096.8,548.4
2024-01-30,P0001,498.7,1096.8,548.4
2024-01-31,P0001,479.7,1096.8,548.4
2024-02-01,P0001,467.7,1096.8,548.4
2024-02-02,P0001,1785.7,1096.8,548.4
2024-02-03,P0001,1689.7,1096.8,548.4
2024-02-04,P0001,1658.7,1096.8,548.4
2024-02-05,P0001,1547.7,1096.8,548.4
2024-02-06,P0001,1547.7,1096.8,548.4
2024-02-07,P0001,1489.7,1096.8,548.4
2024-02-08,P0001,1396.7,1096.8,548.4
2024-02-09,P0001,1183.7,1096.8,548.4
2024-02-10,P0001,1183.7,1096.8,548.4
2024-02-11,P0001,1133.7,1096.8,548.4
2024-02-12,P0001,1083.7,1096.8,548.4
2024-02-13,P0001,1033.7,1096.8,548.4
2024-02-14,P0001,888.7,1096.8,548.4
2024-02-15,P0001,824.7,1096.8,548.4
2024-02-16,P0001,728.7,1096.8,548.4
2024-02-17,P0001,707.7,1096.8,548.4
2024-02-18,P0001,603.7,1096.8,548.4
2024-02-19,P0001,545.7,1096.8,548.4
2024-02-20,P0001,479.7,1096.8,548.4
2024-02-21,P0001,323.7,1096.8,548.4
2024-02-22,P0001,309.7,1096.8,548.4
2024-02-23,P0001,95.7,1096.8,548.4
2024-02-24,P0001,95.7,1096.8,548.4
2024-02-25,P0001,95.7,1096.8,548.4
2024-02-26,P0001,40.7,1096.8,548.4
2024-02-27,P0001,12.7,1096.8,548.4
2024-02-28,P0001,0.0,1096.8,548.4
2024-02-29,P0001,0.0,1096.8,548.4
2024-03-01,P0001,0.0,1096.8,548.4
2024-03-02,P0001,0.0,1096.8,548.4
2024-03-03,P0001,1296.0,1096.8,548.4
2024-03-04,P0001,1284.0,1096.8,548.4
2024-03-05,P0001,1230.0,1096.8,548.4
2024-03-06,P0001,1113.0,1096.8,548.4
2024-03-07,P0001,1091.0,1096.8,548.4
2024-03-08,P0001,1019.0,1096.8,548.4
2024-03-09,P0001,994.0,1096.8,548.4
2024-03-10,P0001,981.0,1096.8,548.4
2024-03-11,P0001,773.0,1096.8,548.4
2024-03-12,P0001,652.0,1096.8,548.4
2024-03-13,P0001,652.0,1096.8,548.4
2024-03-14,P0001,565.0,1096.8,548.4
2024-03-15,P0001,565.0,1096.8,548.4
2024-03-16,P0001,565.0,1096.8,548.4
2024-03-17,P0001,535.0,1096.8,548.4
2024-03-18,P0001,492.0,1096.8,548.4
2024-03-19,P0001,377.0,1096.8,548.4
2024-03-20,P0001,377.0,1096.8,548.4
2024-03-21,P0001,377.0,1096.8,548.4
2024-03-22,P0001,323.0,1096.8,548.4
2024-03-23,P0001,294.0,1096.8,548.4
2024-03-24,P0001,217.0,1096.8,548.4
2024-03-25,P0001,90.0,1096.8,548.4
2024-03-26,P0001,60.0,1096.8,548.4
2024-03-27,P0001,1383.7,1096.8,548.4
2024-03-28,P0001,1318.7,1096.8,548.4
2024-03-29,P0001,1270.7,1096.8,548.4
2024-03-30,P0001,1270.7,1096.8,548.4
2024-03-31,P0001,1217.7,1096.8,548.4
2024-04-01,P0001,1217.7,1096.8,548.4
2024-04-02,P0001,1099.7,1096.8,548.4
2024-04-03,P0001,1054.7,1096.8,548.4
2024-04-04,P0001,1002.7,1096.8,548.4
2024-04-05,P0001,983.7,1096.8,548.4
2024-04-06,P0001,953.7,1096.8,548.4
2024-04-07,P0001,899.7,1096.8,548.4
2024-04-08,P0001,840.7,1096.8,548.4
2024-04-09,P0001,831.7,1096.8,548.4
2024-04-10,P0001,781.7,1096.8,548.4
2024-04-11,P0001,685.7,1096.8,548.4
2024-04-12,P0001,631.7,1096.8,548.4
2024-04-13,P0001,591.7,1096.8,548.4
2024-04-14,P0001,520.7,1096.8,548.4
2024-04-15,P0001,360.7,1096.8,548.4
2024-04-16,P0001,260.7,1096.8,548.4
2024-04-17,P0001,223.7,1096.8,548.4
2024-04-18,P0001,143.7,1096.8,548.4
2024-04-19,P0001,143.7,1096.8,548.4
2024-04-20,P0001,114.7,1096.8,548.4
2024-04-21,P0001,114.7,1096.8,548.4
2024-04-22,P0001,89.7,1096.8,548.4
2024-04-23,P0001,1502.7,1096.8,548.4
2024-04-24,P0001,1301.7,1096.8,548.4
2024-04-25,P0001,1222.7,1096.8,548.4
2024-04-26,P0001,1170.7,1096.8,548.4
2024-04-27,P0001,1170.7,1096.8,548.4
2024-04-28,P0001,1170.7,1096.8,548.4
2024-04-29,P0001,919.7,1096.8,548.4
2024-04-30,P0001,832.7,1096.8,548.4
2024-05-01,P0001,739.7,1096.8,548.4
2024-05-02,P0001,602.7,1096.8,548.4
2024-05-03,P0001,524.7,1096.8,548.4
2024-05-04,P0001,504.7,1096.8,548.4
2024-05-05,P0001,457.7,1096.8,548.4
2024-05-06,P0001,457.7,1096.8,548.4
2024-05-07,P0001,452.7,1096.8,548.4
2024-05-08,P0001,404.7,1096.8,548.4
2024-05-09,P0001,378.7,1096.8,548.4
2024-05-10,P0001,305.7,1096.8,548.4
2024-05-11,P0001,305.7,1096.8,548.4
2024-05-12,P0001,281.7,1096.8,548.4
2024-05-13,P0001,256.7,1096.8,548.4
2024-05-14,P0001,195.7,1096.8,548.4
2024-05-15,P0001,123.7,1096.8,548.4
2024-05-16,P0001,69.7,1096.8,548.4
2024-05-17,P0001,69.7,1096.8,548.4
2024-05-18,P0001,26.7,1096.8,548.4
2024-05-19,P0001,1494.7,1096.8,548.4
2024-05-20,P0001,1494.7,1096.8,548.4
2024-05-21,P0001,1382.7,1096.8,548.4
2024-05-22,P0001,1311.7,1096.8,548.4
2024-05-23,P0001,1277.7,1096.8,548.4
2024-05-24,P0001,1094.7,1096.8,548.4
2024-05-25,P0001,1068.7,1096.8,548.4
2024-05-26,P0001,1005.7,1096.8,548.4
2024-05-27,P0001,950.7,1096.8,548.4
2024-05-28,P0001,886.7,1096.8,548.4
2024-05-29,P0001,824.7,1096.8,548.4
2024-05-30,P0001,790.7,1096.8,548.4
2024-05-31,P0001,790.7,1096.8,548.4
2024-06-01,P0001,722.7,1096.8,548.4
2024-06-02,P0001,722.7,1096.8,548.4
2024-06-03,P0001,658.7,1096.8,548.4
2024-06-04,P0001,595.7,1096.8,548.4
2024-06-05,P0001,497.7,1096.8,548.4
2024-06-06,P0001,467.7,1096.8,548.4
2024-06-07,P0001,410.7,1096.8,548.4
2024-06-08,P0001,391.7,1096.8,548.4
2024-06-09,P0001,391.7,1096.8,548.4
2024-06-10,P0001,370.7,1096.8,548.4
2024-06-11,P0001,274.7,1096.8,548.4
2024-06-12,P0001,274.7,1096.8,548.4
2024-06-13,P0001,1628.7,1096.8,548.4
2024-06-14,P0001,1602.7,1096.8,548.4
2024-06-15,P0001,1586.7,1096.8,548.4
2024-06-16,P0001,1494.7,1096.8,548.4
2024-06-17,P0001,1406.7,1096.8,548.4
2024-06-18,P0001,1334.7,1096.8,548.4
2024-06-19,P0001,1243.7,1096.8,548.4
2024-06-20,P0001,1114.7,1096.8,548.4
2024-06-21,P0001,957.7,1096.8,548.4
2024-06-22,P0001,950.7,1096.8,548.4
2024-06-23,P0001,897.7,1096.8,548.4
2024-06-24,P0001,897.7,1096.8,548.4
2024-06-25,P0001,735.7,1096.8,548.4
2024-06-26,P0001,618.7,1096.8,548.4
2024-06-27,P0001,618.7,1096.8,548.4
2024-06-28,P0001,587.7,1096.8,548.4
2024-06-29,P0001,587.7,1096.8,548.4
2024-06-30,P0001,537.7,1096.8,548.4
2024-07-01,P0001,511.7,1096.8,548.4
2024-07-02,P0001,498.7,1096.8,548.4
2024-07-03,P0001,413.7,1096.8,548.4
2024-07-04,P0001,327.7,1096.8,548.4
2024-07-05,P0001,232.7,1096.8,548.4
2024-07-06,P0001,145.7,1096.8,548.4
2024-07-07,P0001,139.7,1096.8,548.4
2024-07-08,P0001,51.7,1096.8,548.4
2024-07-09,P0001,0.0,1096.8,548.4
2024-07-10,P0001,0.0,1096.8,548.4
2024-07-11,P0001,1439.0,1096.8,548.4
2024-07-12,P0001,1342.0,1096.8,548.4
2024-07-13,P0001,1312.0,1096.8,548.4
2024-07-14,P0001,1238.0,1096.8,548.4
2024-07-15,P0001,1200.0,1096.8,548.4
2024-07-16,P0001,1150.0,1096.8,548.4
2024-07-17,P0001,1140.0,1096.8,548.4
2024-07-18,P0001,1115.0,1096.8,548.4
2024-07-19,P0001,1016.0,1096.8,548.4
2024-07-20,P0001,995.0,1096.8,548.4
2024-07-21,P0001,963.0,1096.8,548.4
2024-07-22,P0001,769.0,1096.8,548.4
2024-07-23,P0001,769.0,1096.8,548.4
2024-07-24,P0001,761.0,1096.8,548.4
2024-07-25,P0001,591.0,1096.8,548.4
2024-07-26,P0001,557.0,1096.8,548.4
2024-07-27,P0001,512.0,1096.8,548.4
2024-07-28,P0001,476.0,1096.8,548.4
2024-07-29,P0001,397.0,1096.8,548.4
2024-07-30,P0001,332.0,1096.8,548.4
2024-07-31,P0001,265.0,1096.8,548.4
2024-08-01,P0001,265.0,1096.8,548.4
2024-08-02,P0001,226.0,1096.8,548.4
2024-08-03,P0001,181.0,1096.8,548.4
2024-08-04,P0001,163.0,1096.8,548.4
2024-08-05,P0001,0.0,1096.8,548.4
2024-08-06,P0001,0.0,1096.8,548.4
2024-08-07,P0001,0.0,1096.8,548.4
2024-08-08,P0001,1408.7,1096.8,548.4
2024-08-09,P0001,1399.7,1096.8,548.4
2024-08-10,P0001,1378.7,1096.8,548.4
2024-08-11,P0001,1342.7,1096.8,548.4
2024-08-12,P0001,1296.7,1096.8,548.4
2024-08-13,P0001,1152.7,1096.8,548.4
2024-08-14,P0001,1038.7,1096.8,548.4
2024-08-15,P0001,957.7,1096.8,548.4
2024-08-16,P0001,957.7,1096.8,548.4
2024-08-17,P0001,914.7,1096.8,548.4
2024-08-18,P0001,851.7,1096.8,548.4
2024-08-19,P0001,829.7,1096.8,548.4
2024-08-20,P0001,782.7,1096.8,548.4
2024-08-21,P0001,759.7,1096.8,548.4
2024-08-22,P0001,723.7,1096.8,548.4
2024-08-23,P0001,687.7,1096.8,548.4
2024-08-24,P0001,687.7,1096.8,548.4
2024-08-25,P0001,652.7,1096.8,548.4
2024-08-26,P0001,549.7,1096.8,548.4
2024-08-27,P0001,544.7,1096.8,548.4
2024-08-28,P0001,448.7,1096.8,548.4
2024-08-29,P0001,387.7,1096.8,548.4
2024-08-30,P0001,192.7,1096.8,548.4
2024-08-31,P0001,192.7,1096.8,548.4
2024-09-01,P0001,192.7,1096.8,548.4
2024-09-02,P0001,139.7,1096.8,548.4
2024-09-03,P0001,1428.7,1096.8,548.4
2024-09-04,P0001,1403.7,1096.8,548.4
2024-09-05,P0001,1372.7,1096.8,548.4
2024-09-06,P0001,1183.7,1096.8,548.4
2024-09-07,P0001,1163.7,1096.8,548.4
2024-09-08,P0001,1163.7,1096.8,548.4
2024-09-09,P0001,1114.7,1096.8,548.4
2024-09-10,P0001,1091.7,1096.8,548.4
2024-09-11,P0001,1011.7,1096.8,548.4
2024-09-12,P0001,864.7,1096.8,548.4
2024-09-13,P0001,717.7,1096.8,548.4
2024-09-14,P0001,689.7,1096.8,548.4
2024-09-15,P0001,670.7,1096.8,548.4
2024-09-16,P0001,604.7,1096.8,548.4
2024-09-17,P0001,540.7,1096.8,548.4
2024-09-18,P0001,519.7,1096.8,548.4
2024-09-19,P0001,467.7,1096.8,548.4
2024-09-20,P0001,422.7,1096.8,548.4
2024-09-21,P0001,422.7,1096.8,548.4
2024-09-22,P0001,400.7,1096.8,548.4
2024-09-23,P0001,358.7,1096.8,548.4
2024-09-24,P0001,358.7,1096.8,548.4
2024-09-25,P0001,264.7,1096.8,548.4
2024-09-26,P0001,229.7,1096.8,548.4
2024-09-27,P0001,159.7,1096.8,548.4
2024-09-28,P0001,114.7,1096.8,548.4
2024-09-29,P0001,42.7,1096.8,548.4
2024-09-30,P0001,1375.7,1096.8,548.4
2024-10-01,P0001,1300.7,1096.8,548.4
2024-10-02,P0001,1266.7,1096.8,548.4
2024-10-03,P0001,1238.7,1096.8,548.4
2024-10-04,P0001,1136.7,1096.8,548.4
2024-10-05,P0001,1136.7,1096.8,548.4
2024-10-06,P0001,1096.7,1096.8,548.4
2024-10-07,P0001,1052.7,1096.8,548.4
2024-10-08,P0001,1007.7,1096.8,548.4
2024-10-09,P0001,899.7,1096.8,548.4
2024-10-10,P0001,899.7,1096.8,548.4
2024-10-11,P0001,826.7,1096.8,548.4
2024-10-12,P0001,801.7,1096.8,548.4
2024-10-13,P0001,801.7,1096.8,548.4
2024-10-14,P0001,676.7,1096.8,548.4
2024-10-15,P0001,585.7,1096.8,548.4
2024-10-16,P0001,497.7,1096.8,548.4
2024-10-17,P0001,303.7,1096.8,548.4
2024-10-18,P0001,261.7,1096.8,548.4
2024-10-19,P0001,221.7,1096.8,548.4
2024-10-20,P0001,197.7,1096.8,548.4
2024-10-21,P0001,96.7,1096.8,548.4
2024-10-22,P0001,70.7,1096.8,548.4
2024-10-23,P0001,21.7,1096.8,548.4
2024-10-24,P0001,0.0,1096.8,548.4
2024-10-25,P0001,0.0,1096.8,548.4
2024-10-26,P0001,1354.0,1096.8,548.4
2024-10-27,P0001,1354.0,1096.8,548.4
2024-10-28,P0001,1335.0,1096.8,548.4
2024-10-29,P0001,1284.0,1096.8,548.4
2024-10-30,P0001,1216.0,1096.8,548.4
2024-10-31,P0001,1195.0,1096.8,548.4
2024-11-01,P0001,1129.0,1096.8,548.4
2024-11-02,P0001,1115.0,1096.8,548.4
2024-11-03,P0001,1003.0,1096.8,548.4
2024-11-04,P0001,987.0,1096.8,548.4
2024-11-05,P0001,944.0,1096.8,548.4
2024-11-06,P0001,845.0,1096.8,548.4
2024-11-07,P0001,795.0,1096.8,548.4
2024-11-08,P0001,704.0,1096.8,548.4
2024-11-09,P0001,696.0,1096.8,548.4
2024-11-10,P0001,696.0,1096.8,548.4
2024-11-11,P0001,595.0,1096.8,548.4
2024-11-12,P0001,464.0,1096.8,548.4
2024-11-13,P0001,369.0,1096.8,548.4
2024-11-14,P0001,307.0,1096.8,548.4
2024-11-15,P0001,276.0,1096.8,548.4
2024-11-16,P0001,276.0,1096.8,548.4
2024-11-17,P0001,276.0,1096.8,548.4
2024-11-18,P0001,181.0,1096.8,548.4
2024-11-19,P0001,181.0,1096.8,548.4
2024-11-20,P0001,40.0,1096.8,548.4
2024-11-21,P0001,0.0,1096.8,548.4
2024-11-22,P0001,0.0,1096.8,548.4
2024-11-23,P0001,1387.7,1096.8,548.4
2024-11-24,P0001,1307.7,1096.8,548.4
2024-11-25,P0001,1226.7,1096.8,548.4
2024-11-26,P0001,1068.7,1096.8,548.4
2024-11-27,P0001,974.7,1096.8,548.4
2024-11-28,P0001,969.7,1096.8,548.4
2024-11-29,P0001,961.7,1096.8,548.4
2024-11-30,P0001,890.7,1096.8,548.4
2024-12-01,P0001,844.7,1096.8,548.4
2024-12-02,P0001,767.7,1096.8,548.4
2024-12-03,P0001,713.7,1096.8,548.4
2024-12-04,P0001,669.7,1096.8,548.4
2024-12-05,P0001,579.7,1096.8,548.4
2024-12-06,P0001,480.7,1096.8,548.4
2024-12-07,P0001,400.7,1096.8,548.4
2024-12-08,P0001,400.7,1096.8,548.4
2024-12-09,P0001,306.7,1096.8,548.4
2024-12-10,P0001,222.7,1096.8,548.4
2024-12-11,P0001,96.7,1096.8,548.4
2024-12-12,P0001,64.7,1096.8,548.4
2024-12-13,P0001,43.7,1096.8,548.4
2024-12-14,P0001,4.7,1096.8,548.4
2024-12-15,P0001,0.0,1096.8,548.4
2024-12-16,P0001,1346.0,1096.8,548.4
2024-12-17,P0001,1233.0,1096.8,548.4
2024-12-18,P0001,1122.0,1096.8,548.4
2024-12-19,P0001,1058.0,1096.8,548.4
2024-12-20,P0001,940.0,1096.8,548.4
2024-12-21,P0001,929.0,1096.8,548.4
2024-12-22,P0001,901.0,1096.8,548.4
2024-12-23,P0001,874.0,1096.8,548.4
2024-12-24,P0001,842.0,1096.8,548.4
2024-12-25,P0001,767.0,1096.8,548.4
2024-12-26,P0001,729.0,1096.8,548.4
2024-12-27,P0001,710.0,1096.8,548.4
2024-12-28,P0001,639.0,1096.8,548.4
2024-12-29,P0001,608.0,1096.8,548.4
2024-12-30,P0001,608.0,1096.8,548.4
2024-12-31,P0001,608.0,1096.8,548.4
2025-01-01,P0001,527.0,1096.8,548.4
2025-01-02,P0001,521.0,1096.8,548.4
2025-01-03,P0001,496.0,1096.8,548.4
2025-01-04,P0001,465.0,1096.8,548.4
2025-01-05,P0001,377.0,1096.8,548.4
2025-01-06,P0001,341.0,1096.8,548.4
2025-01-07,P0001,270.0,1096.8,548.4
2025-01-08,P0001,1632.7,1096.8,548.4
2025-01-09,P0001,1632.7,1096.8,548.4
2025-01-10,P0001,1632.7,1096.8,548.4
2025-01-11,P0001,1530.7,1096.8,548.4
2025-01-12,P0001,1493.7,1096.8,548.4
2025-01-13,P0001,1420.7,1096.8,548.4
2025-01-14,P0001,1356.7,1096.8,548.4
2025-01-15,P0001,1356.7,1096.8,548.4
2025-01-16,P0001,1356.7,1096.8,548.4
2025-01-17,P0001,1298.7,1096.8,548.4
2025-01-18,P0001,1253.7,1096.8,548.4
2025-01-19,P0001,1253.7,1096.8,548.4
2025-01-20,P0001,1253.7,1096.8,548.4
2025-01-21,P0001,1253.7,1096.8,548.4
2025-01-22,P0001,1232.7,1096.8,548.4
2025-01-23,P0001,1141.7,1096.8,548.4
2025-01-24,P0001,1131.7,1096.8,548.4
2025-01-25,P0001,1131.7,1096.8,548.4
2025-01-26,P0001,1110.7,1096.8,548.4
2025-01-27,P0001,1110.7,1096.8,548.4
2025-01-28,P0001,1110.7,1096.8,548.4
2025-01-29,P0001,1080.7,1096.8,548.4
2025-01-30,P0001,1080.7,1096.8,548.4
2025-01-31,P0001,1043.7,1096.8,548.4
2025-02-01,P0001,1043.7,1096.8,548.4
2025-02-02,P0001,1043.7,1096.8,548.4
2025-02-03,P0001,1043.7,1096.8,548.4
2025-02-04,P0001,970.7,1096.8,548.4
2025-02-05,P0001,970.7,1096.8,548.4
2025-02-06,P0001,938.7,1096.8,548.4
2025-02-07,P0001,938.7,1096.8,548.4
2025-02-08,P0001,938.7,1096.8,548.4
2025-02-09,P0001,938.7,1096.8,548.4
2025-02-10,P0001,881.7,1096.8,548.4
2025-02-11,P0001,832.7,1096.8,548.4
2025-02-12,P0001,707.7,1096.8,548.4
2025-02-13,P0001,666.7,1096.8,548.4
2025-02-14,P0001,640.7,1096.8,548.4
2025-02-15,P0001,599.7,1096.8,548.4
2025-02-16,P0001,580.7,1096.8,548.4
2025-02-17,P0001,503.7,1096.8,548.4
2025-02-18,P0001,1864.7,1096.8,548.4
2025-02-19,P0001,1825.7,1096.8,548.4
2025-02-20,P0001,1720.7,1096.8,548.4
2025-02-21,P0001,1496.7,1096.8,548.4
2025-02-22,P0001,1414.7,1096.8,548.4
2025-02-23,P0001,1379.7,1096.8,548.4
2025-02-24,P0001,1317.7,1096.8,548.4
2025-02-25,P0001,1222.7,1096.8,548.4
2025-02-26,P0001,1146.7,1096.8,548.4
2025-02-27,P0001,1146.7,1096.8,548.4
2025-02-28,P0001,1081.7,1096.8,548.4
2025-03-01,P0001,1081.7,1096.8,548.4
2025-03-02,P0001,1081.7,1096.8,548.4
2025-03-03,P0001,1040.7,1096.8,548.4
2025-03-04,P0001,933.7,1096.8,548.4
2025-03-05,P0001,857.7,1096.8,548.4
2025-03-06,P0001,753.7,1096.8,548.4
2025-03-07,P0001,725.7,1096.8,548.4
2025-03-08,P0001,676.7,1096.8,548.4
2025-03-09,P0001,629.7,1096.8,548.4
2025-03-10,P0001,534.7,1096.8,548.4
2025-03-11,P0001,469.7,1096.8,548.4
2025-03-12,P0001,279.7,1096.8,548.4
2025-03-13,P0001,228.7,1096.8,548.4
2025-03-14,P0001,182.7,1096.8,548.4
2025-03-15,P0001,157.7,1096.8,548.4
2025-03-16,P0001,110.7,1096.8,548.4
2025-03-17,P0001,110.7,1096.8,548.4
2025-03-18,P0001,110.7,1096.8,548.4
2025-03-19,P0001,25.7,1096.8,548.4
2025-03-20,P0001,1348.7,1096.8,548.4
2025-03-21,P0001,1251.7,1096.8,548.4
2025-03-22,P0001,1210.7,1096.8,548.4
2025-03-23,P0001,1133.7,1096.8,548.4
2025-03-24,P0001,1133.7,1096.8,548.4
2025-03-25,P0001,1081.7,1096.8,548.4
2025-03-26,P0001,1002.7,1096.8,548.4
2025-03-27,P0001,1002.7,1096.8,548.4
2025-03-28,P0001,1002.7,1096.8,548.4
2025-03-29,P0001,980.7,1096.8,548.4
2025-03-30,P0001,896.7,1096.8,548.4
2025-03-31,P0001,754.7,1096.8,548.4
2025-04-01,P0001,676.7,1096.8,548.4
2025-04-02,P0001,527.7,1096.8,548.4
2025-04-03,P0001,506.7,1096.8,548.4
2025-04-04,P0001,506.7,1096.8,548.4
2025-04-05,P0001,506.7,1096.8,548.4
2025-04-06,P0001,492.7,1096.8,548.4
2025-04-07,P0001,436.7,1096.8,548.4
2025-04-08,P0001,436.7,1096.8,548.4
2025-04-09,P0001,385.7,1096.8,548.4
2025-04-10,P0001,257.7,1096.8,548.4
2025-04-11,P0001,207.7,1096.8,548.4
2025-04-12,P0001,165.7,1096.8,548.4
2025-04-13,P0001,135.7,1096.8,548.4
2025-04-14,P0001,1477.7,1096.8,548.4
2025-04-15,P0001,1386.7,1096.8,548.4
2025-04-16,P0001,1294.7,1096.8,548.4
2025-04-17,P0001,1276.7,1096.8,548.4
2025-04-18,P0001,1262.7,1096.8,548.4
2025-04-19,P0001,1262.7,1096.8,548.4
2025-04-20,P0001,1155.7,1096.8,548.4
2025-04-21,P0001,1118.7,1096.8,548.4
2025-04-22,P0001,1084.7,1096.8,548.4
2025-04-23,P0001,1018.7,1096.8,548.4
2025-04-24,P0001,910.7,1096.8,548.4
2025-04-25,P0001,881.7,1096.8,548.4
2025-04-26,P0001,881.7,1096.8,548.4
2025-04-27,P0001,881.7,1096.8,548.4
2025-04-28,P0001,717.7,1096.8,548.4
2025-04-29,P0001,671.7,1096.8,548.4
2025-04-30,P0001,585.7,1096.8,548.4
2025-05-01,P0001,507.7,1096.8,548.4
2025-05-02,P0001,428.7,1096.8,548.4
2025-05-03,P0001,402.7,1096.8,548.4
2025-05-04,P0001,402.7,1096.8,548.4
2025-05-05,P0001,250.7,1096.8,548.4
2025-05-06,P0001,177.7,1096.8,548.4
2025-05-07,P0001,152.7,1096.8,548.4
2025-05-08,P0001,91.7,1096.8,548.4
2025-05-09,P0001,2.7,1096.8,548.4
2025-05-10,P0001,0.0,1096.8,548.4
2025-05-11,P0001,0.0,1096.8,548.4
2025-05-12,P0001,1228.0,1096.8,548.4
2025-05-13,P0001,1152.0,1096.8,548.4
2025-05-14,P0001,1152.0,1096.8,548.4
2025-05-15,P0001,1083.0,1096.8,548.4
2025-05-16,P0001,1008.0,1096.8,548.4
2025-05-17,P0001,945.0,1096.8,548.4
2025-05-18,P0001,945.0,1096.8,548.4
2025-05-19,P0001,927.0,1096.8,548.4
2025-05-20,P0001,860.0,1096.8,548.4
2025-05-21,P0001,851.0,1096.8,548.4
2025-05-22,P0001,790.0,1096.8,548.4
2025-05-23,P0001,666.0,1096.8,548.4
2025-05-24,P0001,637.0,1096.8,548.4
2025-05-25,P0001,607.0,1096.8,548.4
2025-05-26,P0001,509.0,1096.8,548.4
2025-05-27,P0001,437.0,1096.8,548.4
2025-05-28,P0001,328.0,1096.8,548.4
2025-05-29,P0001,299.0,1096.8,548.4
2025-05-30,P0001,277.0,1096.8,548.4
2025-05-31,P0001,246.0,1096.8,548.4
2025-06-01,P0001,226.0,1096.8,548.4
2025-06-02,P0001,190.0,1096.8,548.4
2025-06-03,P0001,49.0,1096.8,548.4
2025-06-04,P0001,1362.7,1096.8,548.4
2025-06-05,P0001,1362.7,1096.8,548.4
2025-06-06,P0001,1264.7,1096.8,548.4
2025-06-07,P0001,1221.7,1096.8,548.4
2025-06-08,P0001,1221.7,1096.8,548.4
2025-06-09,P0001,1185.7,1096.8,548.4
2025-06-10,P0001,1093.7,1096.8,548.4
2025-06-11,P0001,993.7,1096.8,548.4
2025-06-12,P0001,974.7,1096.8,548.4
2025-06-13,P0001,930.7,1096.8,548.4
2025-06-14,P0001,930.7,1096.8,548.4
2025-06-15,P0001,924.7,1096.8,548.4
2025-06-16,P0001,885.7,1096.8,548.4
2025-06-17,P0001,875.7,1096.8,548.4
2025-06-18,P0001,862.7,1096.8,548.4
2025-06-19,P0001,779.7,1096.8,548.4
2025-06-20,P0001,671.7,1096.8,548.4
2025-06-21,P0001,671.7,1096.8,548.4
2025-06-22,P0001,614.7,1096.8,548.4
2025-06-23,P0001,510.7,1096.8,548.4
2025-06-24,P0001,456.7,1096.8,548.4
2025-06-25,P0001,436.7,1096.8,548.4
2025-06-26,P0001,355.7,1096.8,548.4
2025-06-27,P0001,281.7,1096.8,548.4
2025-06-28,P0001,266.7,1096.8,548.4
2025-06-29,P0001,216.7,1096.8,548.4
2025-06-30,P0001,1558.7,1096.8,548.4
2025-07-01,P0001,1506.7,1096.8,548.4
2025-07-02,P0001,1481.7,1096.8,548.4
2025-07-03,P0001,1394.7,1096.8,548.4
2025-07-04,P0001,1338.7,1096.8,548.4
2025-07-05,P0001,1338.7,1096.8,548.4
2025-07-06,P0001,1303.7,1096.8,548.4
2025-07-07,P0001,1283.7,1096.8,548.4
2025-07-08,P0001,1172.7,1096.8,548.4
2025-07-09,P0001,1043.7,1096.8,548.4
2025-07-10,P0001,891.7,1096.8,548.4
2025-07-11,P0001,891.7,1096.8,548.4
2025-07-12,P0001,845.7,1096.8,548.4
2025-07-13,P0001,845.7,1096.8,548.4
2025-07-14,P0001,707.7,1096.8,548.4
2025-07-15,P0001,623.7,1096.8,548.4
2025-07-16,P0001,362.7,1096.8,548.4
2025-07-17,P0001,343.7,1096.8,548.4
2025-07-18,P0001,302.7,1096.8,548.4
2025-07-19,P0001,272.7,1096.8,548.4
2025-07-20,P0001,215.7,1096.8,548.4
2025-07-21,P0001,111.7,1096.8,548.4
2025-07-22,P0001,0.0,1096.8,548.4
2025-07-23,P0001,0.0,1096.8,548.4
2025-07-24,P0001,0.0,1096.8,548.4
2025-07-25,P0001,0.0,1096.8,548.4
2025-07-26,P0001,0.0,1096.8,548.4
2025-07-27,P0001,0.0,1096.8,548.4
2025-07-28,P0001,0.0,1096.8,548.4
2025-07-29,P0001,1324.0,1096.8,548.4
2025-07-30,P0001,1278.0,1096.8,548.4
2025-07-31,P0001,1177.0,1096.8,548.4
2025-08-01,P0001,1080.0,1096.8,548.4
2025-08-02,P0001,1080.0,1096.8,548.4
2025-08-03,P0001,1080.0,1096.8,548.4
2025-08-04,P0001,993.0,1096.8,548.4
2025-08-05,P0001,913.0,1096.8,548.4
2025-08-06,P0001,771.0,1096.8,548.4
2025-08-07,P0001,681.0,1096.8,548.4
2025-08-08,P0001,618.0,1096.8,548.4
2025-08-09,P0001,610.0,1096.8,548.4
2025-08-10,P0001,563.0,1096.8,548.4
2025-08-11,P0001,555.0,1096.8,548.4
2025-08-12,P0001,546.0,1096.8,548.4
2025-08-13,P0001,487.0,1096.8,548.4
2025-08-14,P0001,391.0,1096.8,548.4
2025-08-15,P0001,357.0,1096.8,548.4
2025-08-16,P0001,357.0,1096.8,548.4
2025-08-17,P0001,319.0,1096.8,548.4
2025-08-18,P0001,286.0,1096.8,548.4
2025-08-19,P0001,165.0,1096.8,548.4
2025-08-20,P0001,72.0,1096.8,548.4
2025-08-21,P0001,1345.7,1096.8,548.4
2025-08-22,P0001,1168.7,1096.8,548.4
2025-08-23,P0001,1155.7,1096.8,548.4
2025-08-24,P0001,1123.7,1096.8,548.4
2025-08-25,P0001,1091.7,1096.8,548.4
2025-08-26,P0001,1073.7,1096.8,548.4
2025-08-27,P0001,970.7,1096.8,548.4
2025-08-28,P0001,970.7,1096.8,548.4
2025-08-29,P0001,931.7,1096.8,548.4
2025-08-30,P0001,891.7,1096.8,548.4
2025-08-31,P0001,882.7,1096.8,548.4
2025-09-01,P0001,845.7,1096.8,548.4
2025-09-02,P0001,845.7,1096.8,548.4
2025-09-03,P0001,679.7,1096.8,548.4
2025-09-04,P0001,545.7,1096.8,548.4
2025-09-05,P0001,409.7,1096.8,548.4
2025-09-06,P0001,354.7,1096.8,548.4
2025-09-07,P0001,264.7,1096.8,548.4
2025-09-08,P0001,212.7,1096.8,548.4
2025-09-09,P0001,165.7,1096.8,548.4
2025-09-10,P0001,0.0,1096.8,548.4
2025-09-11,P0001,0.0,1096.8,548.4
2025-09-12,P0001,0.0,1096.8,548.4
2025-09-13,P0001,0.0,1096.8,548.4
2025-09-14,P0001,1299.0,1096.8,548.4
2025-09-15,P0001,1257.0,1096.8,548.4
2025-09-16,P0001,1182.0,1096.8,548.4
2025-09-17,P0001,1012.0,1096.8,548.4
2025-09-18,P0001,914.0,1096.8,548.4
2025-09-19,P0001,809.0,1096.8,548.4
2025-09-20,P0001,809.0,1096.8,548.4
2025-09-21,P0001,809.0,1096.8,548.4
2025-09-22,P0001,749.0,1096.8,548.4
2025-09-23,P0001,749.0,1096.8,548.4
2025-09-24,P0001,715.0,1096.8,548.4
2025-09-25,P0001,630.0,1096.8,548.4
2025-09-26,P0001,630.0,1096.8,548.4
2025-09-27,P0001,548.0,1096.8,548.4
2025-09-28,P0001,548.0,1096.8,548.4
2025-09-29,P0001,508.0,1096.8,548.4
2025-09-30,P0001,499.0,1096.8,548.4
2025-10-01,P0001,470.0,1096.8,548.4
2025-10-02,P0001,368.0,1096.8,548.4
2025-10-03,P0001,250.0,1096.8,548.4
2025-10-04,P0001,209.0,1096.8,548.4
2025-10-05,P0001,180.0,1096.8,548.4
2025-10-06,P0001,102.0,1096.8,548.4
2025-10-07,P0001,1547.7,1096.8,548.4
2025-10-08,P0001,1483.7,1096.8,548.4
2025-10-09,P0001,1458.7,1096.8,548.4
2025-10-10,P0001,1399.7,1096.8,548.4
2025-10-11,P0001,1291.7,1096.8,548.4
2025-10-12,P0001,1291.7,1096.8,548.4
2025-10-13,P0001,1237.7,1096.8,548.4
2025-10-14,P0001,1179.7,1096.8,548.4
2025-10-15,P0001,1127.7,1096.8,548.4
2025-10-16,P0001,993.7,1096.8,548.4
2025-10-17,P0001,976.7,1096.8,548.4
2025-10-18,P0001,932.7,1096.8,548.4
2025-10-19,P0001,895.7,1096.8,548.4
2025-10-20,P0001,837.7,1096.8,548.4
2025-10-21,P0001,826.7,1096.8,548.4
2025-10-22,P0001,758.7,1096.8,548.4
2025-10-23,P0001,620.7,1096.8,548.4
2025-10-24,P0001,604.7,1096.8,548.4
2025-10-25,P0001,604.7,1096.8,548.4
2025-10-26,P0001,604.7,1096.8,548.4
2025-10-27,P0001,516.7,1096.8,548.4
2025-10-28,P0001,379.7,1096.8,548.4
2025-10-29,P0001,280.7,1096.8,548.4
2025-10-30,P0001,169.7,1096.8,548.4
2025-10-31,P0001,123.7,1096.8,548.4
2025-11-01,P0001,24.7,1096.8,548.4
2025-11-02,P0001,5.7,1096.8,548.4
2025-11-03,P0001,0.0,1096.8,548.4
2025-11-04,P0001,0.0,1096.8,548.4
2025-11-05,P0001,1431.0,1096.8,548.4
2025-11-06,P0001,1357.0,1096.8,548.4
2025-11-07,P0001,1349.0,1096.8,548.4
2025-11-08,P0001,1349.0,1096.8,548.4
2025-11-09,P0001,1308.0,1096.8,548.4
2025-11-10,P0001,1230.0,1096.8,548.4
2025-11-11,P0001,1174.0,1096.8,548.4
2025-11-12,P0001,1153.0,1096.8,548.4
2025-11-13,P0001,1016.0,1096.8,548.4
2025-11-14,P0001,948.0,1096.8,548.4
2025-11-15,P0001,942.0,1096.8,548.4
2025-11-16,P0001,942.0,1096.8,548.4
2025-11-17,P0001,923.0,1096.8,548.4
2025-11-18,P0001,826.0,1096.8,548.4
2025-11-19,P0001,795.0,1096.8,548.4
2025-11-20,P0001,686.0,1096.8,548.4
2025-11-21,P0001,612.0,1096.8,548.4
2025-11-22,P0001,612.0,1096.8,548.4
2025-11-23,P0001,570.0,1096.8,548.4
2025-11-24,P0001,446.0,1096.8,548.4
2025-11-25,P0001,409.0,1096.8,548.4
2025-11-26,P0001,278.0,1096.8,548.4
2025-11-27,P0001,163.0,1096.8,548.4
2025-11-28,P0001,145.0,1096.8,548.4
2025-11-29,P0001,112.0,1096.8,548.4
2025-11-30,P0001,91.0,1096.8,548.4
2025-12-01,P0001,23.0,1096.8,548.4
2025-12-02,P0001,5.0,1096.8,548.4
2025-12-03,P0001,1322.7,1096.8,548.4
2025-12-04,P0001,1265.7,1096.8,548.4
2025-12-05,P0001,1245.7,1096.8,548.4
2025-12-06,P0001,1245.7,1096.8,548.4
2025-12-07,P0001,1238.7,1096.8,548.4
2025-12-08,P0001,1226.7,1096.8,548.4
2025-12-09,P0001,1185.7,1096.8,548.4
2025-12-10,P0001,1146.7,1096.8,548.4
2025-12-11,P0001,1016.7,1096.8,548.4
2025-12-12,P0001,959.7,1096.8,548.4
2025-12-13,P0001,872.7,1096.8,548.4
2025-12-14,P0001,872.7,1096.8,548.4
2025-12-15,P0001,834.7,1096.8,548.4
2025-12-16,P0001,770.7,1096.8,548.4
2025-12-17,P0001,608.7,1096.8,548.4
2025-12-18,P0001,444.7,1096.8,548.4
2025-12-19,P0001,431.7,1096.8,548.4
2025-12-20,P0001,379.7,1096.8,548.4
2025-12-21,P0001,356.7,1096.8,548.4
2025-12-22,P0001,287.7,1096.8,548.4
2025-12-23,P0001,226.7,1096.8,548.4
2025-12-24,P0001,164.7,1096.8,548.4
2025-12-25,P0001,84.7,1096.8,548.4
2025-12-26,P0001,0.0,1096.8,548.4
2025-12-27,P0001,0.0,1096.8,548.4
2025-12-28,P0001,0.0,1096.8,548.4
2025-12-29,P0001,0.0,1096.8,548.4
2025-12-30,P0001,0.0,1096.8,548.4
2025-12-31,P0001,1326.0,1096.8,548.4
2023-01-01,P0002,2440.9,1084.9,542.4
2023-01-02,P0002,2400.9,1084.9,542.4
2023-01-03,P0002,2312.9,1084.9,542.4
2023-01-04,P0002,2266.9,1084.9,542.4
2023-01-05,P0002,2192.9,1084.9,542.4
2023-01-06,P0002,2155.9,1084.9,542.4
2023-01-07,P0002,2114.9,1084.9,542.4
2023-01-08,P0002,2033.9,1084.9,542.4
2023-01-09,P0002,1915.9,1084.9,542.4
2023-01-10,P0002,1871.9,1084.9,542.4
2023-01-11,P0002,1836.9,1084.9,542.4
2023-01-12,P0002,1814.9,1084.9,542.4
2023-01-13,P0002,1716.9,1084.9,542.4
2023-01-14,P0002,1660.9,1084.9,542.4
2023-01-15,P0002,1644.9,1084.9,542.4
2023-01-16,P0002,1471.9,1084.9,542.4
2023-01-17,P0002,1403.9,1084.9,542.4
2023-01-18,P0002,1320.9,1084.9,542.4
2023-01-19,P0002,1229.9,1084.9,542.4
2023-01-20,P0002,1200.9,1084.9,542.4
2023-01-21,P0002,1109.9,1084.9,542.4
2023-01-22,P0002,1101.9,1084.9,542.4
2023-01-23,P0002,1053.9,1084.9,542.4
2023-01-24,P0002,980.9,1084.9,542.4
2023-01-25,P0002,916.9,1084.9,542.4
2023-01-26,P0002,770.9,1084.9,542.4
2023-01-27,P0002,641.9,1084.9,542.4
2023-01-28,P0002,641.9,1084.9,542.4
2023-01-29,P0002,606.9,1084.9,542.4
2023-01-30,P0002,599.9,1084.9,542.4
2023-01-31,P0002,582.9,1084.9,542.4
2023-02-01,P0002,516.9,1084.9,542.4
2023-02-02,P0002,472.9,1084.9,542.4
2023-02-03,P0002,449.9,1084.9,542.4
2023-02-04,P0002,407.9,1084.9,542.4
2023-02-05,P0002,320.9,1084.9,542.4
2023-02-06,P0002,287.9,1084.9,542.4
2023-02-07,P0002,219.9,1084.9,542.4
2023-02-08,P0002,61.9,1084.9,542.4
2023-02-09,P0002,61.9,1084.9,542.4
2023-02-10,P0002,16.9,1084.9,542.4
2023-02-11,P0002,11.9,1084.9,542.4
2023-02-12,P0002,1398.9,1084.9,542.4
2023-02-13,P0002,1285.9,1084.9,542.4
2023-02-14,P0002,1233.9,1084.9,542.4
2023-02-15,P0002,1233.9,1084.9,542.4
2023-02-16,P0002,1192.9,1084.9,542.4
2023-02-17,P0002,1131.9,1084.9,542.4
2023-02-18,P0002,1102.9,1084.9,542.4
2023-02-19,P0002,1102.9,1084.9,542.4
2023-02-20,P0002,982.9,1084.9,542.4
2023-02-21,P0002,800.9,1084.9,542.4
2023-02-22,P0002,740.9,1084.9,542.4
2023-02-23,P0002,670.9,1084.9,542.4
2023-02-24,P0002,626.9,1084.9,542.4
2023-02-25,P0002,579.9,1084.9,542.4
2023-02-26,P0002,572.9,1084.9,542.4
2023-02-27,P0002,543.9,1084.9,542.4
2023-02-28,P0002,448.9,1084.9,542.4
2023-03-01,P0002,377.9,1084.9,542.4
2023-03-02,P0002,377.9,1084.9,542.4
2023-03-03,P0002,323.9,1084.9,542.4
2023-03-04,P0002,263.9,1084.9,542.4
2023-03-05,P0002,263.9,1084.9,542.4
2023-03-06,P0002,195.9,1084.9,542.4
2023-03-07,P0002,73.9,1084.9,542.4
2023-03-08,P0002,46.9,1084.9,542.4
2023-03-09,P0002,0.0,1084.9,542.4
2023-03-10,P0002,0.0,1084.9,542.4
2023-03-11,P0002,0.0,1084.9,542.4
2023-03-12,P0002,1433.0,1084.9,542.4
2023-03-13,P0002,1388.0,1084.9,542.4
2023-03-14,P0002,1233.0,1084.9,542.4
2023-03-15,P0002,1153.0,1084.9,542.4
2023-03-16,P0002,928.0,1084.9,542.4
2023-03-17,P0002,797.0,1084.9,542.4
2023-03-18,P0002,743.0,1084.9,542.4
2023-03-19,P0002,743.0,1084.9,542.4
2023-03-20,P0002,579.0,1084.9,542.4
2023-03-21,P0002,579.0,1084.9,542.4
2023-03-22,P0002,506.0,1084.9,542.4
2023-03-23,P0002,480.0,1084.9,542.4
2023-03-24,P0002,469.0,1084.9,542.4
2023-03-25,P0002,469.0,1084.9,542.4
2023-03-26,P0002,469.0,1084.9,542.4
2023-03-27,P0002,302.0,1084.9,542.4
2023-03-28,P0002,192.0,1084.9,542.4
2023-03-29,P0002,135.0,1084.9,542.4
2023-03-30,P0002,45.0,1084.9,542.4
2023-03-31,P0002,0.0,1084.9,542.4
2023-04-01,P0002,0.0,1084.9,542.4
2023-04-02,P0002,0.0,1084.9,542.4
2023-04-03,P0002,0.0,1084.9,542.4
2023-04-04,P0002,0.0,1084.9,542.4
2023-04-05,P0002,1343.9,1084.9,542.4
2023-04-06,P0002,1206.9,1084.9,542.4
2023-04-07,P0002,1149.9,1084.9,542.4
2023-04-08,P0002,1149.9,1084.9,542.4
2023-04-09,P0002,1149.9,1084.9,542.4
2023-04-10,P0002,1010.9,1084.9,542.4
2023-04-11,P0002,968.9,1084.9,542.4
2023-04-12,P0002,876.9,1084.9,542.4
2023-04-13,P0002,775.9,1084.9,542.4
2023-04-14,P0002,761.9,1084.9,542.4
2023-04-15,P0002,739.9,1084.9,542.4
2023-04-16,P0002,721.9,1084.9,542.4
2023-04-17,P0002,663.9,1084.9,542.4
2023-04-18,P0002,514.9,1084.9,542.4
2023-04-19,P0002,350.9,1084.9,542.4
2023-04-20,P0002,339.9,1084.9,542.4
2023-04-21,P0002,316.9,1084.9,542.4
2023-04-22,P0002,316.9,1084.9,542.4
2023-04-23,P0002,249.9,1084.9,542.4
2023-04-24,P0002,238.9,1084.9,542.4
2023-04-25,P0002,126.9,1084.9,542.4
2023-04-26,P0002,73.9,1084.9,542.4
2023-04-27,P0002,27.9,1084.9,542.4
2023-04-28,P0002,0.0,1084.9,542.4
2023-04-29,P0002,0.0,1084.9,542.4
2023-04-30,P0002,1430.0,1084.9,542.4
2023-05-01,P0002,1379.0,1084.9,542.4
2023-05-02,P0002,1363.0,1084.9,542.4
2023-05-03,P0002,1348.0,1084.9,542.4
2023-05-04,P0002,1348.0,1084.9,542.4
2023-05-05,P0002,1348.0,1084.9,542.4
2023-05-06,P0002,1348.0,1084.9,542.4
2023-05-07,P0002,1285.0,1084.9,542.4
2023-05-08,P0002,1221.0,1084.9,542.4
2023-05-09,P0002,1145.0,1084.9,542.4
2023-05-10,P0002,1046.0,1084.9,542.4
2023-05-11,P0002,1046.0,1084.9,542.4
2023-05-12,P0002,1046.0,1084.9,542.4
2023-05-13,P0002,977.0,1084.9,542.4
2023-05-14,P0002,977.0,1084.9,542.4
2023-05-15,P0002,977.0,1084.9,542.4
2023-05-16,P0002,935.0,1084.9,542.4
2023-05-17,P0002,935.0,1084.9,542.4
2023-05-18,P0002,935.0,1084.9,542.4
2023-05-19,P0002,781.0,1084.9,542.4
2023-05-20,P0002,699.0,1084.9,542.4
2023-05-21,P0002,699.0,1084.9,542.4
2023-05-22,P0002,626.0,1084.9,542.4
2023-05-23,P0002,501.0,1084.9,542.4
2023-05-24,P0002,352.0,1084.9,542.4
2023-05-25,P0002,214.0,1084.9,542.4
2023-05-26,P0002,155.0,1084.9,542.4
2023-05-27,P0002,155.0,1084.9,542.4
2023-05-28,P0002,155.0,1084.9,542.4
2023-05-29,P0002,121.0,1084.9,542.4
2023-05-30,P0002,1467.9,1084.9,542.4
2023-05-31,P0002,1354.9,1084.9,542.4
2023-06-01,P0002,1287.9,1084.9,542.4
2023-06-02,P0002,1117.9,1084.9,542.4
2023-06-03,P0002,1117.9,1084.9,542.4
2023-06-04,P0002,1040.9,1084.9,542.4
2023-06-05,P0002,974.9,1084.9,542.4
2023-06-06,P0002,934.9,1084.9,542.4
2023-06-07,P0002,889.9,1084.9,542.4
2023-06-08,P0002,880.9,1084.9,542.4
2023-06-09,P0002,819.9,1084.9,542.4
2023-06-10,P0002,819.9,1084.9,542.4
2023-06-11,P0002,812.9,1084.9,542.4
2023-06-12,P0002,768.9,1084.9,542.4
2023-06-13,P0002,719.9,1084.9,542.4
2023-06-14,P0002,719.9,1084.9,542.4
2023-06-15,P0002,703.9,1084.9,542.4
2023-06-16,P0002,594.9,1084.9,542.4
2023-06-17,P0002,594.9,1084.9,542.4
2023-06-18,P0002,547.9,1084.9,542.4
2023-06-19,P0002,495.9,1084.9,542.4
2023-06-20,P0002,446.9,1084.9,542.4
2023-06-21,P0002,403.9,1084.9,542.4
2023-06-22,P0002,381.9,1084.9,542.4
2023-06-23,P0002,336.9,1084.9,542.4
2023-06-24,P0002,1676.9,1084.9,542.4
2023-06-25,P0002,1676.9,1084.9,542.4
2023-06-26,P0002,1665.9,1084.9,542.4
2023-06-27,P0002,1628.9,1084.9,542.4
2023-06-28,P0002,1606.9,1084.9,542.4
2023-06-29,P0002,1527.9,1084.9,542.4
2023-06-30,P0002,1527.9,1084.9,542.4
2023-07-01,P0002,1490.9,1084.9,542.4
2023-07-02,P0002,1449.9,1084.9,542.4
2023-07-03,P0002,1364.9,1084.9,542.4
2023-07-04,P0002,1329.9,1084.9,542.4
2023-07-05,P0002,1285.9,1084.9,542.4
2023-07-06,P0002,1218.9,1084.9,542.4
2023-07-07,P0002,1163.9,1084.9,542.4
2023-07-08,P0002,1149.9,1084.9,542.4
2023-07-09,P0002,1149.9,1084.9,542.4
2023-07-10,P0002,1134.9,1084.9,542.4
2023-07-11,P0002,1059.9,1084.9,542.4
2023-07-12,P0002,993.9,1084.9,542.4
2023-07-13,P0002,827.9,1084.9,542.4
2023-07-14,P0002,719.9,1084.9,542.4
2023-07-15,P0002,638.9,1084.9,542.4
2023-07-16,P0002,584.9,1084.9,542.4
2023-07-17,P0002,557.9,1084.9,542.4
2023-07-18,P0002,461.9,1084.9,542.4
2023-07-19,P0002,441.9,1084.9,542.4
2023-07-20,P0002,371.9,1084.9,542.4
2023-07-21,P0002,128.9,1084.9,542.4
2023-07-22,P0002,128.9,1084.9,542.4
2023-07-23,P0002,100.9,1084.9,542.4
2023-07-24,P0002,53.9,1084.9,542.4
2023-07-25,P0002,24.9,1084.9,542.4
2023-07-26,P0002,0.0,1084.9,542.4
2023-07-27,P0002,0.0,1084.9,542.4
2023-07-28,P0002,0.0,1084.9,542.4
2023-07-29,P0002,0.0,1084.9,542.4
2023-07-30,P0002,0.0,1084.9,542.4
2023-07-31,P0002,1381.0,1084.9,542.4
2023-08-01,P0002,1308.0,1084.9,542.4
2023-08-02,P0002,1195.0,1084.9,542.4
2023-08-03,P0002,1033.0,1084.9,542.4
2023-08-04,P0002,939.0,1084.9,542.4
2023-08-05,P0002,939.0,1084.9,542.4
2023-08-06,P0002,912.0,1084.9,542.4
2023-08-07,P0002,905.0,1084.9,542.4
2023-08-08,P0002,856.0,1084.9,542.4
2023-08-09,P0002,772.0,1084.9,542.4
2023-08-10,P0002,638.0,1084.9,542.4
2023-08-11,P0002,611.0,1084.9,542.4
2023-08-12,P0002,510.0,1084.9,542.4
2023-08-13,P0002,504.0,1084.9,542.4
2023-08-14,P0002,417.0,1084.9,542.4
2023-08-15,P0002,394.0,1084.9,542.4
2023-08-16,P0002,337.0,1084.9,542.4
2023-08-17,P0002,211.0,1084.9,542.4
2023-08-18,P0002,89.0,1084.9,542.4
2023-08-19,P0002,51.0,1084.9,542.4
2023-08-20,P0002,4.0,1084.9,542.4
2023-08-21,P0002,0.0,1084.9,542.4
2023-08-22,P0002,0.0,1084.9,542.4
2023-08-23,P0002,1204.9,1084.9,542.4
2023-08-24,P0002,1189.9,1084.9,542.4
2023-08-25,P0002,1114.9,1084.9,542.4
2023-08-26,P0002,1114.9,1084.9,542.4
2023-08-27,P0002,1114.9,1084.9,542.4
2023-08-28,P0002,1037.9,1084.9,542.4
2023-08-29,P0002,982.9,1084.9,542.4
2023-08-30,P0002,841.9,1084.9,542.4
2023-08-31,P0002,775.9,1084.9,542.4
2023-09-01,P0002,750.9,1084.9,542.4
2023-09-02,P0002,673.9,1084.9,542.4
2023-09-03,P0002,673.9,1084.9,542.4
2023-09-04,P0002,652.9,1084.9,542.4
2023-09-05,P0002,628.9,1084.9,542.4
2023-09-06,P0002,346.9,1084.9,542.4
2023-09-07,P0002,290.9,1084.9,542.4
2023-09-08,P0002,232.9,1084.9,542.4
2023-09-09,P0002,123.9,1084.9,542.4
2023-09-10,P0002,104.9,1084.9,542.4
2023-09-11,P0002,84.9,1084.9,542.4
2023-09-12,P0002,0.0,1084.9,542.4
2023-09-13,P0002,0.0,1084.9,542.4
2023-09-14,P0002,0.0,1084.9,542.4
2023-09-15,P0002,0.0,1084.9,542.4
2023-09-16,P0002,0.0,1084.9,542.4
2023-09-17,P0002,1381.0,1084.9,542.4
2023-09-18,P0002,1346.0,1084.9,542.4
2023-09-19,P0002,1291.0,1084.9,542.4
2023-09-20,P0002,1273.0,1084.9,542.4
2023-09-21,P0002,1245.0,1084.9,542.4
2023-09-22,P0002,1074.0,1084.9,542.4
2023-09-23,P0002,1074.0,1084.9,542.4
2023-09-24,P0002,1074.0,1084.9,542.4
2023-09-25,P0002,980.0,1084.9,542.4
2023-09-26,P0002,956.0,1084.9,542.4
2023-09-27,P0002,857.0,1084.9,542.4
2023-09-28,P0002,750.0,1084.9,542.4
2023-09-29,P0002,710.0,1084.9,542.4
2023-09-30,P0002,672.0,1084.9,542.4
2023-10-01,P0002,598.0,1084.9,542.4
2023-10-02,P0002,504.0,1084.9,542.4
2023-10-03,P0002,398.0,1084.9,542.4
2023-10-04,P0002,358.0,1084.9,542.4
2023-10-05,P0002,315.0,1084.9,542.4
2023-10-06,P0002,191.0,1084.9,542.4
2023-10-07,P0002,156.0,1084.9,542.4
2023-10-08,P0002,156.0,1084.9,542.4
2023-10-09,P0002,90.0,1084.9,542.4
2023-10-10,P0002,20.0,1084.9,542.4
2023-10-11,P0002,0.0,1084.9,542.4
2023-10-12,P0002,1299.9,1084.9,542.4
2023-10-13,P0002,1274.9,1084.9,542.4
2023-10-14,P0002,1233.9,1084.9,542.4
2023-10-15,P0002,1233.9,1084.9,542.4
2023-10-16,P0002,1149.9,1084.9,542.4
2023-10-17,P0002,1043.9,1084.9,542.4
2023-10-18,P0002,911.9,1084.9,542.4
2023-10-19,P0002,911.9,1084.9,542.4
2023-10-20,P0002,815.9,1084.9,542.4
2023-10-21,P0002,796.9,1084.9,542.4
2023-10-22,P0002,790.9,1084.9,542.4
2023-10-23,P0002,691.9,1084.9,542.4
2023-10-24,P0002,644.9,1084.9,542.4
2023-10-25,P0002,508.9,1084.9,542.4
2023-10-26,P0002,437.9,1084.9,542.4
2023-10-27,P0002,397.9,1084.9,542.4
2023-10-28,P0002,295.9,1084.9,542.4
2023-10-29,P0002,295.9,1084.9,542.4
2023-10-30,P0002,258.9,1084.9,542.4
2023-10-31,P0002,130.9,1084.9,542.4
2023-11-01,P0002,124.9,1084.9,542.4
2023-11-02,P0002,84.9,1084.9,542.4
2023-11-03,P0002,84.9,1084.9,542.4
2023-11-04,P0002,84.9,1084.9,542.4
2023-11-05,P0002,52.9,1084.9,542.4
2023-11-06,P0002,1268.9,1084.9,542.4
2023-11-07,P0002,1164.9,1084.9,542.4
2023-11-08,P0002,1046.9,1084.9,542.4
2023-11-09,P0002,969.9,1084.9,542.4
2023-11-10,P0002,878.9,1084.9,542.4
2023-11-11,P0002,878.9,1084.9,542.4
2023-11-12,P0002,824.9,1084.9,542.4
2023-11-13,P0002,824.9,1084.9,542.4
2023-11-14,P0002,780.9,1084.9,542.4
2023-11-15,P0002,715.9,1084.9,542.4
2023-11-16,P0002,715.9,1084.9,542.4
2023-11-17,P0002,715.9,1084.9,542.4
2023-11-18,P0002,690.9,1084.9,542.4
2023-11-19,P0002,690.9,1084.9,542.4
2023-11-20,P0002,620.9,1084.9,542.4
2023-11-21,P0002,543.9,1084.9,542.4
2023-11-22,P0002,476.9,1084.9,542.4
2023-11-23,P0002,381.9,1084.9,542.4
2023-11-24,P0002,381.9,1084.9,542.4
2023-11-25,P0002,277.9,1084.9,542.4
2023-11-26,P0002,277.9,1084.9,542.4
2023-11-27,P0002,173.9,1084.9,542.4
2023-11-28,P0002,1521.9,1084.9,542.4
2023-11-29,P0002,1473.9,1084.9,542.4
2023-11-30,P0002,1401.9,1084.9,542.4
2023-12-01,P0002,1362.9,1084.9,542.4
2023-12-02,P0002,1362.9,1084.9,542.4
2023-12-03,P0002,1313.9,1084.9,542.4
2023-12-04,P0002,1298.9,1084.9,542.4
2023-12-05,P0002,1108.9,1084.9,542.4
2023-12-06,P0002,1043.9,1084.9,542.4
2023-12-07,P0002,898.9,1084.9,542.4
2023-12-08,P0002,860.9,1084.9,542.4
2023-12-09,P0002,820.9,1084.9,542.4
2023-12-10,P0002,753.9,1084.9,542.4
2023-12-11,P0002,753.9,1084.9,542.4
2023-12-12,P0002,675.9,1084.9,542.4
2023-12-13,P0002,629.9,1084.9,542.4
2023-12-14,P0002,594.9,1084.9,542.4
2023-12-15,P0002,564.9,1084.9,542.4
2023-12-16,P0002,520.9,1084.9,542.4
2023-12-17,P0002,520.9,1084.9,542.4
2023-12-18,P0002,520.9,1084.9,542.4
2023-12-19,P0002,454.9,1084.9,542.4
2023-12-20,P0002,369.9,1084.9,542.4
2023-12-21,P0002,325.9,1084.9,542.4
2023-12-22,P0002,268.9,1084.9,542.4
2023-12-23,P0002,268.9,1084.9,542.4
2023-12-24,P0002,268.9,1084.9,542.4
2023-12-25,P0002,100.9,1084.9,542.4
2023-12-26,P0002,1479.9,1084.9,542.4
2023-12-27,P0002,1437.9,1084.9,542.4
2023-12-28,P0002,1437.9,1084.9,542.4
2023-12-29,P0002,1437.9,1084.9,542.4
2023-12-30,P0002,1408.9,1084.9,542.4
2023-12-31,P0002,1366.9,1084.9,542.4
2024-01-01,P0002,1319.9,1084.9,542.4
2024-01-02,P0002,1278.9,1084.9,542.4
2024-01-03,P0002,1191.9,1084.9,542.4
2024-01-04,P0002,1169.9,1084.9,542.4
2024-01-05,P0002,1114.9,1084.9,542.4
2024-01-06,P0002,1077.9,1084.9,542.4
2024-01-07,P0002,1034.9,1084.9,542.4
2024-01-08,P0002,991.9,1084.9,542.4
2024-01-09,P0002,951.9,1084.9,542.4
2024-01-10,P0002,805.9,1084.9,542.4
2024-01-11,P0002,758.9,1084.9,542.4
2024-01-12,P0002,683.9,1084.9,542.4
2024-01-13,P0002,683.9,1084.9,542.4
2024-01-14,P0002,660.9,1084.9,542.4
2024-01-15,P0002,567.9,1084.9,542.4
2024-01-16,P0002,494.9,1084.9,542.4
2024-01-17,P0002,452.9,1084.9,542.4
2024-01-18,P0002,316.9,1084.9,542.4
2024-01-19,P0002,265.9,1084.9,542.4
2024-01-20,P0002,220.9,1084.9,542.4
2024-01-21,P0002,171.9,1084.9,542.4
2024-01-22,P0002,158.9,1084.9,542.4
2024-01-23,P0002,95.9,1084.9,542.4
2024-01-24,P0002,13.9,1084.9,542.4
2024-01-25,P0002,2.9,1084.9,542.4
2024-01-26,P0002,1297.9,1084.9,542.4
2024-01-27,P0002,1297.9,1084.9,542.4
2024-01-28,P0002,1297.9,1084.9,542.4
2024-01-29,P0002,1273.9,1084.9,542.4
2024-01-30,P0002,1168.9,1084.9,542.4
2024-01-31,P0002,1115.9,1084.9,542.4
2024-02-01,P0002,1048.9,1084.9,542.4
2024-02-02,P0002,1048.9,1084.9,542.4
2024-02-03,P0002,1048.9,1084.9,542.4
2024-02-04,P0002,1048.9,1084.9,542.4
2024-02-05,P0002,1014.9,1084.9,542.4
2024-02-06,P0002,967.9,1084.9,542.4
2024-02-07,P0002,951.9,1084.9,542.4
2024-02-08,P0002,866.9,1084.9,542.4
2024-02-09,P0002,776.9,1084.9,542.4
2024-02-10,P0002,734.9,1084.9,542.4
2024-02-11,P0002,734.9,1084.9,542.4
2024-02-12,P0002,624.9,1084.9,542.4
2024-02-13,P0002,554.9,1084.9,542.4
2024-02-14,P0002,479.9,1084.9,542.4
2024-02-15,P0002,437.9,1084.9,542.4
2024-02-16,P0002,407.9,1084.9,542.4
2024-02-17,P0002,395.9,1084.9,542.4
2024-02-18,P0002,395.9,1084.9,542.4
2024-02-19,P0002,303.9,1084.9,542.4
2024-02-20,P0002,162.9,1084.9,542.4
2024-02-21,P0002,1537.9,1084.9,542.4
2024-02-22,P0002,1537.9,1084.9,542.4
2024-02-23,P0002,1521.9,1084.9,542.4
2024-02-24,P0002,1431.9,1084.9,542.4
2024-02-25,P0002,1402.9,1084.9,542.4
2024-02-26,P0002,1357.9,1084.9,542.4
2024-02-27,P0002,1227.9,1084.9,542.4
2024-02-28,P0002,1119.9,1084.9,542.4
2024-02-29,P0002,1050.9,1084.9,542.4
2024-03-01,P0002,1002.9,1084.9,542.4
2024-03-02,P0002,995.9,1084.9,542.4
2024-03-03,P0002,981.9,1084.9,542.4
2024-03-04,P0002,964.9,1084.9,542.4
2024-03-05,P0002,919.9,1084.9,542.4
2024-03-06,P0002,850.9,1084.9,542.4
2024-03-07,P0002,804.9,1084.9,542.4
2024-03-08,P0002,804.9,1084.9,542.4
2024-03-09,P0002,804.9,1084.9,542.4
2024-03-10,P0002,749.9,1084.9,542.4
2024-03-11,P0002,690.9,1084.9,542.4
2024-03-12,P0002,690.9,1084.9,542.4
2024-03-13,P0002,612.9,1084.9,542.4
2024-03-14,P0002,561.9,1084.9,542.4
2024-03-15,P0002,527.9,1084.9,542.4
2024-03-16,P0002,527.9,1084.9,542.4
2024-03-17,P0002,487.9,1084.9,542.4
2024-03-18,P0002,393.9,1084.9,542.4
2024-03-19,P0002,344.9,1084.9,542.4
2024-03-20,P0002,1695.9,1084.9,542.4
2024-03-21,P0002,1660.9,1084.9,542.4
2024-03-22,P0002,1598.9,1084.9,542.4
2024-03-23,P0002,1534.9,1084.9,542.4
2024-03-24,P0002,1528.9,1084.9,542.4
2024-03-25,P0002,1439.9,1084.9,542.4
2024-03-26,P0002,1330.9,1084.9,542.4
2024-03-27,P0002,1330.9,1084.9,542.4
2024-03-28,P0002,1330.9,1084.9,542.4
2024-03-29,P0002,1170.9,1084.9,542.4
2024-03-30,P0002,1143.9,1084.9,542.4
2024-03-31,P0002,1143.9,1084.9,542.4
2024-04-01,P0002,1085.9,1084.9,542.4
2024-04-02,P0002,1029.9,1084.9,542.4
2024-04-03,P0002,982.9,1084.9,542.4
2024-04-04,P0002,952.9,1084.9,542.4
2024-04-05,P0002,859.9,1084.9,542.4
2024-04-06,P0002,859.9,1084.9,542.4
2024-04-07,P0002,859.9,1084.9,542.4
2024-04-08,P0002,839.9,1084.9,542.4
2024-04-09,P0002,805.9,1084.9,542.4
2024-04-10,P0002,756.9,1084.9,542.4
2024-04-11,P0002,726.9,1084.9,542.4
2024-04-12,P0002,719.9,1084.9,542.4
2024-04-13,P0002,642.9,1084.9,542.4
2024-04-14,P0002,642.9,1084.9,542.4
2024-04-15,P0002,567.9,1084.9,542.4
2024-04-16,P0002,524.9,1084.9,542.4
2024-04-17,P0002,466.9,1084.9,542.4
2024-04-18,P0002,341.9,1084.9,542.4
2024-04-19,P0002,341.9,1084.9,542.4
2024-04-20,P0002,341.9,1084.9,542.4
2024-04-21,P0002,341.9,1084.9,542.4
2024-04-22,P0002,1720.9,1084.9,542.4
2024-04-23,P0002,1588.9,1084.9,542.4
2024-04-24,P0002,1588.9,1084.9,542.4
2024-04-25,P0002,1534.9,1084.9,542.4
2024-04-26,P0002,1413.9,1084.9,542.4
2024-04-27,P0002,1372.9,1084.9,542.4
2024-04-28,P0002,1322.9,1084.9,542.4
2024-04-29,P0002,1268.9,1084.9,542.4
2024-04-30,P0002,1202.9,1084.9,542.4
2024-05-01,P0002,1034.9,1084.9,542.4
2024-05-02,P0002,905.9,1084.9,542.4
2024-05-03,P0002,814.9,1084.9,542.4
2024-05-04,P0002,744.9,1084.9,542.4
2024-05-05,P0002,696.9,1084.9,542.4
2024-05-06,P0002,689.9,1084.9,542.4
2024-05-07,P0002,611.9,1084.9,542.4
2024-05-08,P0002,524.9,1084.9,542.4
2024-05-09,P0002,350.9,1084.9,542.4
2024-05-10,P0002,305.9,1084.9,542.4
2024-05-11,P0002,305.9,1084.9,542.4
2024-05-12,P0002,237.9,1084.9,542.4
2024-05-13,P0002,178.9,1084.9,542.4
2024-05-14,P0002,142.9,1084.9,542.4
2024-05-15,P0002,48.9,1084.9,542.4
2024-05-16,P0002,48.9,1084.9,542.4
2024-05-17,P0002,0.0,1084.9,542.4
2024-05-18,P0002,0.0,1084.9,542.4
2024-05-19,P0002,0.0,1084.9,542.4
2024-05-20,P0002,0.0,1084.9,542.4
2024-05-21,P0002,1401.0,1084.9,542.4
2024-05-22,P0002,1401.0,1084.9,542.4
2024-05-23,P0002,1324.0,1084.9,542.4
2024-05-24,P0002,1280.0,1084.9,542.4
2024-05-25,P0002,1265.0,1084.9,542.4
2024-05-26,P0002,1223.0,1084.9,542.4
2024-05-27,P0002,1156.0,1084.9,542.4
2024-05-28,P0002,1156.0,1084.9,542.4
2024-05-29,P0002,1026.0,1084.9,542.4
2024-05-30,P0002,1006.0,1084.9,542.4
2024-05-31,P0002,993.0,1084.9,542.4
2024-06-01,P0002,972.0,1084.9,542.4
2024-06-02,P0002,972.0,1084.9,542.4
2024-06-03,P0002,942.0,1084.9,542.4
2024-06-04,P0002,898.0,1084.9,542.4
2024-06-05,P0002,857.0,1084.9,542.4
2024-06-06,P0002,735.0,1084.9,542.4
2024-06-07,P0002,652.0,1084.9,542.4
2024-06-08,P0002,652.0,1084.9,542.4
2024-06-09,P0002,652.0,1084.9,542.4
2024-06-10,P0002,618.0,1084.9,542.4
2024-06-11,P0002,618.0,1084.9,542.4
2024-06-12,P0002,530.0,1084.9,542.4
2024-06-13,P0002,480.0,1084.9,542.4
2024-06-14,P0002,400.0,1084.9,542.4
2024-06-15,P0002,359.0,1084.9,542.4
2024-06-16,P0002,359.0,1084.9,542.4
2024-06-17,P0002,179.0,1084.9,542.4
2024-06-18,P0002,1509.9,1084.9,542.4
2024-06-19,P0002,1509.9,1084.9,542.4
2024-06-20,P0002,1387.9,1084.9,542.4
2024-06-21,P0002,1353.9,1084.9,542.4
2024-06-22,P0002,1304.9,1084.9,542.4
2024-06-23,P0002,1304.9,1084.9,542.4
2024-06-24,P0002,1295.9,1084.9,542.4
2024-06-25,P0002,1115.9,1084.9,542.4
2024-06-26,P0002,1071.9,1084.9,542.4
2024-06-27,P0002,1027.9,1084.9,542.4
2024-06-28,P0002,1027.9,1084.9,542.4
2024-06-29,P0002,997.9,1084.9,542.4
2024-06-30,P0002,971.9,1084.9,542.4
2024-07-01,P0002,884.9,1084.9,542.4
2024-07-02,P0002,830.9,1084.9,542.4
2024-07-03,P0002,697.9,1084.9,542.4
2024-07-04,P0002,697.9,1084.9,542.4
2024-07-05,P0002,531.9,1084.9,542.4
2024-07-06,P0002,452.9,1084.9,542.4
2024-07-07,P0002,411.9,1084.9,542.4
2024-07-08,P0002,411.9,1084.9,542.4
2024-07-09,P0002,315.9,1084.9,542.4
2024-07-10,P0002,214.9,1084.9,542.4
2024-07-11,P0002,130.9,1084.9,542.4
2024-07-12,P0002,48.9,1084.9,542.4
2024-07-13,P0002,43.9,1084.9,542.4
2024-07-14,P0002,0.0,1084.9,542.4
2024-07-15,P0002,0.0,1084.9,542.4
2024-07-16,P0002,1294.0,1084.9,542.4
2024-07-17,P0002,1294.0,1084.9,542.4
2024-07-18,P0002,1273.0,1084.9,542.4
2024-07-19,P0002,1222.0,1084.9,542.4
2024-07-20,P0002,1148.0,1084.9,542.4
2024-07-21,P0002,1119.0,1084.9,542.4
2024-07-22,P0002,1087.0,1084.9,542.4
2024-07-23,P0002,1061.0,1084.9,542.4
2024-07-24,P0002,1061.0,1084.9,542.4
2024-07-25,P0002,1042.0,1084.9,542.4
2024-07-26,P0002,999.0,1084.9,542.4
2024-07-27,P0002,999.0,1084.9,542.4
2024-07-28,P0002,967.0,1084.9,542.4
2024-07-29,P0002,951.0,1084.9,542.4
2024-07-30,P0002,911.0,1084.9,542.4
2024-07-31,P0002,691.0,1084.9,542.4
2024-08-01,P0002,574.0,1084.9,542.4
2024-08-02,P0002,574.0,1084.9,542.4
2024-08-03,P0002,574.0,1084.9,542.4
2024-08-04,P0002,492.0,1084.9,542.4
2024-08-05,P0002,439.0,1084.9,542.4
2024-08-06,P0002,307.0,1084.9,542.4
2024-08-07,P0002,261.0,1084.9,542.4
2024-08-08,P0002,169.0,1084.9,542.4
2024-08-09,P0002,146.0,1084.9,542.4
2024-08-10,P0002,146.0,1084.9,542.4
2024-08-11,P0002,146.0,1084.9,542.4
2024-08-12,P0002,1514.9,1084.9,542.4
2024-08-13,P0002,1504.9,1084.9,542.4
2024-08-14,P0002,1462.9,1084.9,542.4
2024-08-15,P0002,1373.9,1084.9,542.4
2024-08-16,P0002,1337.9,1084.9,542.4
2024-08-17,P0002,1288.9,1084.9,542.4
2024-08-18,P0002,1263.9,1084.9,542.4
2024-08-19,P0002,1187.9,1084.9,542.4
2024-08-20,P0002,1113.9,1084.9,542.4
2024-08-21,P0002,980.9,1084.9,542.4
2024-08-22,P0002,863.9,1084.9,542.4
2024-08-23,P0002,814.9,1084.9,542.4
2024-08-24,P0002,768.9,1084.9,542.4
2024-08-25,P0002,673.9,1084.9,542.4
2024-08-26,P0002,625.9,1084.9,542.4
2024-08-27,P0002,523.9,1084.9,542.4
2024-08-28,P0002,391.9,1084.9,542.4
2024-08-29,P0002,316.9,1084.9,542.4
2024-08-30,P0002,296.9,1084.9,542.4
2024-08-31,P0002,296.9,1084.9,542.4
2024-09-01,P0002,290.9,1084.9,542.4
2024-09-02,P0002,223.9,1084.9,542.4
2024-09-03,P0002,88.9,1084.9,542.4
2024-09-04,P0002,52.9,1084.9,542.4
2024-09-05,P0002,0.0,1084.9,542.4
2024-09-06,P0002,0.0,1084.9,542.4
2024-09-07,P0002,0.0,1084.9,542.4
2024-09-08,P0002,0.0,1084.9,542.4
2024-09-09,P0002,0.0,1084.9,542.4
2024-09-10,P0002,1448.0,1084.9,542.4
2024-09-11,P0002,1382.0,1084.9,542.4
2024-09-12,P0002,1350.0,1084.9,542.4
2024-09-13,P0002,1322.0,1084.9,542.4
2024-09-14,P0002,1275.0,1084.9,542.4
2024-09-15,P0002,1275.0,1084.9,542.4
2024-09-16,P0002,1219.0,1084.9,542.4
2024-09-17,P0002,1155.0,1084.9,542.4
2024-09-18,P0002,1144.0,1084.9,542.4
2024-09-19,P0002,1008.0,1084.9,542.4
2024-09-20,P0002,937.0,1084.9,542.4
2024-09-21,P0002,937.0,1084.9,542.4
2024-09-22,P0002,900.0,1084.9,542.4
2024-09-23,P0002,853.0,1084.9,542.4
2024-09-24,P0002,791.0,1084.9,542.4
2024-09-25,P0002,720.0,1084.9,542.4
2024-09-26,P0002,642.0,1084.9,542.4
2024-09-27,P0002,541.0,1084.9,542.4
2024-09-28,P0002,541.0,1084.9,542.4
2024-09-29,P0002,450.0,1084.9,542.4
2024-09-30,P0002,341.0,1084.9,542.4
2024-10-01,P0002,310.0,1084.9,542.4
2024-10-02,P0002,310.0,1084.9,542.4
2024-10-03,P0002,225.0,1084.9,542.4
2024-10-04,P0002,103.0,1084.9,542.4
2024-10-05,P0002,85.0,1084.9,542.4
2024-10-06,P0002,59.0,1084.9,542.4
2024-10-07,P0002,0.0,1084.9,542.4
2024-10-08,P0002,0.0,1084.9,542.4
2024-10-09,P0002,1409.9,1084.9,542.4
2024-10-10,P0002,1265.9,1084.9,542.4
2024-10-11,P0002,1207.9,1084.9,542.4
2024-10-12,P0002,1135.9,1084.9,542.4
2024-10-13,P0002,1135.9,1084.9,542.4
2024-10-14,P0002,1022.9,1084.9,542.4
2024-10-15,P0002,899.9,1084.9,542.4
2024-10-16,P0002,850.9,1084.9,542.4
2024-10-17,P0002,790.9,1084.9,542.4
2024-10-18,P0002,644.9,1084.9,542.4
2024-10-19,P0002,596.9,1084.9,542.4
2024-10-20,P0002,596.9,1084.9,542.4
2024-10-21,P0002,561.9,1084.9,542.4
2024-10-22,P0002,449.9,1084.9,542.4
2024-10-23,P0002,442.9,1084.9,542.4
2024-10-24,P0002,295.9,1084.9,542.4
2024-10-25,P0002,256.9,1084.9,542.4
2024-10-26,P0002,256.9,1084.9,542.4
2024-10-27,P0002,256.9,1084.9,542.4
2024-10-28,P0002,182.9,1084.9,542.4
2024-10-29,P0002,45.9,1084.9,542.4
2024-10-30,P0002,0.0,1084.9,542.4
2024-10-31,P0002,0.0,1084.9,542.4
2024-11-01,P0002,0.0,1084.9,542.4
2024-11-02,P0002,0.0,1084.9,542.4
2024-11-03,P0002,1365.0,1084.9,542.4
2024-11-04,P0002,1232.0,1084.9,542.4
2024-11-05,P0002,1134.0,1084.9,542.4
2024-11-06,P0002,1048.0,1084.9,542.4
2024-11-07,P0002,969.0,1084.9,542.4
2024-11-08,P0002,896.0,1084.9,542.4
2024-11-09,P0002,824.0,1084.9,542.4
2024-11-10,P0002,824.0,1084.9,542.4
2024-11-11,P0002,717.0,1084.9,542.4
2024-11-12,P0002,692.0,1084.9,542.4
2024-11-13,P0002,583.0,1084.9,542.4
2024-11-14,P0002,515.0,1084.9,542.4
2024-11-15,P0002,375.0,1084.9,542.4
2024-11-16,P0002,326.0,1084.9,542.4
2024-11-17,P0002,283.0,1084.9,542.4
2024-11-18,P0002,204.0,1084.9,542.4
2024-11-19,P0002,130.0,1084.9,542.4
2024-11-20,P0002,101.0,1084.9,542.4
2024-11-21,P0002,0.0,1084.9,542.4
2024-11-22,P0002,0.0,1084.9,542.4
2024-11-23,P0002,0.0,1084.9,542.4
2024-11-24,P0002,0.0,1084.9,542.4
2024-11-25,P0002,0.0,1084.9,542.4
2024-11-26,P0002,1361.9,1084.9,542.4
2024-11-27,P0002,1361.9,1084.9,542.4
2024-11-28,P0002,1228.9,1084.9,542.4
2024-11-29,P0002,1102.9,1084.9,542.4
2024-11-30,P0002,1102.9,1084.9,542.4
2024-12-01,P0002,1102.9,1084.9,542.4
2024-12-02,P0002,1034.9,1084.9,542.4
2024-12-03,P0002,957.9,1084.9,542.4
2024-12-04,P0002,875.9,1084.9,542.4
2024-12-05,P0002,849.9,1084.9,542.4
2024-12-06,P0002,734.9,1084.9,542.4
2024-12-07,P0002,696.9,1084.9,542.4
2024-12-08,P0002,649.9,1084.9,542.4
2024-12-09,P0002,545.9,1084.9,542.4
2024-12-10,P0002,479.9,1084.9,542.4
2024-12-11,P0002,414.9,1084.9,542.4
2024-12-12,P0002,349.9,1084.9,542.4
2024-12-13,P0002,282.9,1084.9,542.4
2024-12-14,P0002,282.9,1084.9,542.4
2024-12-15,P0002,274.9,1084.9,542.4
2024-12-16,P0002,231.9,1084.9,542.4
2024-12-17,P0002,231.9,1084.9,542.4
2024-12-18,P0002,146.9,1084.9,542.4
2024-12-19,P0002,2.9,1084.9,542.4
2024-12-20,P0002,0.0,1084.9,542.4
2024-12-21,P0002,0.0,1084.9,542.4
2024-12-22,P0002,1351.0,1084.9,542.4
2024-12-23,P0002,1332.0,1084.9,542.4
2024-12-24,P0002,1283.0,1084.9,542.4
2024-12-25,P0002,1235.0,1084.9,542.4
2024-12-26,P0002,1176.0,1084.9,542.4
2024-12-27,P0002,1085.0,1084.9,542.4
2024-12-28,P0002,1085.0,1084.9,542.4
2024-12-29,P0002,1085.0,1084.9,542.4
2024-12-30,P0002,976.0,1084.9,542.4
2024-12-31,P0002,881.0,1084.9,542.4
2025-01-01,P0002,811.0,1084.9,542.4
2025-01-02,P0002,783.0,1084.9,542.4
2025-01-03,P0002,683.0,1084.9,542.4
2025-01-04,P0002,683.0,1084.9,542.4
2025-01-05,P0002,668.0,1084.9,542.4
2025-01-06,P0002,624.0,1084.9,542.4
2025-01-07,P0002,558.0,1084.9,542.4
2025-01-08,P0002,496.0,1084.9,542.4
2025-01-09,P0002,394.0,1084.9,542.4
2025-01-10,P0002,324.0,1084.9,542.4
2025-01-11,P0002,251.0,1084.9,542.4
2025-01-12,P0002,251.0,1084.9,542.4
2025-01-13,P0002,135.0,1084.9,542.4
2025-01-14,P0002,96.0,1084.9,542.4
2025-01-15,P0002,96.0,1084.9,542.4
2025-01-16,P0002,29.0,1084.9,542.4
2025-01-17,P0002,0.0,1084.9,542.4
2025-01-18,P0002,0.0,1084.9,542.4
2025-01-19,P0002,1422.9,1084.9,542.4
2025-01-20,P0002,1422.9,1084.9,542.4
2025-01-21,P0002,1400.9,1084.9,542.4
2025-01-22,P0002,1386.9,1084.9,542.4
2025-01-23,P0002,1386.9,1084.9,542.4
2025-01-24,P0002,1386.9,1084.9,542.4
2025-01-25,P0002,1347.9,1084.9,542.4
2025-01-26,P0002,1347.9,1084.9,542.4
2025-01-27,P0002,1308.9,1084.9,542.4
2025-01-28,P0002,1240.9,1084.9,542.4
2025-01-29,P0002,1198.9,1084.9,542.4
2025-01-30,P0002,1178.9,1084.9,542.4
2025-01-31,P0002,1178.9,1084.9,542.4
2025-02-01,P0002,1096.9,1084.9,542.4
2025-02-02,P0002,1096.9,1084.9,542.4
2025-02-03,P0002,991.9,1084.9,542.4
2025-02-04,P0002,943.9,1084.9,542.4
2025-02-05,P0002,901.9,1084.9,542.4
2025-02-06,P0002,869.9,1084.9,542.4
2025-02-07,P0002,869.9,1084.9,542.4
2025-02-08,P0002,869.9,1084.9,542.4
2025-02-09,P0002,869.9,1084.9,542.4
2025-02-10,P0002,851.9,1084.9,542.4
2025-02-11,P0002,834.9,1084.9,542.4
2025-02-12,P0002,798.9,1084.9,542.4
2025-02-13,P0002,781.9,1084.9,542.4
2025-02-14,P0002,721.9,1084.9,542.4
2025-02-15,P0002,712.9,1084.9,542.4
2025-02-16,P0002,669.9,1084.9,542.4
2025-02-17,P0002,640.9,1084.9,542.4
2025-02-18,P0002,522.9,1084.9,542.4
2025-02-19,P0002,456.9,1084.9,542.4
2025-02-20,P0002,456.9,1084.9,542.4
2025-02-21,P0002,448.9,1084.9,542.4
2025-02-22,P0002,432.9,1084.9,542.4
2025-02-23,P0002,1881.9,1084.9,542.4
2025-02-24,P0002,1786.9,1084.9,542.4
2025-02-25,P0002,1786.9,1084.9,542.4
2025-02-26,P0002,1729.9,1084.9,542.4
2025-02-27,P0002,1640.9,1084.9,542.4
2025-02-28,P0002,1581.9,1084.9,542.4
2025-03-01,P0002,1581.9,1084.9,542.4
2025-03-02,P0002,1541.9,1084.9,542.4
2025-03-03,P0002,1461.9,1084.9,542.4
2025-03-04,P0002,1424.9,1084.9,542.4
2025-03-05,P0002,1342.9,1084.9,542.4
2025-03-06,P0002,1326.9,1084.9,542.4
2025-03-07,P0002,1277.9,1084.9,542.4
2025-03-08,P0002,1092.9,1084.9,542.4
2025-03-09,P0002,1057.9,1084.9,542.4
2025-03-10,P0002,1015.9,1084.9,542.4
2025-03-11,P0002,995.9,1084.9,542.4
2025-03-12,P0002,952.9,1084.9,542.4
2025-03-13,P0002,853.9,1084.9,542.4
2025-03-14,P0002,814.9,1084.9,542.4
2025-03-15,P0002,814.9,1084.9,542.4
2025-03-16,P0002,806.9,1084.9,542.4
2025-03-17,P0002,703.9,1084.9,542.4
2025-03-18,P0002,654.9,1084.9,542.4
2025-03-19,P0002,567.9,1084.9,542.4
2025-03-20,P0002,467.9,1084.9,542.4
2025-03-21,P0002,438.9,1084.9,542.4
2025-03-22,P0002,438.9,1084.9,542.4
2025-03-23,P0002,394.9,1084.9,542.4
2025-03-24,P0002,318.9,1084.9,542.4
2025-03-25,P0002,230.9,1084.9,542.4
2025-03-26,P0002,141.9,1084.9,542.4
2025-03-27,P0002,112.9,1084.9,542.4
2025-03-28,P0002,95.9,1084.9,542.4
2025-03-29,P0002,1478.9,1084.9,542.4
2025-03-30,P0002,1357.9,1084.9,542.4
2025-03-31,P0002,1275.9,1084.9,542.4
2025-04-01,P0002,1232.9,1084.9,542.4
2025-04-02,P0002,1134.9,1084.9,542.4
2025-04-03,P0002,1026.9,1084.9,542.4
2025-04-04,P0002,927.9,1084.9,542.4
2025-04-05,P0002,917.9,1084.9,542.4
2025-04-06,P0002,917.9,1084.9,542.4
2025-04-07,P0002,863.9,1084.9,542.4
2025-04-08,P0002,833.9,1084.9,542.4
2025-04-09,P0002,772.9,1084.9,542.4
2025-04-10,P0002,652.9,1084.9,542.4
2025-04-11,P0002,652.9,1084.9,542.4
2025-04-12,P0002,652.9,1084.9,542.4
2025-04-13,P0002,652.9,1084.9,542.4
2025-04-14,P0002,627.9,1084.9,542.4
2025-04-15,P0002,396.9,1084.9,542.4
2025-04-16,P0002,357.9,1084.9,542.4
2025-04-17,P0002,155.9,1084.9,542.4
2025-04-18,P0002,114.9,1084.9,542.4
2025-04-19,P0002,93.9,1084.9,542.4
2025-04-20,P0002,93.9,1084.9,542.4
2025-04-21,P0002,0.0,1084.9,542.4
2025-04-22,P0002,0.0,1084.9,542.4
2025-04-23,P0002,1368.0,1084.9,542.4
2025-04-24,P0002,1368.0,1084.9,542.4
2025-04-25,P0002,1323.0,1084.9,542.4
2025-04-26,P0002,1323.0,1084.9,542.4
2025-04-27,P0002,1300.0,1084.9,542.4
2025-04-28,P0002,1300.0,1084.9,542.4
2025-04-29,P0002,1186.0,1084.9,542.4
2025-04-30,P0002,1099.0,1084.9,542.4
2025-05-01,P0002,997.0,1084.9,542.4
2025-05-02,P0002,987.0,1084.9,542.4
2025-05-03,P0002,965.0,1084.9,542.4
2025-05-04,P0002,965.0,1084.9,542.4
2025-05-05,P0002,965.0,1084.9,542.4
2025-05-06,P0002,932.0,1084.9,542.4
2025-05-07,P0002,890.0,1084.9,542.4
2025-05-08,P0002,805.0,1084.9,542.4
2025-05-09,P0002,725.0,1084.9,542.4
2025-05-10,P0002,725.0,1084.9,542.4
2025-05-11,P0002,703.0,1084.9,542.4
2025-05-12,P0002,656.0,1084.9,542.4
2025-05-13,P0002,520.0,1084.9,542.4
2025-05-14,P0002,487.0,1084.9,542.4
2025-05-15,P0002,410.0,1084.9,542.4
2025-05-16,P0002,363.0,1084.9,542.4
2025-05-17,P0002,363.0,1084.9,542.4
2025-05-18,P0002,297.0,1084.9,542.4
2025-05-19,P0002,238.0,1084.9,542.4
2025-05-20,P0002,232.0,1084.9,542.4
2025-05-21,P0002,1633.9,1084.9,542.4
2025-05-22,P0002,1499.9,1084.9,542.4
2025-05-23,P0002,1349.9,1084.9,542.4
2025-05-24,P0002,1322.9,1084.9,542.4
2025-05-25,P0002,1272.9,1084.9,542.4
2025-05-26,P0002,1244.9,1084.9,542.4
2025-05-27,P0002,1215.9,1084.9,542.4
2025-05-28,P0002,1188.9,1084.9,542.4
2025-05-29,P0002,1140.9,1084.9,542.4
2025-05-30,P0002,1104.9,1084.9,542.4
2025-05-31,P0002,1045.9,1084.9,542.4
2025-06-01,P0002,1032.9,1084.9,542.4
2025-06-02,P0002,1009.9,1084.9,542.4
2025-06-03,P0002,903.9,1084.9,542.4
2025-06-04,P0002,861.9,1084.9,542.4
2025-06-05,P0002,844.9,1084.9,542.4
2025-06-06,P0002,814.9,1084.9,542.4
2025-06-07,P0002,743.9,1084.9,542.4
2025-06-08,P0002,702.9,1084.9,542.4
2025-06-09,P0002,608.9,1084.9,542.4
2025-06-10,P0002,490.9,1084.9,542.4
2025-06-11,P0002,432.9,1084.9,542.4
2025-06-12,P0002,393.9,1084.9,542.4
2025-06-13,P0002,360.9,1084.9,542.4
2025-06-14,P0002,353.9,1084.9,542.4
2025-06-15,P0002,333.9,1084.9,542.4
2025-06-16,P0002,323.9,1084.9,542.4
2025-06-17,P0002,303.9,1084.9,542.4
2025-06-18,P0002,253.9,1084.9,542.4
2025-06-19,P0002,92.9,1084.9,542.4
2025-06-20,P0002,1440.9,1084.9,542.4
2025-06-21,P0002,1407.9,1084.9,542.4
2025-06-22,P0002,1362.9,1084.9,542.4
2025-06-23,P0002,1331.9,1084.9,542.4
2025-06-24,P0002,1220.9,1084.9,542.4
2025-06-25,P0002,1163.9,1084.9,542.4
2025-06-26,P0002,1132.9,1084.9,542.4
2025-06-27,P0002,1027.9,1084.9,542.4
2025-06-28,P0002,933.9,1084.9,542.4
2025-06-29,P0002,916.9,1084.9,542.4
2025-06-30,P0002,805.9,1084.9,542.4
2025-07-01,P0002,719.9,1084.9,542.4
2025-07-02,P0002,625.9,1084.9,542.4
2025-07-03,P0002,539.9,1084.9,542.4
2025-07-04,P0002,388.9,1084.9,542.4
2025-07-05,P0002,376.9,1084.9,542.4
2025-07-06,P0002,319.9,1084.9,542.4
2025-07-07,P0002,226.9,1084.9,542.4
2025-07-08,P0002,226.9,1084.9,542.4
2025-07-09,P0002,219.9,1084.9,542.4
2025-07-10,P0002,162.9,1084.9,542.4
2025-07-11,P0002,114.9,1084.9,542.4
2025-07-12,P0002,114.9,1084.9,542.4
2025-07-13,P0002,45.9,1084.9,542.4
2025-07-14,P0002,39.9,1084.9,542.4
2025-07-15,P0002,0.0,1084.9,542.4
2025-07-16,P0002,0.0,1084.9,542.4
2025-07-17,P0002,1358.0,1084.9,542.4
2025-07-18,P0002,1193.0,1084.9,542.4
2025-07-19,P0002,1187.0,1084.9,542.4
2025-07-20,P0002,1169.0,1084.9,542.4
2025-07-21,P0002,1096.0,1084.9,542.4
2025-07-22,P0002,1034.0,1084.9,542.4
2025-07-23,P0002,920.0,1084.9,542.4
2025-07-24,P0002,900.0,1084.9,542.4
2025-07-25,P0002,878.0,1084.9,542.4
2025-07-26,P0002,878.0,1084.9,542.4
2025-07-27,P0002,878.0,1084.9,542.4
2025-07-28,P0002,738.0,1084.9,542.4
2025-07-29,P0002,706.0,1084.9,542.4
2025-07-30,P0002,647.0,1084.9,542.4
2025-07-31,P0002,632.0,1084.9,542.4
2025-08-01,P0002,586.0,1084.9,542.4
2025-08-02,P0002,586.0,1084.9,542.4
2025-08-03,P0002,550.0,1084.9,542.4
2025-08-04,P0002,389.0,1084.9,542.4
2025-08-05,P0002,384.0,1084.9,542.4
2025-08-06,P0002,362.0,1084.9,542.4
2025-08-07,P0002,306.0,1084.9,542.4
2025-08-08,P0002,306.0,1084.9,542.4
2025-08-09,P0002,285.0,1084.9,542.4
2025-08-10,P0002,247.0,1084.9,542.4
2025-08-11,P0002,1563.9,1084.9,542.4
2025-08-12,P0002,1543.9,1084.9,542.4
2025-08-13,P0002,1414.9,1084.9,542.4
2025-08-14,P0002,1341.9,1084.9,542.4
2025-08-15,P0002,1216.9,1084.9,542.4
2025-08-16,P0002,1216.9,1084.9,542.4
2025-08-17,P0002,1197.9,1084.9,542.4
2025-08-18,P0002,1077.9,1084.9,542.4
2025-08-19,P0002,1035.9,1084.9,542.4
2025-08-20,P0002,939.9,1084.9,542.4
2025-08-21,P0002,818.9,1084.9,542.4
2025-08-22,P0002,616.9,1084.9,542.4
2025-08-23,P0002,602.9,1084.9,542.4
2025-08-24,P0002,602.9,1084.9,542.4
2025-08-25,P0002,504.9,1084.9,542.4
2025-08-26,P0002,468.9,1084.9,542.4
2025-08-27,P0002,468.9,1084.9,542.4
2025-08-28,P0002,450.9,1084.9,542.4
2025-08-29,P0002,414.9,1084.9,542.4
2025-08-30,P0002,403.9,1084.9,542.4
2025-08-31,P0002,403.9,1084.9,542.4
2025-09-01,P0002,276.9,1084.9,542.4
2025-09-02,P0002,207.9,1084.9,542.4
2025-09-03,P0002,162.9,1084.9,542.4
2025-09-04,P0002,162.9,1084.9,542.4
2025-09-05,P0002,77.9,1084.9,542.4
2025-09-06,P0002,77.9,1084.9,542.4
2025-09-07,P0002,1440.9,1084.9,542.4
2025-09-08,P0002,1433.9,1084.9,542.4
2025-09-09,P0002,1252.9,1084.9,542.4
2025-09-10,P0002,1119.9,1084.9,542.4
2025-09-11,P0002,1119.9,1084.9,542.4
2025-09-12,P0002,966.9,1084.9,542.4
2025-09-13,P0002,946.9,1084.9,542.4
2025-09-14,P0002,919.9,1084.9,542.4
2025-09-15,P0002,919.9,1084.9,542.4
2025-09-16,P0002,819.9,1084.9,542.4
2025-09-17,P0002,753.9,1084.9,542.4
2025-09-18,P0002,716.9,1084.9,542.4
2025-09-19,P0002,597.9,1084.9,542.4
2025-09-20,P0002,590.9,1084.9,542.4
2025-09-21,P0002,546.9,1084.9,542.4
2025-09-22,P0002,496.9,1084.9,542.4
2025-09-23,P0002,254.9,1084.9,542.4
2025-09-24,P0002,64.9,1084.9,542.4
2025-09-25,P0002,50.9,1084.9,542.4
2025-09-26,P0002,14.9,1084.9,542.4
2025-09-27,P0002,0.0,1084.9,542.4
2025-09-28,P0002,0.0,1084.9,542.4
2025-09-29,P0002,0.0,1084.9,542.4
2025-09-30,P0002,0.0,1084.9,542.4
2025-10-01,P0002,0.0,1084.9,542.4
2025-10-02,P0002,1453.0,1084.9,542.4
2025-10-03,P0002,1439.0,1084.9,542.4
2025-10-04,P0002,1333.0,1084.9,542.4
2025-10-05,P0002,1285.0,1084.9,542.4
2025-10-06,P0002,1247.0,1084.9,542.4
2025-10-07,P0002,1211.0,1084.9,542.4
2025-10-08,P0002,1118.0,1084.9,542.4
2025-10-09,P0002,1011.0,1084.9,542.4
2025-10-10,P0002,975.0,1084.9,542.4
2025-10-11,P0002,975.0,1084.9,542.4
2025-10-12,P0002,948.0,1084.9,542.4
2025-10-13,P0002,934.0,1084.9,542.4
2025-10-14,P0002,859.0,1084.9,542.4
2025-10-15,P0002,837.0,1084.9,542.4
2025-10-16,P0002,794.0,1084.9,542.4
2025-10-17,P0002,699.0,1084.9,542.4
2025-10-18,P0002,699.0,1084.9,542.4
2025-10-19,P0002,662.0,1084.9,542.4
2025-10-20,P0002,568.0,1084.9,542.4
2025-10-21,P0002,520.0,1084.9,542.4
2025-10-22,P0002,429.0,1084.9,542.4
2025-10-23,P0002,384.0,1084.9,542.4
2025-10-24,P0002,286.0,1084.9,542.4
2025-10-25,P0002,281.0,1084.9,542.4
2025-10-26,P0002,226.0,1084.9,542.4
2025-10-27,P0002,175.0,1084.9,542.4
2025-10-28,P0002,136.0,1084.9,542.4
2025-10-29,P0002,1457.9,1084.9,542.4
2025-10-30,P0002,1433.9,1084.9,542.4
2025-10-31,P0002,1433.9,1084.9,542.4
2025-11-01,P0002,1414.9,1084.9,542.4
2025-11-02,P0002,1414.9,1084.9,542.4
2025-11-03,P0002,1363.9,1084.9,542.4
2025-11-04,P0002,1309.9,1084.9,542.4
2025-11-05,P0002,1292.9,1084.9,542.4
2025-11-06,P0002,1269.9,1084.9,542.4
2025-11-07,P0002,1184.9,1084.9,542.4
2025-11-08,P0002,1126.9,1084.9,542.4
2025-11-09,P0002,1098.9,1084.9,542.4
2025-11-10,P0002,1016.9,1084.9,542.4
2025-11-11,P0002,1016.9,1084.9,542.4
2025-11-12,P0002,980.9,1084.9,542.4
2025-11-13,P0002,966.9,1084.9,542.4
2025-11-14,P0002,821.9,1084.9,542.4
2025-11-15,P0002,821.9,1084.9,542.4
2025-11-16,P0002,790.9,1084.9,542.4
2025-11-17,P0002,650.9,1084.9,542.4
2025-11-18,P0002,602.9,1084.9,542.4
2025-11-19,P0002,593.9,1084.9,542.4
2025-11-20,P0002,410.9,1084.9,542.4
2025-11-21,P0002,389.9,1084.9,542.4
2025-11-22,P0002,389.9,1084.9,542.4
2025-11-23,P0002,366.9,1084.9,542.4
2025-11-24,P0002,323.9,1084.9,542.4
2025-11-25,P0002,267.9,1084.9,542.4
2025-11-26,P0002,188.9,1084.9,542.4
2025-11-27,P0002,121.9,1084.9,542.4
2025-11-28,P0002,91.9,1084.9,542.4
2025-11-29,P0002,86.9,1084.9,542.4
2025-11-30,P0002,41.9,1084.9,542.4
2025-12-01,P0002,24.9,1084.9,542.4
2025-12-02,P0002,6.9,1084.9,542.4
2025-12-03,P0002,0.0,1084.9,542.4
2025-12-04,P0002,0.0,1084.9,542.4
2025-12-05,P0002,0.0,1084.9,542.4
2025-12-06,P0002,0.0,1084.9,542.4
2025-12-07,P0002,0.0,1084.9,542.4
2025-12-08,P0002,0.0,1084.9,542.4
2025-12-09,P0002,0.0,1084.9,542.4
2025-12-10,P0002,0.0,1084.9,542.4
2025-12-11,P0002,0.0,1084.9,542.4
2025-12-12,P0002,0.0,1084.9,542.4
2025-12-13,P0002,0.0,1084.9,542.4
2025-12-14,P0002,0.0,1084.9,542.4
2025-12-15,P0002,0.0,1084.9,542.4
2025-12-16,P0002,0.0,1084.9,542.4
2025-12-17,P0002,0.0,1084.9,542.4
2025-12-18,P0002,0.0,1084.9,542.4
2025-12-19,P0002,0.0,1084.9,542.4
2025-12-20,P0002,0.0,1084.9,542.4
2025-12-21,P0002,0.0,1084.9,542.4
2025-12-22,P0002,0.0,1084.9,542.4
2025-12-23,P0002,0.0,1084.9,542.4
2025-12-24,P0002,0.0,1084.9,542.4
2025-12-25,P0002,0.0,1084.9,542.4
2025-12-26,P0002,0.0,1084.9,542.4
2025-12-27,P0002,0.0,1084.9,542.4
2025-12-28,P0002,0.0,1084.9,542.4
2025-12-29,P0002,0.0,1084.9,542.4
2025-12-30,P0002,0.0,1084.9,542.4
2025-12-31,P0002,0.0,1084.9,542.4
2023-01-01,P0003,2463.6,1098.0,549.0
2023-01-02,P0003,2370.6,1098.0,549.0
2023-01-03,P0003,2191.6,1098.0,549.0
2023-01-04,P0003,2103.6,1098.0,549.0
2023-01-05,P0003,1996.6,1098.0,549.0
2023-01-06,P0003,1861.6,1098.0,549.0
2023-01-07,P0003,1839.6,1098.0,549.0
2023-01-08,P0003,1798.6,1098.0,549.0
2023-01-09,P0003,1778.6,1098.0,549.0
2023-01-10,P0003,1773.6,1098.0,549.0
2023-01-11,P0003,1773.6,1098.0,549.0
2023-01-12,P0003,1741.6,1098.0,549.0
2023-01-13,P0003,1680.6,1098.0,549.0
2023-01-14,P0003,1680.6,1098.0,549.0
2023-01-15,P0003,1680.6,1098.0,549.0
2023-01-16,P0003,1647.6,1098.0,549.0
2023-01-17,P0003,1570.6,1098.0,549.0
2023-01-18,P0003,1559.6,1098.0,549.0
2023-01-19,P0003,1513.6,1098.0,549.0
2023-01-20,P0003,1506.6,1098.0,549.0
2023-01-21,P0003,1506.6,1098.0,549.0
2023-01-22,P0003,1459.6,1098.0,549.0
2023-01-23,P0003,1439.6,1098.0,549.0
2023-01-24,P0003,1420.6,1098.0,549.0
2023-01-25,P0003,1319.6,1098.0,549.0
2023-01-26,P0003,1299.6,1098.0,549.0
2023-01-27,P0003,1236.6,1098.0,549.0
2023-01-28,P0003,1226.6,1098.0,549.0
2023-01-29,P0003,1160.6,1098.0,549.0
2023-01-30,P0003,1096.6,1098.0,549.0
2023-01-31,P0003,1037.6,1098.0,549.0
2023-02-01,P0003,952.6,1098.0,549.0
2023-02-02,P0003,892.6,1098.0,549.0
2023-02-03,P0003,812.6,1098.0,549.0
2023-02-04,P0003,797.6,1098.0,549.0
2023-02-05,P0003,797.6,1098.0,549.0
2023-02-06,P0003,652.6,1098.0,549.0
2023-02-07,P0003,619.6,1098.0,549.0
2023-02-08,P0003,596.6,1098.0,549.0
2023-02-09,P0003,529.6,1098.0,549.0
2023-02-10,P0003,421.6,1098.0,549.0
2023-02-11,P0003,421.6,1098.0,549.0
2023-02-12,P0003,416.6,1098.0,549.0
2023-02-13,P0003,262.6,1098.0,549.0
2023-02-14,P0003,115.6,1098.0,549.0
2023-02-15,P0003,81.6,1098.0,549.0
2023-02-16,P0003,0.0,1098.0,549.0
2023-02-17,P0003,0.0,1098.0,549.0
2023-02-18,P0003,0.0,1098.0,549.0
2023-02-19,P0003,1334.0,1098.0,549.0
2023-02-20,P0003,1306.0,1098.0,549.0
2023-02-21,P0003,1264.0,1098.0,549.0
2023-02-22,P0003,1104.0,1098.0,549.0
2023-02-23,P0003,998.0,1098.0,549.0
2023-02-24,P0003,940.0,1098.0,549.0
2023-02-25,P0003,901.0,1098.0,549.0
2023-02-26,P0003,901.0,1098.0,549.0
2023-02-27,P0003,848.0,1098.0,549.0
2023-02-28,P0003,800.0,1098.0,549.0
2023-03-01,P0003,793.0,1098.0,549.0
2023-03-02,P0003,745.0,1098.0,549.0
2023-03-03,P0003,587.0,1098.0,549.0
2023-03-04,P0003,579.0,1098.0,549.0
2023-03-05,P0003,579.0,1098.0,549.0
2023-03-06,P0003,458.0,1098.0,549.0
2023-03-07,P0003,410.0,1098.0,549.0
2023-03-08,P0003,359.0,1098.0,549.0
2023-03-09,P0003,302.0,1098.0,549.0
2023-03-10,P0003,284.0,1098.0,549.0
2023-03-11,P0003,221.0,1098.0,549.0
2023-03-12,P0003,221.0,1098.0,549.0
2023-03-13,P0003,207.0,1098.0,549.0
2023-03-14,P0003,163.0,1098.0,549.0
2023-03-15,P0003,1568.6,1098.0,549.0
2023-03-16,P0003,1533.6,1098.0,549.0
2023-03-17,P0003,1511.6,1098.0,549.0
2023-03-18,P0003,1511.6,1098.0,549.0
2023-03-19,P0003,1462.6,1098.0,549.0
2023-03-20,P0003,1393.6,1098.0,549.0
2023-03-21,P0003,1268.6,1098.0,549.0
2023-03-22,P0003,1178.6,1098.0,549.0
2023-03-23,P0003,1154.6,1098.0,549.0
2023-03-24,P0003,1126.6,1098.0,549.0
2023-03-25,P0003,1098.6,1098.0,549.0
2023-03-26,P0003,1039.6,1098.0,549.0
2023-03-27,P0003,968.6,1098.0,549.0
2023-03-28,P0003,902.6,1098.0,549.0
2023-03-29,P0003,802.6,1098.0,549.0
2023-03-30,P0003,785.6,1098.0,549.0
2023-03-31,P0003,675.6,1098.0,549.0
2023-04-01,P0003,593.6,1098.0,549.0
2023-04-02,P0003,593.6,1098.0,549.0
2023-04-03,P0003,475.6,1098.0,549.0
2023-04-04,P0003,416.6,1098.0,549.0
2023-04-05,P0003,349.6,1098.0,549.0
2023-04-06,P0003,267.6,1098.0,549.0
2023-04-07,P0003,267.6,1098.0,549.0
2023-04-08,P0003,221.6,1098.0,549.0
2023-04-09,P0003,178.6,1098.0,549.0
2023-04-10,P0003,91.6,1098.0,549.0
2023-04-11,P0003,74.6,1098.0,549.0
2023-04-12,P0003,0.0,1098.0,549.0
2023-04-13,P0003,0.0,1098.0,549.0
2023-04-14,P0003,0.0,1098.0,549.0
2023-04-15,P0003,1431.0,1098.0,549.0
2023-04-16,P0003,1375.0,1098.0,549.0
2023-04-17,P0003,1346.0,1098.0,549.0
2023-04-18,P0003,1217.0,1098.0,549.0
2023-04-19,P0003,1106.0,1098.0,549.0
2023-04-20,P0003,1009.0,1098.0,549.0
2023-04-21,P0003,983.0,1098.0,549.0
2023-04-22,P0003,983.0,1098.0,549.0
2023-04-23,P0003,972.0,1098.0,549.0
2023-04-24,P0003,937.0,1098.0,549.0
2023-04-25,P0003,929.0,1098.0,549.0
2023-04-26,P0003,840.0,1098.0,549.0
2023-04-27,P0003,732.0,1098.0,549.0
2023-04-28,P0003,727.0,1098.0,549.0
2023-04-29,P0003,727.0,1098.0,549.0
2023-04-30,P0003,676.0,1098.0,549.0
2023-05-01,P0003,633.0,1098.0,549.0
2023-05-02,P0003,570.0,1098.0,549.0
2023-05-03,P0003,499.0,1098.0,549.0
2023-05-04,P0003,464.0,1098.0,549.0
2023-05-05,P0003,444.0,1098.0,549.0
2023-05-06,P0003,392.0,1098.0,549.0
2023-05-07,P0003,317.0,1098.0,549.0
2023-05-08,P0003,224.0,1098.0,549.0
2023-05-09,P0003,171.0,1098.0,549.0
2023-05-10,P0003,1603.6,1098.0,549.0
2023-05-11,P0003,1567.6,1098.0,549.0
2023-05-12,P0003,1460.6,1098.0,549.0
2023-05-13,P0003,1381.6,1098.0,549.0
2023-05-14,P0003,1381.6,1098.0,549.0
2023-05-15,P0003,1186.6,1098.0,549.0
2023-05-16,P0003,1143.6,1098.0,549.0
2023-05-17,P0003,1010.6,1098.0,549.0
2023-05-18,P0003,982.6,1098.0,549.0
2023-05-19,P0003,982.6,1098.0,549.0
2023-05-20,P0003,917.6,1098.0,549.0
2023-05-21,P0003,820.6,1098.0,549.0
2023-05-22,P0003,692.6,1098.0,549.0
2023-05-23,P0003,633.6,1098.0,549.0
2023-05-24,P0003,595.6,1098.0,549.0
2023-05-25,P0003,503.6,1098.0,549.0
2023-05-26,P0003,379.6,1098.0,549.0
2023-05-27,P0003,379.6,1098.0,549.0
2023-05-28,P0003,336.6,1098.0,549.0
2023-05-29,P0003,190.6,1098.0,549.0
2023-05-30,P0003,112.6,1098.0,549.0
2023-05-31,P0003,81.6,1098.0,549.0
2023-06-01,P0003,0.0,1098.0,549.0
2023-06-02,P0003,0.0,1098.0,549.0
2023-06-03,P0003,0.0,1098.0,549.0
2023-06-04,P0003,0.0,1098.0,549.0
2023-06-05,P0003,0.0,1098.0,549.0
2023-06-06,P0003,1384.0,1098.0,549.0
2023-06-07,P0003,1192.0,1098.0,549.0
2023-06-08,P0003,1131.0,1098.0,549.0
2023-06-09,P0003,1101.0,1098.0,549.0
2023-06-10,P0003,1032.0,1098.0,549.0
2023-06-11,P0003,1007.0,1098.0,549.0
2023-06-12,P0003,972.0,1098.0,549.0
2023-06-13,P0003,907.0,1098.0,549.0
2023-06-14,P0003,882.0,1098.0,549.0
2023-06-15,P0003,837.0,1098.0,549.0
2023-06-16,P0003,837.0,1098.0,549.0
2023-06-17,P0003,815.0,1098.0,549.0
2023-06-18,P0003,807.0,1098.0,549.0
2023-06-19,P0003,800.0,1098.0,549.0
2023-06-20,P0003,741.0,1098.0,549.0
2023-06-21,P0003,710.0,1098.0,549.0
2023-06-22,P0003,643.0,1098.0,549.0
2023-06-23,P0003,588.0,1098.0,549.0
2023-06-24,P0003,581.0,1098.0,549.0
2023-06-25,P0003,581.0,1098.0,549.0
2023-06-26,P0003,484.0,1098.0,549.0
2023-06-27,P0003,225.0,1098.0,549.0
2023-06-28,P0003,195.0,1098.0,549.0
2023-06-29,P0003,181.0,1098.0,549.0
2023-06-30,P0003,1597.6,1098.0,549.0
2023-07-01,P0003,1552.6,1098.0,549.0
2023-07-02,P0003,1514.6,1098.0,549.0
2023-07-03,P0003,1474.6,1098.0,549.0
2023-07-04,P0003,1432.6,1098.0,549.0
2023-07-05,P0003,1304.6,1098.0,549.0
2023-07-06,P0003,1206.6,1098.0,549.0
2023-07-07,P0003,1153.6,1098.0,549.0
2023-07-08,P0003,1145.6,1098.0,549.0
2023-07-09,P0003,1145.6,1098.0,549.0
2023-07-10,P0003,1054.6,1098.0,549.0
2023-07-11,P0003,1031.6,1098.0,549.0
2023-07-12,P0003,1021.6,1098.0,549.0
2023-07-13,P0003,1005.6,1098.0,549.0
2023-07-14,P0003,887.6,1098.0,549.0
2023-07-15,P0003,887.6,1098.0,549.0
2023-07-16,P0003,887.6,1098.0,549.0
2023-07-17,P0003,802.6,1098.0,549.0
2023-07-18,P0003,682.6,1098.0,549.0
2023-07-19,P0003,608.6,1098.0,549.0
2023-07-20,P0003,587.6,1098.0,549.0
2023-07-21,P0003,587.6,1098.0,549.0
2023-07-22,P0003,525.6,1098.0,549.0
2023-07-23,P0003,515.6,1098.0,549.0
2023-07-24,P0003,432.6,1098.0,549.0
2023-07-25,P0003,328.6,1098.0,549.0
2023-07-26,P0003,278.6,1098.0,549.0
2023-07-27,P0003,220.6,1098.0,549.0
2023-07-28,P0003,168.6,1098.0,549.0
2023-07-29,P0003,112.6,1098.0,549.0
2023-07-30,P0003,1528.6,1098.0,549.0
2023-07-31,P0003,1501.6,1098.0,549.0
2023-08-01,P0003,1392.6,1098.0,549.0
2023-08-02,P0003,1360.6,1098.0,549.0
2023-08-03,P0003,1272.6,1098.0,549.0
2023-08-04,P0003,1132.6,1098.0,549.0
2023-08-05,P0003,1108.6,1098.0,549.0
2023-08-06,P0003,1108.6,1098.0,549.0
2023-08-07,P0003,1055.6,1098.0,549.0
2023-08-08,P0003,985.6,1098.0,549.0
2023-08-09,P0003,949.6,1098.0,549.0
2023-08-10,P0003,949.6,1098.0,549.0
2023-08-11,P0003,893.6,1098.0,549.0
2023-08-12,P0003,883.6,1098.0,549.0
2023-08-13,P0003,846.6,1098.0,549.0
2023-08-14,P0003,797.6,1098.0,549.0
2023-08-15,P0003,779.6,1098.0,549.0
2023-08-16,P0003,769.6,1098.0,549.0
2023-08-17,P0003,696.6,1098.0,549.0
2023-08-18,P0003,531.6,1098.0,549.0
2023-08-19,P0003,531.6,1098.0,549.0
2023-08-20,P0003,507.6,1098.0,549.0
2023-08-21,P0003,448.6,1098.0,549.0
2023-08-22,P0003,398.6,1098.0,549.0
2023-08-23,P0003,312.6,1098.0,549.0
2023-08-24,P0003,281.6,1098.0,549.0
2023-08-25,P0003,226.6,1098.0,549.0
2023-08-26,P0003,226.6,1098.0,549.0
2023-08-27,P0003,1641.6,1098.0,549.0
2023-08-28,P0003,1573.6,1098.0,549.0
2023-08-29,P0003,1573.6,1098.0,549.0
2023-08-30,P0003,1540.6,1098.0,549.0
2023-08-31,P0003,1470.6,1098.0,549.0
2023-09-01,P0003,1412.6,1098.0,549.0
2023-09-02,P0003,1376.6,1098.0,549.0
2023-09-03,P0003,1326.6,1098.0,549.0
2023-09-04,P0003,1280.6,1098.0,549.0
2023-09-05,P0003,1280.6,1098.0,549.0
2023-09-06,P0003,1273.6,1098.0,549.0
2023-09-07,P0003,1176.6,1098.0,549.0
2023-09-08,P0003,1074.6,1098.0,549.0
2023-09-09,P0003,1048.6,1098.0,549.0
2023-09-10,P0003,947.6,1098.0,549.0
2023-09-11,P0003,947.6,1098.0,549.0
2023-09-12,P0003,910.6,1098.0,549.0
2023-09-13,P0003,872.6,1098.0,549.0
2023-09-14,P0003,853.6,1098.0,549.0
2023-09-15,P0003,709.6,1098.0,549.0
2023-09-16,P0003,682.6,1098.0,549.0
2023-09-17,P0003,667.6,1098.0,549.0
2023-09-18,P0003,602.6,1098.0,549.0
2023-09-19,P0003,564.6,1098.0,549.0
2023-09-20,P0003,543.6,1098.0,549.0
2023-09-21,P0003,421.6,1098.0,549.0
2023-09-22,P0003,376.6,1098.0,549.0
2023-09-23,P0003,376.6,1098.0,549.0
2023-09-24,P0003,355.6,1098.0,549.0
2023-09-25,P0003,299.6,1098.0,549.0
2023-09-26,P0003,212.6,1098.0,549.0
2023-09-27,P0003,200.6,1098.0,549.0
2023-09-28,P0003,1503.6,1098.0,549.0
2023-09-29,P0003,1478.6,1098.0,549.0
2023-09-30,P0003,1439.6,1098.0,549.0
2023-10-01,P0003,1414.6,1098.0,549.0
2023-10-02,P0003,1367.6,1098.0,549.0
2023-10-03,P0003,1268.6,1098.0,549.0
2023-10-04,P0003,1129.6,1098.0,549.0
2023-10-05,P0003,1082.6,1098.0,549.0
2023-10-06,P0003,984.6,1098.0,549.0
2023-10-07,P0003,944.6,1098.0,549.0
2023-10-08,P0003,860.6,1098.0,549.0
2023-10-09,P0003,787.6,1098.0,549.0
2023-10-10,P0003,775.6,1098.0,549.0
2023-10-11,P0003,578.6,1098.0,549.0
2023-10-12,P0003,457.6,1098.0,549.0
2023-10-13,P0003,457.6,1098.0,549.0
2023-10-14,P0003,424.6,1098.0,549.0
2023-10-15,P0003,424.6,1098.0,549.0
2023-10-16,P0003,302.6,1098.0,549.0
2023-10-17,P0003,245.6,1098.0,549.0
2023-10-18,P0003,134.6,1098.0,549.0
2023-10-19,P0003,4.6,1098.0,549.0
2023-10-20,P0003,0.0,1098.0,549.0
2023-10-21,P0003,0.0,1098.0,549.0
2023-10-22,P0003,0.0,1098.0,549.0
2023-10-23,P0003,0.0,1098.0,549.0
2023-10-24,P0003,0.0,1098.0,549.0
2023-10-25,P0003,1381.0,1098.0,549.0
2023-10-26,P0003,1361.0,1098.0,549.0
2023-10-27,P0003,1233.0,1098.0,549.0
2023-10-28,P0003,1233.0,1098.0,549.0
2023-10-29,P0003,1156.0,1098.0,549.0
2023-10-30,P0003,1146.0,1098.0,549.0
2023-10-31,P0003,1051.0,1098.0,549.0
2023-11-01,P0003,1001.0,1098.0,549.0
2023-11-02,P0003,950.0,1098.0,549.0
2023-11-03,P0003,950.0,1098.0,549.0
2023-11-04,P0003,875.0,1098.0,549.0
2023-11-05,P0003,864.0,1098.0,549.0
2023-11-06,P0003,864.0,1098.0,549.0
2023-11-07,P0003,806.0,1098.0,549.0
2023-11-08,P0003,680.0,1098.0,549.0
2023-11-09,P0003,559.0,1098.0,549.0
2023-11-10,P0003,497.0,1098.0,549.0
2023-11-11,P0003,497.0,1098.0,549.0
2023-11-12,P0003,497.0,1098.0,549.0
2023-11-13,P0003,460.0,1098.0,549.0
2023-11-14,P0003,376.0,1098.0,549.0
2023-11-15,P0003,278.0,1098.0,549.0
2023-11-16,P0003,188.0,1098.0,549.0
2023-11-17,P0003,0.0,1098.0,549.0
2023-11-18,P0003,0.0,1098.0,549.0
2023-11-19,P0003,0.0,1098.0,549.0
2023-11-20,P0003,1345.6,1098.0,549.0
2023-11-21,P0003,1328.6,1098.0,549.0
2023-11-22,P0003,1302.6,1098.0,549.0
2023-11-23,P0003,1276.6,1098.0,549.0
2023-11-24,P0003,1269.6,1098.0,549.0
2023-11-25,P0003,1207.6,1098.0,549.0
2023-11-26,P0003,1179.6,1098.0,549.0
2023-11-27,P0003,1105.6,1098.0,549.0
2023-11-28,P0003,1080.6,1098.0,549.0
2023-11-29,P0003,1061.6,1098.0,549.0
2023-11-30,P0003,1061.6,1098.0,549.0
2023-12-01,P0003,991.6,1098.0,549.0
2023-12-02,P0003,957.6,1098.0,549.0
2023-12-03,P0003,915.6,1098.0,549.0
2023-12-04,P0003,794.6,1098.0,549.0
2023-12-05,P0003,719.6,1098.0,549.0
2023-12-06,P0003,632.6,1098.0,549.0
2023-12-07,P0003,604.6,1098.0,549.0
2023-12-08,P0003,515.6,1098.0,549.0
2023-12-09,P0003,508.6,1098.0,549.0
2023-12-10,P0003,508.6,1098.0,549.0
2023-12-11,P0003,432.6,1098.0,549.0
2023-12-12,P0003,362.6,1098.0,549.0
2023-12-13,P0003,202.6,1098.0,549.0
2023-12-14,P0003,134.6,1098.0,549.0
2023-12-15,P0003,18.6,1098.0,549.0
2023-12-16,P0003,0.0,1098.0,549.0
2023-12-17,P0003,0.0,1098.0,549.0
2023-12-18,P0003,1299.0,1098.0,549.0
2023-12-19,P0003,1262.0,1098.0,549.0
2023-12-20,P0003,1254.0,1098.0,549.0
2023-12-21,P0003,1163.0,1098.0,549.0
2023-12-22,P0003,1058.0,1098.0,549.0
2023-12-23,P0003,1058.0,1098.0,549.0
2023-12-24,P0003,1034.0,1098.0,549.0
2023-12-25,P0003,906.0,1098.0,549.0
2023-12-26,P0003,867.0,1098.0,549.0
2023-12-27,P0003,813.0,1098.0,549.0
2023-12-28,P0003,781.0,1098.0,549.0
2023-12-29,P0003,719.0,1098.0,549.0
2023-12-30,P0003,719.0,1098.0,549.0
2023-12-31,P0003,719.0,1098.0,549.0
2024-01-01,P0003,569.0,1098.0,549.0
2024-01-02,P0003,484.0,1098.0,549.0
2024-01-03,P0003,440.0,1098.0,549.0
2024-01-04,P0003,306.0,1098.0,549.0
2024-01-05,P0003,278.0,1098.0,549.0
2024-01-06,P0003,264.0,1098.0,549.0
2024-01-07,P0003,264.0,1098.0,549.0
2024-01-08,P0003,264.0,1098.0,549.0
2024-01-09,P0003,224.0,1098.0,549.0
2024-01-10,P0003,0.0,1098.0,549.0
2024-01-11,P0003,1309.6,1098.0,549.0
2024-01-12,P0003,1309.6,1098.0,549.0
2024-01-13,P0003,1309.6,1098.0,549.0
2024-01-14,P0003,1259.6,1098.0,549.0
2024-01-15,P0003,1241.6,1098.0,549.0
2024-01-16,P0003,1208.6,1098.0,549.0
2024-01-17,P0003,1171.6,1098.0,549.0
2024-01-18,P0003,1151.6,1098.0,549.0
2024-01-19,P0003,1054.6,1098.0,549.0
2024-01-20,P0003,1006.6,1098.0,549.0
2024-01-21,P0003,959.6,1098.0,549.0
2024-01-22,P0003,905.6,1098.0,549.0
2024-01-23,P0003,810.6,1098.0,549.0
2024-01-24,P0003,771.6,1098.0,549.0
2024-01-25,P0003,771.6,1098.0,549.0
2024-01-26,P0003,771.6,1098.0,549.0
2024-01-27,P0003,752.6,1098.0,549.0
2024-01-28,P0003,752.6,1098.0,549.0
2024-01-29,P0003,685.6,1098.0,549.0
2024-01-30,P0003,640.6,1098.0,549.0
2024-01-31,P0003,585.6,1098.0,549.0
2024-02-01,P0003,457.6,1098.0,549.0
2024-02-02,P0003,363.6,1098.0,549.0
2024-02-03,P0003,363.6,1098.0,549.0
2024-02-04,P0003,334.6,1098.0,549.0
2024-02-05,P0003,190.6,1098.0,549.0
2024-02-06,P0003,117.6,1098.0,549.0
2024-02-07,P0003,39.6,1098.0,549.0
2024-02-08,P0003,1449.6,1098.0,549.0
2024-02-09,P0003,1363.6,1098.0,549.0
2024-02-10,P0003,1363.6,1098.0,549.0
2024-02-11,P0003,1306.6,1098.0,549.0
2024-02-12,P0003,1283.6,1098.0,549.0
2024-02-13,P0003,1226.6,1098.0,549.0
2024-02-14,P0003,1151.6,1098.0,549.0
2024-02-15,P0003,1091.6,1098.0,549.0
2024-02-16,P0003,978.6,1098.0,549.0
2024-02-17,P0003,978.6,1098.0,549.0
2024-02-18,P0003,952.6,1098.0,549.0
2024-02-19,P0003,896.6,1098.0,549.0
2024-02-20,P0003,812.6,1098.0,549.0
2024-02-21,P0003,804.6,1098.0,549.0
2024-02-22,P0003,721.6,1098.0,549.0
2024-02-23,P0003,673.6,1098.0,549.0
2024-02-24,P0003,673.6,1098.0,549.0
2024-02-25,P0003,621.6,1098.0,549.0
2024-02-26,P0003,578.6,1098.0,549.0
2024-02-27,P0003,572.6,1098.0,549.0
2024-02-28,P0003,552.6,1098.0,549.0
2024-02-29,P0003,426.6,1098.0,549.0
2024-03-01,P0003,338.6,1098.0,549.0
2024-03-02,P0003,338.6,1098.0,549.0
2024-03-03,P0003,304.6,1098.0,549.0
2024-03-04,P0003,226.6,1098.0,549.0
2024-03-05,P0003,162.6,1098.0,549.0
2024-03-06,P0003,1449.6,1098.0,549.0
2024-03-07,P0003,1449.6,1098.0,549.0
2024-03-08,P0003,1385.6,1098.0,549.0
2024-03-09,P0003,1385.6,1098.0,549.0
2024-03-10,P0003,1367.6,1098.0,549.0
2024-03-11,P0003,1243.6,1098.0,549.0
2024-03-12,P0003,1169.6,1098.0,549.0
2024-03-13,P0003,1100.6,1098.0,549.0
2024-03-14,P0003,1083.6,1098.0,549.0
2024-03-15,P0003,1075.6,1098.0,549.0
2024-03-16,P0003,1055.6,1098.0,549.0
2024-03-17,P0003,993.6,1098.0,549.0
2024-03-18,P0003,908.6,1098.0,549.0
2024-03-19,P0003,774.6,1098.0,549.0
2024-03-20,P0003,774.6,1098.0,549.0
2024-03-21,P0003,749.6,1098.0,549.0
2024-03-22,P0003,705.6,1098.0,549.0
2024-03-23,P0003,629.6,1098.0,549.0
2024-03-24,P0003,557.6,1098.0,549.0
2024-03-25,P0003,470.6,1098.0,549.0
2024-03-26,P0003,382.6,1098.0,549.0
2024-03-27,P0003,303.6,1098.0,549.0
2024-03-28,P0003,228.6,1098.0,549.0
2024-03-29,P0003,188.6,1098.0,549.0
2024-03-30,P0003,188.6,1098.0,549.0
2024-03-31,P0003,166.6,1098.0,549.0
2024-04-01,P0003,30.6,1098.0,549.0
2024-04-02,P0003,30.6,1098.0,549.0
2024-04-03,P0003,1344.6,1098.0,549.0
2024-04-04,P0003,1309.6,1098.0,549.0
2024-04-05,P0003,1309.6,1098.0,549.0
2024-04-06,P0003,1278.6,1098.0,549.0
2024-04-07,P0003,1278.6,1098.0,549.0
2024-04-08,P0003,1123.6,1098.0,549.0
2024-04-09,P0003,1123.6,1098.0,549.0
2024-04-10,P0003,1111.6,1098.0,549.0
2024-04-11,P0003,1060.6,1098.0,549.0
2024-04-12,P0003,944.6,1098.0,549.0
2024-04-13,P0003,934.6,1098.0,549.0
2024-04-14,P0003,838.6,1098.0,549.0
2024-04-15,P0003,790.6,1098.0,549.0
2024-04-16,P0003,779.6,1098.0,549.0
2024-04-17,P0003,719.6,1098.0,549.0
2024-04-18,P0003,702.6,1098.0,549.0
2024-04-19,P0003,636.6,1098.0,549.0
2024-04-20,P0003,636.6,1098.0,549.0
2024-04-21,P0003,620.6,1098.0,549.0
2024-04-22,P0003,562.6,1098.0,549.0
2024-04-23,P0003,520.6,1098.0,549.0
2024-04-24,P0003,520.6,1098.0,549.0
2024-04-25,P0003,395.6,1098.0,549.0
2024-04-26,P0003,248.6,1098.0,549.0
2024-04-27,P0003,208.6,1098.0,549.0
2024-04-28,P0003,208.6,1098.0,549.0
2024-04-29,P0003,172.6,1098.0,549.0
2024-04-30,P0003,142.6,1098.0,549.0
2024-05-01,P0003,1531.6,1098.0,549.0
2024-05-02,P0003,1465.6,1098.0,549.0
2024-05-03,P0003,1423.6,1098.0,549.0
2024-05-04,P0003,1423.6,1098.0,549.0
2024-05-05,P0003,1395.6,1098.0,549.0
2024-05-06,P0003,1351.6,1098.0,549.0
2024-05-07,P0003,1262.6,1098.0,549.0
2024-05-08,P0003,1188.6,1098.0,549.0
2024-05-09,P0003,1050.6,1098.0,549.0
2024-05-10,P0003,960.6,1098.0,549.0
2024-05-11,P0003,933.6,1098.0,549.0
2024-05-12,P0003,882.6,1098.0,549.0
2024-05-13,P0003,786.6,1098.0,549.0
2024-05-14,P0003,666.6,1098.0,549.0
2024-05-15,P0003,612.6,1098.0,549.0
2024-05-16,P0003,535.6,1098.0,549.0
2024-05-17,P0003,508.6,1098.0,549.0
2024-05-18,P0003,508.6,1098.0,549.0
2024-05-19,P0003,464.6,1098.0,549.0
2024-05-20,P0003,387.6,1098.0,549.0
2024-05-21,P0003,319.6,1098.0,549.0
2024-05-22,P0003,264.6,1098.0,549.0
2024-05-23,P0003,131.6,1098.0,549.0
2024-05-24,P0003,16.6,1098.0,549.0
2024-05-25,P0003,16.6,1098.0,549.0
2024-05-26,P0003,0.0,1098.0,549.0
2024-05-27,P0003,0.0,1098.0,549.0
2024-05-28,P0003,0.0,1098.0,549.0
2024-05-29,P0003,1329.0,1098.0,549.0
2024-05-30,P0003,1252.0,1098.0,549.0
2024-05-31,P0003,1184.0,1098.0,549.0
2024-06-01,P0003,1142.0,1098.0,549.0
2024-06-02,P0003,1142.0,1098.0,549.0
2024-06-03,P0003,1142.0,1098.0,549.0
2024-06-04,P0003,1142.0,1098.0,549.0
2024-06-05,P0003,1101.0,1098.0,549.0
2024-06-06,P0003,1101.0,1098.0,549.0
2024-06-07,P0003,1067.0,1098.0,549.0
2024-06-08,P0003,1067.0,1098.0,549.0
2024-06-09,P0003,1025.0,1098.0,549.0
2024-06-10,P0003,986.0,1098.0,549.0
2024-06-11,P0003,971.0,1098.0,549.0
2024-06-12,P0003,902.0,1098.0,549.0
2024-06-13,P0003,820.0,1098.0,549.0
2024-06-14,P0003,770.0,1098.0,549.0
2024-06-15,P0003,770.0,1098.0,549.0
2024-06-16,P0003,712.0,1098.0,549.0
2024-06-17,P0003,672.0,1098.0,549.0
2024-06-18,P0003,642.0,1098.0,549.0
2024-06-19,P0003,561.0,1098.0,549.0
2024-06-20,P0003,554.0,1098.0,549.0
2024-06-21,P0003,481.0,1098.0,549.0
2024-06-22,P0003,419.0,1098.0,549.0
2024-06-23,P0003,419.0,1098.0,549.0
2024-06-24,P0003,389.0,1098.0,549.0
2024-06-25,P0003,363.0,1098.0,549.0
2024-06-26,P0003,346.0,1098.0,549.0
2024-06-27,P0003,1651.6,1098.0,549.0
2024-06-28,P0003,1651.6,1098.0,549.0
2024-06-29,P0003,1651.6,1098.0,549.0
2024-06-30,P0003,1609.6,1098.0,549.0
2024-07-01,P0003,1571.6,1098.0,549.0
2024-07-02,P0003,1549.6,1098.0,549.0
2024-07-03,P0003,1508.6,1098.0,549.0
2024-07-04,P0003,1379.6,1098.0,549.0
2024-07-05,P0003,1319.6,1098.0,549.0
2024-07-06,P0003,1319.6,1098.0,549.0
2024-07-07,P0003,1194.6,1098.0,549.0
2024-07-08,P0003,1137.6,1098.0,549.0
2024-07-09,P0003,1137.6,1098.0,549.0
2024-07-10,P0003,1009.6,1098.0,549.0
2024-07-11,P0003,985.6,1098.0,549.0
2024-07-12,P0003,955.6,1098.0,549.0
2024-07-13,P0003,788.6,1098.0,549.0
2024-07-14,P0003,683.6,1098.0,549.0
2024-07-15,P0003,544.6,1098.0,549.0
2024-07-16,P0003,511.6,1098.0,549.0
2024-07-17,P0003,494.6,1098.0,549.0
2024-07-18,P0003,416.6,1098.0,549.0
2024-07-19,P0003,345.6,1098.0,549.0
2024-07-20,P0003,328.6,1098.0,549.0
2024-07-21,P0003,247.6,1098.0,549.0
2024-07-22,P0003,161.6,1098.0,549.0
2024-07-23,P0003,117.6,1098.0,549.0
2024-07-24,P0003,68.6,1098.0,549.0
2024-07-25,P0003,0.0,1098.0,549.0
2024-07-26,P0003,0.0,1098.0,549.0
2024-07-27,P0003,0.0,1098.0,549.0
2024-07-28,P0003,0.0,1098.0,549.0
2024-07-29,P0003,0.0,1098.0,549.0
2024-07-30,P0003,1329.0,1098.0,549.0
2024-07-31,P0003,1216.0,1098.0,549.0
2024-08-01,P0003,1170.0,1098.0,549.0
2024-08-02,P0003,1102.0,1098.0,549.0
2024-08-03,P0003,1102.0,1098.0,549.0
2024-08-04,P0003,1084.0,1098.0,549.0
2024-08-05,P0003,1071.0,1098.0,549.0
2024-08-06,P0003,1011.0,1098.0,549.0
2024-08-07,P0003,905.0,1098.0,549.0
2024-08-08,P0003,831.0,1098.0,549.0
2024-08-09,P0003,719.0,1098.0,549.0
2024-08-10,P0003,686.0,1098.0,549.0
2024-08-11,P0003,639.0,1098.0,549.0
2024-08-12,P0003,598.0,1098.0,549.0
2024-08-13,P0003,561.0,1098.0,549.0
2024-08-14,P0003,443.0,1098.0,549.0
2024-08-15,P0003,397.0,1098.0,549.0
2024-08-16,P0003,329.0,1098.0,549.0
2024-08-17,P0003,322.0,1098.0,549.0
2024-08-18,P0003,270.0,1098.0,549.0
2024-08-19,P0003,228.0,1098.0,549.0
2024-08-20,P0003,62.0,1098.0,549.0
2024-08-21,P0003,0.0,1098.0,549.0
2024-08-22,P0003,0.0,1098.0,549.0
2024-08-23,P0003,0.0,1098.0,549.0
2024-08-24,P0003,1386.6,1098.0,549.0
2024-08-25,P0003,1364.6,1098.0,549.0
2024-08-26,P0003,1340.6,1098.0,549.0
2024-08-27,P0003,1258.6,1098.0,549.0
2024-08-28,P0003,1133.6,1098.0,549.0
2024-08-29,P0003,1089.6,1098.0,549.0
2024-08-30,P0003,1078.6,1098.0,549.0
2024-08-31,P0003,1078.6,1098.0,549.0
2024-09-01,P0003,1078.6,1098.0,549.0
2024-09-02,P0003,929.6,1098.0,549.0
2024-09-03,P0003,743.6,1098.0,549.0
2024-09-04,P0003,620.6,1098.0,549.0
2024-09-05,P0003,577.6,1098.0,549.0
2024-09-06,P0003,535.6,1098.0,549.0
2024-09-07,P0003,525.6,1098.0,549.0
2024-09-08,P0003,525.6,1098.0,549.0
2024-09-09,P0003,415.6,1098.0,549.0
2024-09-10,P0003,373.6,1098.0,549.0
2024-09-11,P0003,288.6,1098.0,549.0
2024-09-12,P0003,261.6,1098.0,549.0
2024-09-13,P0003,198.6,1098.0,549.0
2024-09-14,P0003,140.6,1098.0,549.0
2024-09-15,P0003,87.6,1098.0,549.0
2024-09-16,P0003,43.6,1098.0,549.0
2024-09-17,P0003,0.0,1098.0,549.0
2024-09-18,P0003,1259.0,1098.0,549.0
2024-09-19,P0003,1224.0,1098.0,549.0
2024-09-20,P0003,1094.0,1098.0,549.0
2024-09-21,P0003,1094.0,1098.0,549.0
2024-09-22,P0003,1058.0,1098.0,549.0
2024-09-23,P0003,982.0,1098.0,549.0
2024-09-24,P0003,864.0,1098.0,549.0
2024-09-25,P0003,821.0,1098.0,549.0
2024-09-26,P0003,745.0,1098.0,549.0
2024-09-27,P0003,671.0,1098.0,549.0
2024-09-28,P0003,636.0,1098.0,549.0
2024-09-29,P0003,630.0,1098.0,549.0
2024-09-30,P0003,575.0,1098.0,549.0
2024-10-01,P0003,459.0,1098.0,549.0
2024-10-02,P0003,348.0,1098.0,549.0
2024-10-03,P0003,332.0,1098.0,549.0
2024-10-04,P0003,255.0,1098.0,549.0
2024-10-05,P0003,255.0,1098.0,549.0
2024-10-06,P0003,255.0,1098.0,549.0
2024-10-07,P0003,186.0,1098.0,549.0
2024-10-08,P0003,138.0,1098.0,549.0
2024-10-09,P0003,114.0,1098.0,549.0
2024-10-10,P0003,1447.6,1098.0,549.0
2024-10-11,P0003,1419.6,1098.0,549.0
2024-10-12,P0003,1414.6,1098.0,549.0
2024-10-13,P0003,1414.6,1098.0,549.0
2024-10-14,P0003,1349.6,1098.0,549.0
2024-10-15,P0003,1309.6,1098.0,549.0
2024-10-16,P0003,1145.6,1098.0,549.0
2024-10-17,P0003,1094.6,1098.0,549.0
2024-10-18,P0003,1033.6,1098.0,549.0
2024-10-19,P0003,1004.6,1098.0,549.0
2024-10-20,P0003,995.6,1098.0,549.0
2024-10-21,P0003,936.6,1098.0,549.0
2024-10-22,P0003,853.6,1098.0,549.0
2024-10-23,P0003,848.6,1098.0,549.0
2024-10-24,P0003,797.6,1098.0,549.0
2024-10-25,P0003,759.6,1098.0,549.0
2024-10-26,P0003,652.6,1098.0,549.0
2024-10-27,P0003,606.6,1098.0,549.0
2024-10-28,P0003,571.6,1098.0,549.0
2024-10-29,P0003,542.6,1098.0,549.0
2024-10-30,P0003,475.6,1098.0,549.0
2024-10-31,P0003,391.6,1098.0,549.0
2024-11-01,P0003,308.6,1098.0,549.0
2024-11-02,P0003,263.6,1098.0,549.0
2024-11-03,P0003,233.6,1098.0,549.0
2024-11-04,P0003,202.6,1098.0,549.0
2024-11-05,P0003,118.6,1098.0,549.0
2024-11-06,P0003,1445.6,1098.0,549.0
2024-11-07,P0003,1390.6,1098.0,549.0
2024-11-08,P0003,1309.6,1098.0,549.0
2024-11-09,P0003,1309.6,1098.0,549.0
2024-11-10,P0003,1270.6,1098.0,549.0
2024-11-11,P0003,1165.6,1098.0,549.0
2024-11-12,P0003,1109.6,1098.0,549.0
2024-11-13,P0003,1065.6,1098.0,549.0
2024-11-14,P0003,978.6,1098.0,549.0
2024-11-15,P0003,967.6,1098.0,549.0
2024-11-16,P0003,938.6,1098.0,549.0
2024-11-17,P0003,938.6,1098.0,549.0
2024-11-18,P0003,804.6,1098.0,549.0
2024-11-19,P0003,747.6,1098.0,549.0
2024-11-20,P0003,648.6,1098.0,549.0
2024-11-21,P0003,630.6,1098.0,549.0
2024-11-22,P0003,598.6,1098.0,549.0
2024-11-23,P0003,598.6,1098.0,549.0
2024-11-24,P0003,598.6,1098.0,549.0
2024-11-25,P0003,578.6,1098.0,549.0
2024-11-26,P0003,539.6,1098.0,549.0
2024-11-27,P0003,459.6,1098.0,549.0
2024-11-28,P0003,403.6,1098.0,549.0
2024-11-29,P0003,347.6,1098.0,549.0
2024-11-30,P0003,314.6,1098.0,549.0
2024-12-01,P0003,314.6,1098.0,549.0
2024-12-02,P0003,204.6,1098.0,549.0
2024-12-03,P0003,1558.6,1098.0,549.0
2024-12-04,P0003,1510.6,1098.0,549.0
2024-12-05,P0003,1464.6,1098.0,549.0
2024-12-06,P0003,1338.6,1098.0,549.0
2024-12-07,P0003,1322.6,1098.0,549.0
2024-12-08,P0003,1291.6,1098.0,549.0
2024-12-09,P0003,1163.6,1098.0,549.0
2024-12-10,P0003,1163.6,1098.0,549.0
2024-12-11,P0003,1025.6,1098.0,549.0
2024-12-12,P0003,1025.6,1098.0,549.0
2024-12-13,P0003,1000.6,1098.0,549.0
2024-12-14,P0003,920.6,1098.0,549.0
2024-12-15,P0003,888.6,1098.0,549.0
2024-12-16,P0003,856.6,1098.0,549.0
2024-12-17,P0003,795.6,1098.0,549.0
2024-12-18,P0003,708.6,1098.0,549.0
2024-12-19,P0003,581.6,1098.0,549.0
2024-12-20,P0003,508.6,1098.0,549.0
2024-12-21,P0003,479.6,1098.0,549.0
2024-12-22,P0003,438.6,1098.0,549.0
2024-12-23,P0003,360.6,1098.0,549.0
2024-12-24,P0003,289.6,1098.0,549.0
2024-12-25,P0003,289.6,1098.0,549.0
2024-12-26,P0003,276.6,1098.0,549.0
2024-12-27,P0003,214.6,1098.0,549.0
2024-12-28,P0003,159.6,1098.0,549.0
2024-12-29,P0003,118.6,1098.0,549.0
2024-12-30,P0003,27.6,1098.0,549.0
2024-12-31,P0003,1318.6,1098.0,549.0
2025-01-01,P0003,1175.6,1098.0,549.0
2025-01-02,P0003,1135.6,1098.0,549.0
2025-01-03,P0003,1006.6,1098.0,549.0
2025-01-04,P0003,988.6,1098.0,549.0
2025-01-05,P0003,988.6,1098.0,549.0
2025-01-06,P0003,919.6,1098.0,549.0
2025-01-07,P0003,830.6,1098.0,549.0
2025-01-08,P0003,728.6,1098.0,549.0
2025-01-09,P0003,632.6,1098.0,549.0
2025-01-10,P0003,545.6,1098.0,549.0
2025-01-11,P0003,499.6,1098.0,549.0
2025-01-12,P0003,470.6,1098.0,549.0
2025-01-13,P0003,361.6,1098.0,549.0
2025-01-14,P0003,252.6,1098.0,549.0
2025-01-15,P0003,194.6,1098.0,549.0
2025-01-16,P0003,154.6,1098.0,549.0
2025-01-17,P0003,39.6,1098.0,549.0
2025-01-18,P0003,39.6,1098.0,549.0
2025-01-19,P0003,25.6,1098.0,549.0
2025-01-20,P0003,0.0,1098.0,549.0
2025-01-21,P0003,0.0,1098.0,549.0
2025-01-22,P0003,0.0,1098.0,549.0
2025-01-23,P0003,1464.0,1098.0,549.0
2025-01-24,P0003,1428.0,1098.0,549.0
2025-01-25,P0003,1406.0,1098.0,549.0
2025-01-26,P0003,1406.0,1098.0,549.0
2025-01-27,P0003,1374.0,1098.0,549.0
2025-01-28,P0003,1374.0,1098.0,549.0
2025-01-29,P0003,1340.0,1098.0,549.0
2025-01-30,P0003,1297.0,1098.0,549.0
2025-01-31,P0003,1254.0,1098.0,549.0
2025-02-01,P0003,1221.0,1098.0,549.0
2025-02-02,P0003,1193.0,1098.0,549.0
2025-02-03,P0003,1193.0,1098.0,549.0
2025-02-04,P0003,1166.0,1098.0,549.0
2025-02-05,P0003,1124.0,1098.0,549.0
2025-02-06,P0003,1079.0,1098.0,549.0
2025-02-07,P0003,1032.0,1098.0,549.0
2025-02-08,P0003,941.0,1098.0,549.0
2025-02-09,P0003,941.0,1098.0,549.0
2025-02-10,P0003,941.0,1098.0,549.0
2025-02-11,P0003,941.0,1098.0,549.0
2025-02-12,P0003,941.0,1098.0,549.0
2025-02-13,P0003,941.0,1098.0,549.0
2025-02-14,P0003,941.0,1098.0,549.0
2025-02-15,P0003,941.0,1098.0,549.0
2025-02-16,P0003,890.0,1098.0,549.0
2025-02-17,P0003,826.0,1098.0,549.0
2025-02-18,P0003,786.0,1098.0,549.0
2025-02-19,P0003,674.0,1098.0,549.0
2025-02-20,P0003,638.0,1098.0,549.0
2025-02-21,P0003,589.0,1098.0,549.0
2025-02-22,P0003,546.0,1098.0,549.0
2025-02-23,P0003,546.0,1098.0,549.0
2025-02-24,P0003,477.0,1098.0,549.0
2025-02-25,P0003,425.0,1098.0,549.0
2025-02-26,P0003,1811.6,1098.0,549.0
2025-02-27,P0003,1732.6,1098.0,549.0
2025-02-28,P0003,1668.6,1098.0,549.0
2025-03-01,P0003,1668.6,1098.0,549.0
2025-03-02,P0003,1668.6,1098.0,549.0
2025-03-03,P0003,1608.6,1098.0,549.0
2025-03-04,P0003,1567.6,1098.0,549.0
2025-03-05,P0003,1473.6,1098.0,549.0
2025-03-06,P0003,1357.6,1098.0,549.0
2025-03-07,P0003,1284.6,1098.0,549.0
2025-03-08,P0003,1272.6,1098.0,549.0
2025-03-09,P0003,1272.6,1098.0,549.0
2025-03-10,P0003,1272.6,1098.0,549.0
2025-03-11,P0003,1125.6,1098.0,549.0
2025-03-12,P0003,1056.6,1098.0,549.0
2025-03-13,P0003,1056.6,1098.0,549.0
2025-03-14,P0003,976.6,1098.0,549.0
2025-03-15,P0003,976.6,1098.0,549.0
2025-03-16,P0003,976.6,1098.0,549.0
2025-03-17,P0003,951.6,1098.0,549.0
2025-03-18,P0003,899.6,1098.0,549.0
2025-03-19,P0003,833.6,1098.0,549.0
2025-03-20,P0003,807.6,1098.0,549.0
2025-03-21,P0003,768.6,1098.0,549.0
2025-03-22,P0003,725.6,1098.0,549.0
2025-03-23,P0003,691.6,1098.0,549.0
2025-03-24,P0003,507.6,1098.0,549.0
2025-03-25,P0003,455.6,1098.0,549.0
2025-03-26,P0003,375.6,1098.0,549.0
2025-03-27,P0003,271.6,1098.0,549.0
2025-03-28,P0003,216.6,1098.0,549.0
2025-03-29,P0003,216.6,1098.0,549.0
2025-03-30,P0003,216.6,1098.0,549.0
2025-03-31,P0003,183.6,1098.0,549.0
2025-04-01,P0003,1597.6,1098.0,549.0
2025-04-02,P0003,1544.6,1098.0,549.0
2025-04-03,P0003,1394.6,1098.0,549.0
2025-04-04,P0003,1226.6,1098.0,549.0
2025-04-05,P0003,1161.6,1098.0,549.0
2025-04-06,P0003,1137.6,1098.0,549.0
2025-04-07,P0003,1137.6,1098.0,549.0
2025-04-08,P0003,1070.6,1098.0,549.0
2025-04-09,P0003,938.6,1098.0,549.0
2025-04-10,P0003,890.6,1098.0,549.0
2025-04-11,P0003,890.6,1098.0,549.0
2025-04-12,P0003,820.6,1098.0,549.0
2025-04-13,P0003,820.6,1098.0,549.0
2025-04-14,P0003,691.6,1098.0,549.0
2025-04-15,P0003,677.6,1098.0,549.0
2025-04-16,P0003,603.6,1098.0,549.0
2025-04-17,P0003,569.6,1098.0,549.0
2025-04-18,P0003,518.6,1098.0,549.0
2025-04-19,P0003,475.6,1098.0,549.0
2025-04-20,P0003,379.6,1098.0,549.0
2025-04-21,P0003,263.6,1098.0,549.0
2025-04-22,P0003,176.6,1098.0,549.0
2025-04-23,P0003,156.6,1098.0,549.0
2025-04-24,P0003,107.6,1098.0,549.0
2025-04-25,P0003,0.0,1098.0,549.0
2025-04-26,P0003,0.0,1098.0,549.0
2025-04-27,P0003,0.0,1098.0,549.0
2025-04-28,P0003,1364.0,1098.0,549.0
2025-04-29,P0003,1293.0,1098.0,549.0
2025-04-30,P0003,1192.0,1098.0,549.0
2025-05-01,P0003,1140.0,1098.0,549.0
2025-05-02,P0003,1140.0,1098.0,549.0
2025-05-03,P0003,1098.0,1098.0,549.0
2025-05-04,P0003,1055.0,1098.0,549.0
2025-05-05,P0003,1012.0,1098.0,549.0
2025-05-06,P0003,966.0,1098.0,549.0
2025-05-07,P0003,966.0,1098.0,549.0
2025-05-08,P0003,906.0,1098.0,549.0
2025-05-09,P0003,789.0,1098.0,549.0
2025-05-10,P0003,722.0,1098.0,549.0
2025-05-11,P0003,566.0,1098.0,549.0
2025-05-12,P0003,522.0,1098.0,549.0
2025-05-13,P0003,495.0,1098.0,549.0
2025-05-14,P0003,420.0,1098.0,549.0
2025-05-15,P0003,333.0,1098.0,549.0
2025-05-16,P0003,239.0,1098.0,549.0
2025-05-17,P0003,239.0,1098.0,549.0
2025-05-18,P0003,239.0,1098.0,549.0
2025-05-19,P0003,180.0,1098.0,549.0
2025-05-20,P0003,180.0,1098.0,549.0
2025-05-21,P0003,126.0,1098.0,549.0
2025-05-22,P0003,83.0,1098.0,549.0
2025-05-23,P0003,1422.6,1098.0,549.0
2025-05-24,P0003,1422.6,1098.0,549.0
2025-05-25,P0003,1392.6,1098.0,549.0
2025-05-26,P0003,1376.6,1098.0,549.0
2025-05-27,P0003,1333.6,1098.0,549.0
2025-05-28,P0003,1296.6,1098.0,549.0
2025-05-29,P0003,1245.6,1098.0,549.0
2025-05-30,P0003,1201.6,1098.0,549.0
2025-05-31,P0003,1201.6,1098.0,549.0
2025-06-01,P0003,1170.6,1098.0,549.0
2025-06-02,P0003,1069.6,1098.0,549.0
2025-06-03,P0003,1008.6,1098.0,549.0
2025-06-04,P0003,943.6,1098.0,549.0
2025-06-05,P0003,846.6,1098.0,549.0
2025-06-06,P0003,789.6,1098.0,549.0
2025-06-07,P0003,740.6,1098.0,549.0
2025-06-08,P0003,729.6,1098.0,549.0
2025-06-09,P0003,729.6,1098.0,549.0
2025-06-10,P0003,691.6,1098.0,549.0
2025-06-11,P0003,647.6,1098.0,549.0
2025-06-12,P0003,503.6,1098.0,549.0
2025-06-13,P0003,475.6,1098.0,549.0
2025-06-14,P0003,475.6,1098.0,549.0
2025-06-15,P0003,475.6,1098.0,549.0
2025-06-16,P0003,443.6,1098.0,549.0
2025-06-17,P0003,336.6,1098.0,549.0
2025-06-18,P0003,257.6,1098.0,549.0
2025-06-19,P0003,232.6,1098.0,549.0
2025-06-20,P0003,124.6,1098.0,549.0
2025-06-21,P0003,88.6,1098.0,549.0
2025-06-22,P0003,1489.6,1098.0,549.0
2025-06-23,P0003,1344.6,1098.0,549.0
2025-06-24,P0003,1309.6,1098.0,549.0
2025-06-25,P0003,1252.6,1098.0,549.0
2025-06-26,P0003,1187.6,1098.0,549.0
2025-06-27,P0003,1020.6,1098.0,549.0
2025-06-28,P0003,934.6,1098.0,549.0
2025-06-29,P0003,890.6,1098.0,549.0
2025-06-30,P0003,831.6,1098.0,549.0
2025-07-01,P0003,737.6,1098.0,549.0
2025-07-02,P0003,639.6,1098.0,549.0
2025-07-03,P0003,597.6,1098.0,549.0
2025-07-04,P0003,509.6,1098.0,549.0
2025-07-05,P0003,468.6,1098.0,549.0
2025-07-06,P0003,448.6,1098.0,549.0
2025-07-07,P0003,358.6,1098.0,549.0
2025-07-08,P0003,317.6,1098.0,549.0
2025-07-09,P0003,275.6,1098.0,549.0
2025-07-10,P0003,190.6,1098.0,549.0
2025-07-11,P0003,183.6,1098.0,549.0
2025-07-12,P0003,183.6,1098.0,549.0
2025-07-13,P0003,183.6,1098.0,549.0
2025-07-14,P0003,163.6,1098.0,549.0
2025-07-15,P0003,77.6,1098.0,549.0
2025-07-16,P0003,0.0,1098.0,549.0
2025-07-17,P0003,1431.0,1098.0,549.0
2025-07-18,P0003,1309.0,1098.0,549.0
2025-07-19,P0003,1309.0,1098.0,549.0
2025-07-20,P0003,1269.0,1098.0,549.0
2025-07-21,P0003,1241.0,1098.0,549.0
2025-07-22,P0003,1057.0,1098.0,549.0
2025-07-23,P0003,1057.0,1098.0,549.0
2025-07-24,P0003,963.0,1098.0,549.0
2025-07-25,P0003,828.0,1098.0,549.0
2025-07-26,P0003,828.0,1098.0,549.0
2025-07-27,P0003,770.0,1098.0,549.0
2025-07-28,P0003,606.0,1098.0,549.0
2025-07-29,P0003,508.0,1098.0,549.0
2025-07-30,P0003,464.0,1098.0,549.0
2025-07-31,P0003,295.0,1098.0,549.0
2025-08-01,P0003,246.0,1098.0,549.0
2025-08-02,P0003,234.0,1098.0,549.0
2025-08-03,P0003,193.0,1098.0,549.0
2025-08-04,P0003,100.0,1098.0,549.0
2025-08-05,P0003,0.0,1098.0,549.0
2025-08-06,P0003,0.0,1098.0,549.0
2025-08-07,P0003,0.0,1098.0,549.0
2025-08-08,P0003,0.0,1098.0,549.0
2025-08-09,P0003,0.0,1098.0,549.0
2025-08-10,P0003,0.0,1098.0,549.0
2025-08-11,P0003,1318.6,1098.0,549.0
2025-08-12,P0003,1198.6,1098.0,549.0
2025-08-13,P0003,903.6,1098.0,549.0
2025-08-14,P0003,798.6,1098.0,549.0
2025-08-15,P0003,614.6,1098.0,549.0
2025-08-16,P0003,569.6,1098.0,549.0
2025-08-17,P0003,569.6,1098.0,549.0
2025-08-18,P0003,538.6,1098.0,549.0
2025-08-19,P0003,478.6,1098.0,549.0
2025-08-20,P0003,393.6,1098.0,549.0
2025-08-21,P0003,393.6,1098.0,549.0
2025-08-22,P0003,278.6,1098.0,549.0
2025-08-23,P0003,278.6,1098.0,549.0
2025-08-24,P0003,255.6,1098.0,549.0
2025-08-25,P0003,154.6,1098.0,549.0
2025-08-26,P0003,154.6,1098.0,549.0
2025-08-27,P0003,26.6,1098.0,549.0
2025-08-28,P0003,3.6,1098.0,549.0
2025-08-29,P0003,0.0,1098.0,549.0
2025-08-30,P0003,0.0,1098.0,549.0
2025-08-31,P0003,0.0,1098.0,549.0
2025-09-01,P0003,0.0,1098.0,549.0
2025-09-02,P0003,1448.0,1098.0,549.0
2025-09-03,P0003,1417.0,1098.0,549.0
2025-09-04,P0003,1305.0,1098.0,549.0
2025-09-05,P0003,1167.0,1098.0,549.0
2025-09-06,P0003,1142.0,1098.0,549.0
2025-09-07,P0003,1124.0,1098.0,549.0
2025-09-08,P0003,1029.0,1098.0,549.0
2025-09-09,P0003,954.0,1098.0,549.0
2025-09-10,P0003,909.0,1098.0,549.0
2025-09-11,P0003,801.0,1098.0,549.0
2025-09-12,P0003,712.0,1098.0,549.0
2025-09-13,P0003,712.0,1098.0,549.0
2025-09-14,P0003,712.0,1098.0,549.0
2025-09-15,P0003,635.0,1098.0,549.0
2025-09-16,P0003,486.0,1098.0,549.0
2025-09-17,P0003,453.0,1098.0,549.0
2025-09-18,P0003,381.0,1098.0,549.0
2025-09-19,P0003,342.0,1098.0,549.0
2025-09-20,P0003,342.0,1098.0,549.0
2025-09-21,P0003,342.0,1098.0,549.0
2025-09-22,P0003,231.0,1098.0,549.0
2025-09-23,P0003,205.0,1098.0,549.0
2025-09-24,P0003,40.0,1098.0,549.0
2025-09-25,P0003,0.0,1098.0,549.0
2025-09-26,P0003,0.0,1098.0,549.0
2025-09-27,P0003,0.0,1098.0,549.0
2025-09-28,P0003,1398.6,1098.0,549.0
2025-09-29,P0003,1355.6,1098.0,549.0
2025-09-30,P0003,1236.6,1098.0,549.0
2025-10-01,P0003,1208.6,1098.0,549.0
2025-10-02,P0003,1116.6,1098.0,549.0
2025-10-03,P0003,1061.6,1098.0,549.0
2025-10-04,P0003,1001.6,1098.0,549.0
2025-10-05,P0003,1001.6,1098.0,549.0
2025-10-06,P0003,903.6,1098.0,549.0
2025-10-07,P0003,861.6,1098.0,549.0
2025-10-08,P0003,770.6,1098.0,549.0
2025-10-09,P0003,670.6,1098.0,549.0
2025-10-10,P0003,527.6,1098.0,549.0
2025-10-11,P0003,509.6,1098.0,549.0
2025-10-12,P0003,498.6,1098.0,549.0
2025-10-13,P0003,409.6,1098.0,549.0
2025-10-14,P0003,315.6,1098.0,549.0
2025-10-15,P0003,304.6,1098.0,549.0
2025-10-16,P0003,304.6,1098.0,549.0
2025-10-17,P0003,230.6,1098.0,549.0
2025-10-18,P0003,193.6,1098.0,549.0
2025-10-19,P0003,188.6,1098.0,549.0
2025-10-20,P0003,188.6,1098.0,549.0
2025-10-21,P0003,148.6,1098.0,549.0
2025-10-22,P0003,148.6,1098.0,549.0
2025-10-23,P0003,1536.6,1098.0,549.0
2025-10-24,P0003,1412.6,1098.0,549.0
2025-10-25,P0003,1373.6,1098.0,549.0
2025-10-26,P0003,1373.6,1098.0,549.0
2025-10-27,P0003,1280.6,1098.0,549.0
2025-10-28,P0003,1261.6,1098.0,549.0
2025-10-29,P0003,1211.6,1098.0,549.0
2025-10-30,P0003,1211.6,1098.0,549.0
2025-10-31,P0003,1140.6,1098.0,549.0
2025-11-01,P0003,1076.6,1098.0,549.0
2025-11-02,P0003,1061.6,1098.0,549.0
2025-11-03,P0003,873.6,1098.0,549.0
2025-11-04,P0003,697.6,1098.0,549.0
2025-11-05,P0003,675.6,1098.0,549.0
2025-11-06,P0003,561.6,1098.0,549.0
2025-11-07,P0003,497.6,1098.0,549.0
2025-11-08,P0003,469.6,1098.0,549.0
2025-11-09,P0003,399.6,1098.0,549.0
2025-11-10,P0003,351.6,1098.0,549.0
2025-11-11,P0003,282.6,1098.0,549.0
2025-11-12,P0003,237.6,1098.0,549.0
2025-11-13,P0003,35.6,1098.0,549.0
2025-11-14,P0003,14.6,1098.0,549.0
2025-11-15,P0003,0.0,1098.0,549.0
2025-11-16,P0003,0.0,1098.0,549.0
2025-11-17,P0003,0.0,1098.0,549.0
2025-11-18,P0003,0.0,1098.0,549.0
2025-11-19,P0003,0.0,1098.0,549.0
2025-11-20,P0003,0.0,1098.0,549.0
2025-11-21,P0003,1368.0,1098.0,549.0
2025-11-22,P0003,1323.0,1098.0,549.0
2025-11-23,P0003,1275.0,1098.0,549.0
2025-11-24,P0003,1181.0,1098.0,549.0
2025-11-25,P0003,1062.0,1098.0,549.0
2025-11-26,P0003,944.0,1098.0,549.0
2025-11-27,P0003,869.0,1098.0,549.0
2025-11-28,P0003,757.0,1098.0,549.0
2025-11-29,P0003,657.0,1098.0,549.0
2025-11-30,P0003,599.0,1098.0,549.0
2025-12-01,P0003,504.0,1098.0,549.0
2025-12-02,P0003,459.0,1098.0,549.0
2025-12-03,P0003,356.0,1098.0,549.0
2025-12-04,P0003,193.0,1098.0,549.0
2025-12-05,P0003,168.0,1098.0,549.0
2025-12-06,P0003,161.0,1098.0,549.0
2025-12-07,P0003,130.0,1098.0,549.0
2025-12-08,P0003,80.0,1098.0,549.0
2025-12-09,P0003,31.0,1098.0,549.0
2025-12-10,P0003,0.0,1098.0,549.0
2025-12-11,P0003,0.0,1098.0,549.0
2025-12-12,P0003,0.0,1098.0,549.0
2025-12-13,P0003,0.0,1098.0,549.0
2025-12-14,P0003,0.0,1098.0,549.0
2025-12-15,P0003,1376.6,1098.0,549.0
2025-12-16,P0003,1353.6,1098.0,549.0
2025-12-17,P0003,1310.6,1098.0,549.0
2025-12-18,P0003,1179.6,1098.0,549.0
2025-12-19,P0003,1105.6,1098.0,549.0
2025-12-20,P0003,1067.6,1098.0,549.0
2025-12-21,P0003,1023.6,1098.0,549.0
2025-12-22,P0003,886.6,1098.0,549.0
2025-12-23,P0003,816.6,1098.0,549.0
2025-12-24,P0003,744.6,1098.0,549.0
2025-12-25,P0003,728.6,1098.0,549.0
2025-12-26,P0003,668.6,1098.0,549.0
2025-12-27,P0003,668.6,1098.0,549.0
2025-12-28,P0003,668.6,1098.0,549.0
2025-12-29,P0003,631.6,1098.0,549.0
2025-12-30,P0003,597.6,1098.0,549.0
2025-12-31,P0003,476.6,1098.0,549.0
2023-01-01,P0004,2678.7,1198.5,599.3
2023-01-02,P0004,2564.7,1198.5,599.3
2023-01-03,P0004,2440.7,1198.5,599.3
2023-01-04,P0004,2396.7,1198.5,599.3
2023-01-05,P0004,2258.7,1198.5,599.3
2023-01-06,P0004,2212.7,1198.5,599.3
2023-01-07,P0004,2191.7,1198.5,599.3
2023-01-08,P0004,2191.7,1198.5,599.3
2023-01-09,P0004,2147.7,1198.5,599.3
2023-01-10,P0004,2090.7,1198.5,599.3
2023-01-11,P0004,2032.7,1198.5,599.3
2023-01-12,P0004,1993.7,1198.5,599.3
2023-01-13,P0004,1919.7,1198.5,599.3
2023-01-14,P0004,1898.7,1198.5,599.3
2023-01-15,P0004,1898.7,1198.5,599.3
2023-01-16,P0004,1859.7,1198.5,599.3
2023-01-17,P0004,1841.7,1198.5,599.3
2023-01-18,P0004,1800.7,1198.5,599.3
2023-01-19,P0004,1721.7,1198.5,599.3
2023-01-20,P0004,1658.7,1198.5,599.3
2023-01-21,P0004,1606.7,1198.5,599.3
2023-01-22,P0004,1606.7,1198.5,599.3
2023-01-23,P0004,1461.7,1198.5,599.3
2023-01-24,P0004,1377.7,1198.5,599.3
2023-01-25,P0004,1328.7,1198.5,599.3
2023-01-26,P0004,1236.7,1198.5,599.3
2023-01-27,P0004,1130.7,1198.5,599.3
2023-01-28,P0004,1130.7,1198.5,599.3
2023-01-29,P0004,1102.7,1198.5,599.3
2023-01-30,P0004,1024.7,1198.5,599.3
2023-01-31,P0004,995.7,1198.5,599.3
2023-02-01,P0004,953.7,1198.5,599.3
2023-02-02,P0004,893.7,1198.5,599.3
2023-02-03,P0004,814.7,1198.5,599.3
2023-02-04,P0004,814.7,1198.5,599.3
2023-02-05,P0004,814.7,1198.5,599.3
2023-02-06,P0004,675.7,1198.5,599.3
2023-02-07,P0004,603.7,1198.5,599.3
2023-02-08,P0004,590.7,1198.5,599.3
2023-02-09,P0004,571.7,1198.5,599.3
2023-02-10,P0004,503.7,1198.5,599.3
2023-02-11,P0004,479.7,1198.5,599.3
2023-02-12,P0004,446.7,1198.5,599.3
2023-02-13,P0004,368.7,1198.5,599.3
2023-02-14,P0004,286.7,1198.5,599.3
2023-02-15,P0004,255.7,1198.5,599.3
2023-02-16,P0004,1821.7,1198.5,599.3
2023-02-17,P0004,1759.7,1198.5,599.3
2023-02-18,P0004,1759.7,1198.5,599.3
2023-02-19,P0004,1759.7,1198.5,599.3
2023-02-20,P0004,1712.7,1198.5,599.3
2023-02-21,P0004,1552.7,1198.5,599.3
2023-02-22,P0004,1552.7,1198.5,599.3
2023-02-23,P0004,1479.7,1198.5,599.3
2023-02-24,P0004,1463.7,1198.5,599.3
2023-02-25,P0004,1427.7,1198.5,599.3
2023-02-26,P0004,1397.7,1198.5,599.3
2023-02-27,P0004,1375.7,1198.5,599.3
2023-02-28,P0004,1345.7,1198.5,599.3
2023-03-01,P0004,1314.7,1198.5,599.3
2023-03-02,P0004,1108.7,1198.5,599.3
2023-03-03,P0004,997.7,1198.5,599.3
2023-03-04,P0004,997.7,1198.5,599.3
2023-03-05,P0004,967.7,1198.5,599.3
2023-03-06,P0004,959.7,1198.5,599.3
2023-03-07,P0004,959.7,1198.5,599.3
2023-03-08,P0004,917.7,1198.5,599.3
2023-03-09,P0004,871.7,1198.5,599.3
2023-03-10,P0004,866.7,1198.5,599.3
2023-03-11,P0004,820.7,1198.5,599.3
2023-03-12,P0004,775.7,1198.5,599.3
2023-03-13,P0004,747.7,1198.5,599.3
2023-03-14,P0004,649.7,1198.5,599.3
2023-03-15,P0004,609.7,1198.5,599.3
2023-03-16,P0004,536.7,1198.5,599.3
2023-03-17,P0004,427.7,1198.5,599.3
2023-03-18,P0004,378.7,1198.5,599.3
2023-03-19,P0004,364.7,1198.5,599.3
2023-03-20,P0004,245.7,1198.5,599.3
2023-03-21,P0004,127.7,1198.5,599.3
2023-03-22,P0004,1674.7,1198.5,599.3
2023-03-23,P0004,1625.7,1198.5,599.3
2023-03-24,P0004,1589.7,1198.5,599.3
2023-03-25,P0004,1529.7,1198.5,599.3
2023-03-26,P0004,1496.7,1198.5,599.3
2023-03-27,P0004,1411.7,1198.5,599.3
2023-03-28,P0004,1411.7,1198.5,599.3
2023-03-29,P0004,1387.7,1198.5,599.3
2023-03-30,P0004,1338.7,1198.5,599.3
2023-03-31,P0004,1269.7,1198.5,599.3
2023-04-01,P0004,1269.7,1198.5,599.3
2023-04-02,P0004,1220.7,1198.5,599.3
2023-04-03,P0004,1220.7,1198.5,599.3
2023-04-04,P0004,1121.7,1198.5,599.3
2023-04-05,P0004,1056.7,1198.5,599.3
2023-04-06,P0004,1027.7,1198.5,599.3
2023-04-07,P0004,796.7,1198.5,599.3
2023-04-08,P0004,796.7,1198.5,599.3
2023-04-09,P0004,700.7,1198.5,599.3
2023-04-10,P0004,631.7,1198.5,599.3
2023-04-11,P0004,596.7,1198.5,599.3
2023-04-12,P0004,439.7,1198.5,599.3
2023-04-13,P0004,348.7,1198.5,599.3
2023-04-14,P0004,331.7,1198.5,599.3
2023-04-15,P0004,331.7,1198.5,599.3
2023-04-16,P0004,295.7,1198.5,599.3
2023-04-17,P0004,205.7,1198.5,599.3
2023-04-18,P0004,51.7,1198.5,599.3
2023-04-19,P0004,0.0,1198.5,599.3
2023-04-20,P0004,0.0,1198.5,599.3
2023-04-21,P0004,0.0,1198.5,599.3
2023-04-22,P0004,0.0,1198.5,599.3
2023-04-23,P0004,0.0,1198.5,599.3
2023-04-24,P0004,1556.0,1198.5,599.3
2023-04-25,P0004,1475.0,1198.5,599.3
2023-04-26,P0004,1365.0,1198.5,599.3
2023-04-27,P0004,1269.0,1198.5,599.3
2023-04-28,P0004,1216.0,1198.5,599.3
2023-04-29,P0004,1207.0,1198.5,599.3
2023-04-30,P0004,1207.0,1198.5,599.3
2023-05-01,P0004,1175.0,1198.5,599.3
2023-05-02,P0004,1061.0,1198.5,599.3
2023-05-03,P0004,998.0,1198.5,599.3
2023-05-04,P0004,989.0,1198.5,599.3
2023-05-05,P0004,944.0,1198.5,599.3
2023-05-06,P0004,944.0,1198.5,599.3
2023-05-07,P0004,937.0,1198.5,599.3
2023-05-08,P0004,851.0,1198.5,599.3
2023-05-09,P0004,760.0,1198.5,599.3
2023-05-10,P0004,708.0,1198.5,599.3
2023-05-11,P0004,545.0,1198.5,599.3
2023-05-12,P0004,496.0,1198.5,599.3
2023-05-13,P0004,496.0,1198.5,599.3
2023-05-14,P0004,469.0,1198.5,599.3
2023-05-15,P0004,414.0,1198.5,599.3
2023-05-16,P0004,287.0,1198.5,599.3
2023-05-17,P0004,258.0,1198.5,599.3
2023-05-18,P0004,210.0,1198.5,599.3
2023-05-19,P0004,87.0,1198.5,599.3
2023-05-20,P0004,87.0,1198.5,599.3
2023-05-21,P0004,1560.7,1198.5,599.3
2023-05-22,P0004,1409.7,1198.5,599.3
2023-05-23,P0004,1351.7,1198.5,599.3
2023-05-24,P0004,1296.7,1198.5,599.3
2023-05-25,P0004,1278.7,1198.5,599.3
2023-05-26,P0004,1261.7,1198.5,599.3
2023-05-27,P0004,1195.7,1198.5,599.3
2023-05-28,P0004,1159.7,1198.5,599.3
2023-05-29,P0004,1075.7,1198.5,599.3
2023-05-30,P0004,972.7,1198.5,599.3
2023-05-31,P0004,962.7,1198.5,599.3
2023-06-01,P0004,962.7,1198.5,599.3
2023-06-02,P0004,908.7,1198.5,599.3
2023-06-03,P0004,823.7,1198.5,599.3
2023-06-04,P0004,730.7,1198.5,599.3
2023-06-05,P0004,670.7,1198.5,599.3
2023-06-06,P0004,527.7,1198.5,599.3
2023-06-07,P0004,500.7,1198.5,599.3
2023-06-08,P0004,430.7,1198.5,599.3
2023-06-09,P0004,340.7,1198.5,599.3
2023-06-10,P0004,330.7,1198.5,599.3
2023-06-11,P0004,330.7,1198.5,599.3
2023-06-12,P0004,288.7,1198.5,599.3
2023-06-13,P0004,257.7,1198.5,599.3
2023-06-14,P0004,117.7,1198.5,599.3
2023-06-15,P0004,0.0,1198.5,599.3
2023-06-16,P0004,1436.0,1198.5,599.3
2023-06-17,P0004,1310.0,1198.5,599.3
2023-06-18,P0004,1310.0,1198.5,599.3
2023-06-19,P0004,1282.0,1198.5,599.3
2023-06-20,P0004,1262.0,1198.5,599.3
2023-06-21,P0004,1188.0,1198.5,599.3
2023-06-22,P0004,1151.0,1198.5,599.3
2023-06-23,P0004,1075.0,1198.5,599.3
2023-06-24,P0004,1075.0,1198.5,599.3
2023-06-25,P0004,1054.0,1198.5,599.3
2023-06-26,P0004,1054.0,1198.5,599.3
2023-06-27,P0004,942.0,1198.5,599.3
2023-06-28,P0004,855.0,1198.5,599.3
2023-06-29,P0004,762.0,1198.5,599.3
2023-06-30,P0004,739.0,1198.5,599.3
2023-07-01,P0004,727.0,1198.5,599.3
2023-07-02,P0004,705.0,1198.5,599.3
2023-07-03,P0004,643.0,1198.5,599.3
2023-07-04,P0004,536.0,1198.5,599.3
2023-07-05,P0004,346.0,1198.5,599.3
2023-07-06,P0004,278.0,1198.5,599.3
2023-07-07,P0004,267.0,1198.5,599.3
2023-07-08,P0004,190.0,1198.5,599.3
2023-07-09,P0004,165.0,1198.5,599.3
2023-07-10,P0004,102.0,1198.5,599.3
2023-07-11,P0004,1576.7,1198.5,599.3
2023-07-12,P0004,1529.7,1198.5,599.3
2023-07-13,P0004,1386.7,1198.5,599.3
2023-07-14,P0004,1240.7,1198.5,599.3
2023-07-15,P0004,1194.7,1198.5,599.3
2023-07-16,P0004,1135.7,1198.5,599.3
2023-07-17,P0004,1093.7,1198.5,599.3
2023-07-18,P0004,908.7,1198.5,599.3
2023-07-19,P0004,863.7,1198.5,599.3
2023-07-20,P0004,723.7,1198.5,599.3
2023-07-21,P0004,646.7,1198.5,599.3
2023-07-22,P0004,623.7,1198.5,599.3
2023-07-23,P0004,603.7,1198.5,599.3
2023-07-24,P0004,581.7,1198.5,599.3
2023-07-25,P0004,573.7,1198.5,599.3
2023-07-26,P0004,552.7,1198.5,599.3
2023-07-27,P0004,444.7,1198.5,599.3
2023-07-28,P0004,377.7,1198.5,599.3
2023-07-29,P0004,344.7,1198.5,599.3
2023-07-30,P0004,288.7,1198.5,599.3
2023-07-31,P0004,239.7,1198.5,599.3
2023-08-01,P0004,200.7,1198.5,599.3
2023-08-02,P0004,53.7,1198.5,599.3
2023-08-03,P0004,0.0,1198.5,599.3
2023-08-04,P0004,1363.0,1198.5,599.3
2023-08-05,P0004,1363.0,1198.5,599.3
2023-08-06,P0004,1310.0,1198.5,599.3
2023-08-07,P0004,1289.0,1198.5,599.3
2023-08-08,P0004,1270.0,1198.5,599.3
2023-08-09,P0004,1262.0,1198.5,599.3
2023-08-10,P0004,1209.0,1198.5,599.3
2023-08-11,P0004,1047.0,1198.5,599.3
2023-08-12,P0004,969.0,1198.5,599.3
2023-08-13,P0004,891.0,1198.5,599.3
2023-08-14,P0004,842.0,1198.5,599.3
2023-08-15,P0004,733.0,1198.5,599.3
2023-08-16,P0004,706.0,1198.5,599.3
2023-08-17,P0004,629.0,1198.5,599.3
2023-08-18,P0004,610.0,1198.5,599.3
2023-08-19,P0004,584.0,1198.5,599.3
2023-08-20,P0004,547.0,1198.5,599.3
2023-08-21,P0004,399.0,1198.5,599.3
2023-08-22,P0004,349.0,1198.5,599.3
2023-08-23,P0004,349.0,1198.5,599.3
2023-08-24,P0004,235.0,1198.5,599.3
2023-08-25,P0004,181.0,1198.5,599.3
2023-08-26,P0004,181.0,1198.5,599.3
2023-08-27,P0004,149.0,1198.5,599.3
2023-08-28,P0004,136.0,1198.5,599.3
2023-08-29,P0004,108.0,1198.5,599.3
2023-08-30,P0004,0.0,1198.5,599.3
2023-08-31,P0004,1580.7,1198.5,599.3
2023-09-01,P0004,1539.7,1198.5,599.3
2023-09-02,P0004,1532.7,1198.5,599.3
2023-09-03,P0004,1510.7,1198.5,599.3
2023-09-04,P0004,1477.7,1198.5,599.3
2023-09-05,P0004,1477.7,1198.5,599.3
2023-09-06,P0004,1452.7,1198.5,599.3
2023-09-07,P0004,1370.7,1198.5,599.3
2023-09-08,P0004,1346.7,1198.5,599.3
2023-09-09,P0004,1346.7,1198.5,599.3
2023-09-10,P0004,1326.7,1198.5,599.3
2023-09-11,P0004,1182.7,1198.5,599.3
2023-09-12,P0004,1142.7,1198.5,599.3
2023-09-13,P0004,1130.7,1198.5,599.3
2023-09-14,P0004,1093.7,1198.5,599.3
2023-09-15,P0004,1002.7,1198.5,599.3
2023-09-16,P0004,919.7,1198.5,599.3
2023-09-17,P0004,875.7,1198.5,599.3
2023-09-18,P0004,744.7,1198.5,599.3
2023-09-19,P0004,639.7,1198.5,599.3
2023-09-20,P0004,564.7,1198.5,599.3
2023-09-21,P0004,406.7,1198.5,599.3
2023-09-22,P0004,387.7,1198.5,599.3
2023-09-23,P0004,387.7,1198.5,599.3
2023-09-24,P0004,387.7,1198.5,599.3
2023-09-25,P0004,371.7,1198.5,599.3
2023-09-26,P0004,215.7,1198.5,599.3
2023-09-27,P0004,109.7,1198.5,599.3
2023-09-28,P0004,28.7,1198.5,599.3
2023-09-29,P0004,11.7,1198.5,599.3
2023-09-30,P0004,0.0,1198.5,599.3
2023-10-01,P0004,1514.0,1198.5,599.3
2023-10-02,P0004,1385.0,1198.5,599.3
2023-10-03,P0004,1267.0,1198.5,599.3
2023-10-04,P0004,1267.0,1198.5,599.3
2023-10-05,P0004,1170.0,1198.5,599.3
2023-10-06,P0004,1130.0,1198.5,599.3
2023-10-07,P0004,1130.0,1198.5,599.3
2023-10-08,P0004,1130.0,1198.5,599.3
2023-10-09,P0004,1003.0,1198.5,599.3
2023-10-10,P0004,975.0,1198.5,599.3
2023-10-11,P0004,887.0,1198.5,599.3
2023-10-12,P0004,712.0,1198.5,599.3
2023-10-13,P0004,601.0,1198.5,599.3
2023-10-14,P0004,601.0,1198.5,599.3
2023-10-15,P0004,567.0,1198.5,599.3
2023-10-16,P0004,531.0,1198.5,599.3
2023-10-17,P0004,490.0,1198.5,599.3
2023-10-18,P0004,461.0,1198.5,599.3
2023-10-19,P0004,360.0,1198.5,599.3
2023-10-20,P0004,360.0,1198.5,599.3
2023-10-21,P0004,330.0,1198.5,599.3
2023-10-22,P0004,330.0,1198.5,599.3
2023-10-23,P0004,293.0,1198.5,599.3
2023-10-24,P0004,235.0,1198.5,599.3
2023-10-25,P0004,1640.7,1198.5,599.3
2023-10-26,P0004,1592.7,1198.5,599.3
2023-10-27,P0004,1494.7,1198.5,599.3
2023-10-28,P0004,1464.7,1198.5,599.3
2023-10-29,P0004,1418.7,1198.5,599.3
2023-10-30,P0004,1340.7,1198.5,599.3
2023-10-31,P0004,1232.7,1198.5,599.3
2023-11-01,P0004,1148.7,1198.5,599.3
2023-11-02,P0004,1094.7,1198.5,599.3
2023-11-03,P0004,1016.7,1198.5,599.3
2023-11-04,P0004,1016.7,1198.5,599.3
2023-11-05,P0004,1016.7,1198.5,599.3
2023-11-06,P0004,919.7,1198.5,599.3
2023-11-07,P0004,869.7,1198.5,599.3
2023-11-08,P0004,800.7,1198.5,599.3
2023-11-09,P0004,748.7,1198.5,599.3
2023-11-10,P0004,728.7,1198.5,599.3
2023-11-11,P0004,728.7,1198.5,599.3
2023-11-12,P0004,679.7,1198.5,599.3
2023-11-13,P0004,559.7,1198.5,599.3
2023-11-14,P0004,425.7,1198.5,599.3
2023-11-15,P0004,372.7,1198.5,599.3
2023-11-16,P0004,262.7,1198.5,599.3
2023-11-17,P0004,237.7,1198.5,599.3
2023-11-18,P0004,203.7,1198.5,599.3
2023-11-19,P0004,203.7,1198.5,599.3
2023-11-20,P0004,148.7,1198.5,599.3
2023-11-21,P0004,1613.7,1198.5,599.3
2023-11-22,P0004,1503.7,1198.5,599.3
2023-11-23,P0004,1456.7,1198.5,599.3
2023-11-24,P0004,1286.7,1198.5,599.3
2023-11-25,P0004,1286.7,1198.5,599.3
2023-11-26,P0004,1258.7,1198.5,599.3
2023-11-27,P0004,1219.7,1198.5,599.3
2023-11-28,P0004,1069.7,1198.5,599.3
2023-11-29,P0004,1040.7,1198.5,599.3
2023-11-30,P0004,989.7,1198.5,599.3
2023-12-01,P0004,885.7,1198.5,599.3
2023-12-02,P0004,885.7,1198.5,599.3
2023-12-03,P0004,872.7,1198.5,599.3
2023-12-04,P0004,819.7,1198.5,599.3
2023-12-05,P0004,766.7,1198.5,599.3
2023-12-06,P0004,728.7,1198.5,599.3
2023-12-07,P0004,694.7,1198.5,599.3
2023-12-08,P0004,611.7,1198.5,599.3
2023-12-09,P0004,584.7,1198.5,599.3
2023-12-10,P0004,584.7,1198.5,599.3
2023-12-11,P0004,442.7,1198.5,599.3
2023-12-12,P0004,327.7,1198.5,599.3
2023-12-13,P0004,327.7,1198.5,599.3
2023-12-14,P0004,271.7,1198.5,599.3
2023-12-15,P0004,271.7,1198.5,599.3
2023-12-16,P0004,181.7,1198.5,599.3
2023-12-17,P0004,154.7,1198.5,599.3
2023-12-18,P0004,1705.7,1198.5,599.3
2023-12-19,P0004,1649.7,1198.5,599.3
2023-12-20,P0004,1598.7,1198.5,599.3
2023-12-21,P0004,1506.7,1198.5,599.3
2023-12-22,P0004,1468.7,1198.5,599.3
2023-12-23,P0004,1438.7,1198.5,599.3
2023-12-24,P0004,1438.7,1198.5,599.3
2023-12-25,P0004,1352.7,1198.5,599.3
2023-12-26,P0004,1307.7,1198.5,599.3
2023-12-27,P0004,1271.7,1198.5,599.3
2023-12-28,P0004,1217.7,1198.5,599.3
2023-12-29,P0004,1170.7,1198.5,599.3
2023-12-30,P0004,1091.7,1198.5,599.3
2023-12-31,P0004,1044.7,1198.5,599.3
2024-01-01,P0004,940.7,1198.5,599.3
2024-01-02,P0004,898.7,1198.5,599.3
2024-01-03,P0004,866.7,1198.5,599.3
2024-01-04,P0004,866.7,1198.5,599.3
2024-01-05,P0004,657.7,1198.5,599.3
2024-01-06,P0004,517.7,1198.5,599.3
2024-01-07,P0004,517.7,1198.5,599.3
2024-01-08,P0004,472.7,1198.5,599.3
2024-01-09,P0004,453.7,1198.5,599.3
2024-01-10,P0004,407.7,1198.5,599.3
2024-01-11,P0004,383.7,1198.5,599.3
2024-01-12,P0004,342.7,1198.5,599.3
2024-01-13,P0004,208.7,1198.5,599.3
2024-01-14,P0004,116.7,1198.5,599.3
2024-01-15,P0004,49.7,1198.5,599.3
2024-01-16,P0004,18.7,1198.5,599.3
2024-01-17,P0004,0.0,1198.5,599.3
2024-01-18,P0004,1517.0,1198.5,599.3
2024-01-19,P0004,1486.0,1198.5,599.3
2024-01-20,P0004,1417.0,1198.5,599.3
2024-01-21,P0004,1406.0,1198.5,599.3
2024-01-22,P0004,1362.0,1198.5,599.3
2024-01-23,P0004,1227.0,1198.5,599.3
2024-01-24,P0004,1104.0,1198.5,599.3
2024-01-25,P0004,997.0,1198.5,599.3
2024-01-26,P0004,883.0,1198.5,599.3
2024-01-27,P0004,865.0,1198.5,599.3
2024-01-28,P0004,831.0,1198.5,599.3
2024-01-29,P0004,695.0,1198.5,599.3
2024-01-30,P0004,569.0,1198.5,599.3
2024-01-31,P0004,539.0,1198.5,599.3
2024-02-01,P0004,539.0,1198.5,599.3
2024-02-02,P0004,464.0,1198.5,599.3
2024-02-03,P0004,458.0,1198.5,599.3
2024-02-04,P0004,458.0,1198.5,599.3
2024-02-05,P0004,427.0,1198.5,599.3
2024-02-06,P0004,378.0,1198.5,599.3
2024-02-07,P0004,292.0,1198.5,599.3
2024-02-08,P0004,174.0,1198.5,599.3
2024-02-09,P0004,79.0,1198.5,599.3
2024-02-10,P0004,49.0,1198.5,599.3
2024-02-11,P0004,11.0,1198.5,599.3
2024-02-12,P0004,0.0,1198.5,599.3
2024-02-13,P0004,1543.7,1198.5,599.3
2024-02-14,P0004,1456.7,1198.5,599.3
2024-02-15,P0004,1379.7,1198.5,599.3
2024-02-16,P0004,1298.7,1198.5,599.3
2024-02-17,P0004,1276.7,1198.5,599.3
2024-02-18,P0004,1215.7,1198.5,599.3
2024-02-19,P0004,1166.7,1198.5,599.3
2024-02-20,P0004,999.7,1198.5,599.3
2024-02-21,P0004,983.7,1198.5,599.3
2024-02-22,P0004,931.7,1198.5,599.3
2024-02-23,P0004,919.7,1198.5,599.3
2024-02-24,P0004,903.7,1198.5,599.3
2024-02-25,P0004,903.7,1198.5,599.3
2024-02-26,P0004,831.7,1198.5,599.3
2024-02-27,P0004,814.7,1198.5,599.3
2024-02-28,P0004,700.7,1198.5,599.3
2024-02-29,P0004,616.7,1198.5,599.3
2024-03-01,P0004,486.7,1198.5,599.3
2024-03-02,P0004,452.7,1198.5,599.3
2024-03-03,P0004,352.7,1198.5,599.3
2024-03-04,P0004,237.7,1198.5,599.3
2024-03-05,P0004,212.7,1198.5,599.3
2024-03-06,P0004,123.7,1198.5,599.3
2024-03-07,P0004,0.7,1198.5,599.3
2024-03-08,P0004,0.0,1198.5,599.3
2024-03-09,P0004,0.0,1198.5,599.3
2024-03-10,P0004,1530.0,1198.5,599.3
2024-03-11,P0004,1468.0,1198.5,599.3
2024-03-12,P0004,1413.0,1198.5,599.3
2024-03-13,P0004,1330.0,1198.5,599.3
2024-03-14,P0004,1319.0,1198.5,599.3
2024-03-15,P0004,1204.0,1198.5,599.3
2024-03-16,P0004,1196.0,1198.5,599.3
2024-03-17,P0004,1165.0,1198.5,599.3
2024-03-18,P0004,1064.0,1198.5,599.3
2024-03-19,P0004,1012.0,1198.5,599.3
2024-03-20,P0004,864.0,1198.5,599.3
2024-03-21,P0004,790.0,1198.5,599.3
2024-03-22,P0004,772.0,1198.5,599.3
2024-03-23,P0004,772.0,1198.5,599.3
2024-03-24,P0004,772.0,1198.5,599.3
2024-03-25,P0004,695.0,1198.5,599.3
2024-03-26,P0004,539.0,1198.5,599.3
2024-03-27,P0004,414.0,1198.5,599.3
2024-03-28,P0004,364.0,1198.5,599.3
2024-03-29,P0004,304.0,1198.5,599.3
2024-03-30,P0004,288.0,1198.5,599.3
2024-03-31,P0004,288.0,1198.5,599.3
2024-04-01,P0004,205.0,1198.5,599.3
2024-04-02,P0004,175.0,1198.5,599.3
2024-04-03,P0004,111.0,1198.5,599.3
2024-04-04,P0004,21.0,1198.5,599.3
2024-04-05,P0004,1452.7,1198.5,599.3
2024-04-06,P0004,1443.7,1198.5,599.3
2024-04-07,P0004,1435.7,1198.5,599.3
2024-04-08,P0004,1393.7,1198.5,599.3
2024-04-09,P0004,1314.7,1198.5,599.3
2024-04-10,P0004,1314.7,1198.5,599.3
2024-04-11,P0004,1133.7,1198.5,599.3
2024-04-12,P0004,1058.7,1198.5,599.3
2024-04-13,P0004,1058.7,1198.5,599.3
2024-04-14,P0004,1031.7,1198.5,599.3
2024-04-15,P0004,859.7,1198.5,599.3
2024-04-16,P0004,840.7,1198.5,599.3
2024-04-17,P0004,708.7,1198.5,599.3
2024-04-18,P0004,708.7,1198.5,599.3
2024-04-19,P0004,577.7,1198.5,599.3
2024-04-20,P0004,554.7,1198.5,599.3
2024-04-21,P0004,481.7,1198.5,599.3
2024-04-22,P0004,336.7,1198.5,599.3
2024-04-23,P0004,233.7,1198.5,599.3
2024-04-24,P0004,233.7,1198.5,599.3
2024-04-25,P0004,130.7,1198.5,599.3
2024-04-26,P0004,130.7,1198.5,599.3
2024-04-27,P0004,130.7,1198.5,599.3
2024-04-28,P0004,114.7,1198.5,599.3
2024-04-29,P0004,0.0,1198.5,599.3
2024-04-30,P0004,0.0,1198.5,599.3
2024-05-01,P0004,1478.0,1198.5,599.3
2024-05-02,P0004,1447.0,1198.5,599.3
2024-05-03,P0004,1415.0,1198.5,599.3
2024-05-04,P0004,1415.0,1198.5,599.3
2024-05-05,P0004,1369.0,1198.5,599.3
2024-05-06,P0004,1336.0,1198.5,599.3
2024-05-07,P0004,1079.0,1198.5,599.3
2024-05-08,P0004,1079.0,1198.5,599.3
2024-05-09,P0004,988.0,1198.5,599.3
2024-05-10,P0004,929.0,1198.5,599.3
2024-05-11,P0004,929.0,1198.5,599.3
2024-05-12,P0004,899.0,1198.5,599.3
2024-05-13,P0004,826.0,1198.5,599.3
2024-05-14,P0004,753.0,1198.5,599.3
2024-05-15,P0004,590.0,1198.5,599.3
2024-05-16,P0004,590.0,1198.5,599.3
2024-05-17,P0004,416.0,1198.5,599.3
2024-05-18,P0004,392.0,1198.5,599.3
2024-05-19,P0004,271.0,1198.5,599.3
2024-05-20,P0004,209.0,1198.5,599.3
2024-05-21,P0004,176.0,1198.5,599.3
2024-05-22,P0004,65.0,1198.5,599.3
2024-05-23,P0004,0.0,1198.5,599.3
2024-05-24,P0004,0.0,1198.5,599.3
2024-05-25,P0004,0.0,1198.5,599.3
2024-05-26,P0004,0.0,1198.5,599.3
2024-05-27,P0004,1570.7,1198.5,599.3
2024-05-28,P0004,1540.7,1198.5,599.3
2024-05-29,P0004,1467.7,1198.5,599.3
2024-05-30,P0004,1461.7,1198.5,599.3
2024-05-31,P0004,1323.7,1198.5,599.3
2024-06-01,P0004,1299.7,1198.5,599.3
2024-06-02,P0004,1299.7,1198.5,599.3
2024-06-03,P0004,1299.7,1198.5,599.3
2024-06-04,P0004,1254.7,1198.5,599.3
2024-06-05,P0004,1254.7,1198.5,599.3
2024-06-06,P0004,1247.7,1198.5,599.3
2024-06-07,P0004,1175.7,1198.5,599.3
2024-06-08,P0004,1175.7,1198.5,599.3
2024-06-09,P0004,1136.7,1198.5,599.3
2024-06-10,P0004,1106.7,1198.5,599.3
2024-06-11,P0004,1076.7,1198.5,599.3
2024-06-12,P0004,1027.7,1198.5,599.3
2024-06-13,P0004,946.7,1198.5,599.3
2024-06-14,P0004,909.7,1198.5,599.3
2024-06-15,P0004,843.7,1198.5,599.3
2024-06-16,P0004,843.7,1198.5,599.3
2024-06-17,P0004,721.7,1198.5,599.3
2024-06-18,P0004,568.7,1198.5,599.3
2024-06-19,P0004,568.7,1198.5,599.3
2024-06-20,P0004,526.7,1198.5,599.3
2024-06-21,P0004,456.7,1198.5,599.3
2024-06-22,P0004,385.7,1198.5,599.3
2024-06-23,P0004,305.7,1198.5,599.3
2024-06-24,P0004,288.7,1198.5,599.3
2024-06-25,P0004,182.7,1198.5,599.3
2024-06-26,P0004,156.7,1198.5,599.3
2024-06-27,P0004,1641.7,1198.5,599.3
2024-06-28,P0004,1562.7,1198.5,599.3
2024-06-29,P0004,1403.7,1198.5,599.3
2024-06-30,P0004,1376.7,1198.5,599.3
2024-07-01,P0004,1192.7,1198.5,599.3
2024-07-02,P0004,1009.7,1198.5,599.3
2024-07-03,P0004,1009.7,1198.5,599.3
2024-07-04,P0004,879.7,1198.5,599.3
2024-07-05,P0004,879.7,1198.5,599.3
2024-07-06,P0004,879.7,1198.5,599.3
2024-07-07,P0004,821.7,1198.5,599.3
2024-07-08,P0004,789.7,1198.5,599.3
2024-07-09,P0004,695.7,1198.5,599.3
2024-07-10,P0004,695.7,1198.5,599.3
2024-07-11,P0004,556.7,1198.5,599.3
2024-07-12,P0004,556.7,1198.5,599.3
2024-07-13,P0004,535.7,1198.5,599.3
2024-07-14,P0004,535.7,1198.5,599.3
2024-07-15,P0004,515.7,1198.5,599.3
2024-07-16,P0004,453.7,1198.5,599.3
2024-07-17,P0004,389.7,1198.5,599.3
2024-07-18,P0004,353.7,1198.5,599.3
2024-07-19,P0004,266.7,1198.5,599.3
2024-07-20,P0004,191.7,1198.5,599.3
2024-07-21,P0004,1695.7,1198.5,599.3
2024-07-22,P0004,1627.7,1198.5,599.3
2024-07-23,P0004,1627.7,1198.5,599.3
2024-07-24,P0004,1609.7,1198.5,599.3
2024-07-25,P0004,1542.7,1198.5,599.3
2024-07-26,P0004,1475.7,1198.5,599.3
2024-07-27,P0004,1461.7,1198.5,599.3
2024-07-28,P0004,1441.7,1198.5,599.3
2024-07-29,P0004,1361.7,1198.5,599.3
2024-07-30,P0004,1297.7,1198.5,599.3
2024-07-31,P0004,1263.7,1198.5,599.3
2024-08-01,P0004,1181.7,1198.5,599.3
2024-08-02,P0004,1118.7,1198.5,599.3
2024-08-03,P0004,1043.7,1198.5,599.3
2024-08-04,P0004,1043.7,1198.5,599.3
2024-08-05,P0004,981.7,1198.5,599.3
2024-08-06,P0004,939.7,1198.5,599.3
2024-08-07,P0004,905.7,1198.5,599.3
2024-08-08,P0004,860.7,1198.5,599.3
2024-08-09,P0004,860.7,1198.5,599.3
2024-08-10,P0004,853.7,1198.5,599.3
2024-08-11,P0004,844.7,1198.5,599.3
2024-08-12,P0004,813.7,1198.5,599.3
2024-08-13,P0004,701.7,1198.5,599.3
2024-08-14,P0004,561.7,1198.5,599.3
2024-08-15,P0004,454.7,1198.5,599.3
2024-08-16,P0004,387.7,1198.5,599.3
2024-08-17,P0004,387.7,1198.5,599.3
2024-08-18,P0004,340.7,1198.5,599.3
2024-08-19,P0004,315.7,1198.5,599.3
2024-08-20,P0004,299.7,1198.5,599.3
2024-08-21,P0004,1772.7,1198.5,599.3
2024-08-22,P0004,1661.7,1198.5,599.3
2024-08-23,P0004,1477.7,1198.5,599.3
2024-08-24,P0004,1445.7,1198.5,599.3
2024-08-25,P0004,1384.7,1198.5,599.3
2024-08-26,P0004,1369.7,1198.5,599.3
2024-08-27,P0004,1369.7,1198.5,599.3
2024-08-28,P0004,1349.7,1198.5,599.3
2024-08-29,P0004,1323.7,1198.5,599.3
2024-08-30,P0004,1323.7,1198.5,599.3
2024-08-31,P0004,1304.7,1198.5,599.3
2024-09-01,P0004,1304.7,1198.5,599.3
2024-09-02,P0004,1128.7,1198.5,599.3
2024-09-03,P0004,1114.7,1198.5,599.3
2024-09-04,P0004,1063.7,1198.5,599.3
2024-09-05,P0004,849.7,1198.5,599.3
2024-09-06,P0004,738.7,1198.5,599.3
2024-09-07,P0004,695.7,1198.5,599.3
2024-09-08,P0004,627.7,1198.5,599.3
2024-09-09,P0004,545.7,1198.5,599.3
2024-09-10,P0004,545.7,1198.5,599.3
2024-09-11,P0004,497.7,1198.5,599.3
2024-09-12,P0004,445.7,1198.5,599.3
2024-09-13,P0004,345.7,1198.5,599.3
2024-09-14,P0004,345.7,1198.5,599.3
2024-09-15,P0004,345.7,1198.5,599.3
2024-09-16,P0004,301.7,1198.5,599.3
2024-09-17,P0004,230.7,1198.5,599.3
2024-09-18,P0004,188.7,1198.5,599.3
2024-09-19,P0004,165.7,1198.5,599.3
2024-09-20,P0004,165.7,1198.5,599.3
2024-09-21,P0004,165.7,1198.5,599.3
2024-09-22,P0004,1712.7,1198.5,599.3
2024-09-23,P0004,1683.7,1198.5,599.3
2024-09-24,P0004,1663.7,1198.5,599.3
2024-09-25,P0004,1663.7,1198.5,599.3
2024-09-26,P0004,1606.7,1198.5,599.3
2024-09-27,P0004,1538.7,1198.5,599.3
2024-09-28,P0004,1512.7,1198.5,599.3
2024-09-29,P0004,1451.7,1198.5,599.3
2024-09-30,P0004,1378.7,1198.5,599.3
2024-10-01,P0004,1347.7,1198.5,599.3
2024-10-02,P0004,1347.7,1198.5,599.3
2024-10-03,P0004,1328.7,1198.5,599.3
2024-10-04,P0004,1328.7,1198.5,599.3
2024-10-05,P0004,1328.7,1198.5,599.3
2024-10-06,P0004,1328.7,1198.5,599.3
2024-10-07,P0004,1212.7,1198.5,599.3
2024-10-08,P0004,1204.7,1198.5,599.3
2024-10-09,P0004,1102.7,1198.5,599.3
2024-10-10,P0004,1050.7,1198.5,599.3
2024-10-11,P0004,975.7,1198.5,599.3
2024-10-12,P0004,934.7,1198.5,599.3
2024-10-13,P0004,874.7,1198.5,599.3
2024-10-14,P0004,866.7,1198.5,599.3
2024-10-15,P0004,741.7,1198.5,599.3
2024-10-16,P0004,699.7,1198.5,599.3
2024-10-17,P0004,670.7,1198.5,599.3
2024-10-18,P0004,548.7,1198.5,599.3
2024-10-19,P0004,450.7,1198.5,599.3
2024-10-20,P0004,430.7,1198.5,599.3
2024-10-21,P0004,402.7,1198.5,599.3
2024-10-22,P0004,317.7,1198.5,599.3
2024-10-23,P0004,262.7,1198.5,599.3
2024-10-24,P0004,113.7,1198.5,599.3
2024-10-25,P0004,21.7,1198.5,599.3
2024-10-26,P0004,0.0,1198.5,599.3
2024-10-27,P0004,0.0,1198.5,599.3
2024-10-28,P0004,0.0,1198.5,599.3
2024-10-29,P0004,1547.0,1198.5,599.3
2024-10-30,P0004,1521.0,1198.5,599.3
2024-10-31,P0004,1431.0,1198.5,599.3
2024-11-01,P0004,1337.0,1198.5,599.3
2024-11-02,P0004,1258.0,1198.5,599.3
2024-11-03,P0004,1258.0,1198.5,599.3
2024-11-04,P0004,1094.0,1198.5,599.3
2024-11-05,P0004,1071.0,1198.5,599.3
2024-11-06,P0004,1033.0,1198.5,599.3
2024-11-07,P0004,1013.0,1198.5,599.3
2024-11-08,P0004,943.0,1198.5,599.3
2024-11-09,P0004,829.0,1198.5,599.3
2024-11-10,P0004,810.0,1198.5,599.3
2024-11-11,P0004,734.0,1198.5,599.3
2024-11-12,P0004,638.0,1198.5,599.3
2024-11-13,P0004,481.0,1198.5,599.3
2024-11-14,P0004,467.0,1198.5,599.3
2024-11-15,P0004,411.0,1198.5,599.3
2024-11-16,P0004,411.0,1198.5,599.3
2024-11-17,P0004,383.0,1198.5,599.3
2024-11-18,P0004,293.0,1198.5,599.3
2024-11-19,P0004,243.0,1198.5,599.3
2024-11-20,P0004,188.0,1198.5,599.3
2024-11-21,P0004,0.0,1198.5,599.3
2024-11-22,P0004,0.0,1198.5,599.3
2024-11-23,P0004,0.0,1198.5,599.3
2024-11-24,P0004,1602.7,1198.5,599.3
2024-11-25,P0004,1582.7,1198.5,599.3
2024-11-26,P0004,1582.7,1198.5,599.3
2024-11-27,P0004,1495.7,1198.5,599.3
2024-11-28,P0004,1450.7,1198.5,599.3
2024-11-29,P0004,1393.7,1198.5,599.3
2024-11-30,P0004,1347.7,1198.5,599.3
2024-12-01,P0004,1327.7,1198.5,599.3
2024-12-02,P0004,1175.7,1198.5,599.3
2024-12-03,P0004,1160.7,1198.5,599.3
2024-12-04,P0004,1160.7,1198.5,599.3
2024-12-05,P0004,1105.7,1198.5,599.3
2024-12-06,P0004,1017.7,1198.5,599.3
2024-12-07,P0004,1011.7,1198.5,599.3
2024-12-08,P0004,1001.7,1198.5,599.3
2024-12-09,P0004,962.7,1198.5,599.3
2024-12-10,P0004,870.7,1198.5,599.3
2024-12-11,P0004,848.7,1198.5,599.3
2024-12-12,P0004,668.7,1198.5,599.3
2024-12-13,P0004,668.7,1198.5,599.3
2024-12-14,P0004,586.7,1198.5,599.3
2024-12-15,P0004,519.7,1198.5,599.3
2024-12-16,P0004,488.7,1198.5,599.3
2024-12-17,P0004,367.7,1198.5,599.3
2024-12-18,P0004,311.7,1198.5,599.3
2024-12-19,P0004,265.7,1198.5,599.3
2024-12-20,P0004,187.7,1198.5,599.3
2024-12-21,P0004,187.7,1198.5,599.3
2024-12-22,P0004,1636.7,1198.5,599.3
2024-12-23,P0004,1593.7,1198.5,599.3
2024-12-24,P0004,1559.7,1198.5,599.3
2024-12-25,P0004,1509.7,1198.5,599.3
2024-12-26,P0004,1509.7,1198.5,599.3
2024-12-27,P0004,1500.7,1198.5,599.3
2024-12-28,P0004,1500.7,1198.5,599.3
2024-12-29,P0004,1453.7,1198.5,599.3
2024-12-30,P0004,1453.7,1198.5,599.3
2024-12-31,P0004,1381.7,1198.5,599.3
2025-01-01,P0004,1365.7,1198.5,599.3
2025-01-02,P0004,1349.7,1198.5,599.3
2025-01-03,P0004,1320.7,1198.5,599.3
2025-01-04,P0004,1320.7,1198.5,599.3
2025-01-05,P0004,1279.7,1198.5,599.3
2025-01-06,P0004,1264.7,1198.5,599.3
2025-01-07,P0004,1084.7,1198.5,599.3
2025-01-08,P0004,1040.7,1198.5,599.3
2025-01-09,P0004,958.7,1198.5,599.3
2025-01-10,P0004,873.7,1198.5,599.3
2025-01-11,P0004,873.7,1198.5,599.3
2025-01-12,P0004,873.7,1198.5,599.3
2025-01-13,P0004,862.7,1198.5,599.3
2025-01-14,P0004,705.7,1198.5,599.3
2025-01-15,P0004,505.7,1198.5,599.3
2025-01-16,P0004,168.7,1198.5,599.3
2025-01-17,P0004,111.7,1198.5,599.3
2025-01-18,P0004,0.0,1198.5,599.3
2025-01-19,P0004,0.0,1198.5,599.3
2025-01-20,P0004,0.0,1198.5,599.3
2025-01-21,P0004,0.0,1198.5,599.3
2025-01-22,P0004,0.0,1198.5,599.3
2025-01-23,P0004,0.0,1198.5,599.3
2025-01-24,P0004,0.0,1198.5,599.3
2025-01-25,P0004,0.0,1198.5,599.3
2025-01-26,P0004,0.0,1198.5,599.3
2025-01-27,P0004,1310.0,1198.5,599.3
2025-01-28,P0004,1157.0,1198.5,599.3
2025-01-29,P0004,901.0,1198.5,599.3
2025-01-30,P0004,728.0,1198.5,599.3
2025-01-31,P0004,571.0,1198.5,599.3
2025-02-01,P0004,415.0,1198.5,599.3
2025-02-02,P0004,303.0,1198.5,599.3
2025-02-03,P0004,97.0,1198.5,599.3
2025-02-04,P0004,16.0,1198.5,599.3
2025-02-05,P0004,0.0,1198.5,599.3
2025-02-06,P0004,0.0,1198.5,599.3
2025-02-07,P0004,0.0,1198.5,599.3
2025-02-08,P0004,0.0,1198.5,599.3
2025-02-09,P0004,0.0,1198.5,599.3
2025-02-10,P0004,0.0,1198.5,599.3
2025-02-11,P0004,0.0,1198.5,599.3
2025-02-12,P0004,0.0,1198.5,599.3
2025-02-13,P0004,0.0,1198.5,599.3
2025-02-14,P0004,0.0,1198.5,599.3
2025-02-15,P0004,0.0,1198.5,599.3
2025-02-16,P0004,0.0,1198.5,599.3
2025-02-17,P0004,1465.7,1198.5,599.3
2025-02-18,P0004,1394.7,1198.5,599.3
2025-02-19,P0004,1318.7,1198.5,599.3
2025-02-20,P0004,1285.7,1198.5,599.3
2025-02-21,P0004,1285.7,1198.5,599.3
2025-02-22,P0004,1132.7,1198.5,599.3
2025-02-23,P0004,1034.7,1198.5,599.3
2025-02-24,P0004,845.7,1198.5,599.3
2025-02-25,P0004,845.7,1198.5,599.3
2025-02-26,P0004,805.7,1198.5,599.3
2025-02-27,P0004,702.7,1198.5,599.3
2025-02-28,P0004,635.7,1198.5,599.3
2025-03-01,P0004,615.7,1198.5,599.3
2025-03-02,P0004,610.7,1198.5,599.3
2025-03-03,P0004,519.7,1198.5,599.3
2025-03-04,P0004,429.7,1198.5,599.3
2025-03-05,P0004,344.7,1198.5,599.3
2025-03-06,P0004,267.7,1198.5,599.3
2025-03-07,P0004,143.7,1198.5,599.3
2025-03-08,P0004,143.7,1198.5,599.3
2025-03-09,P0004,143.7,1198.5,599.3
2025-03-10,P0004,51.7,1198.5,599.3
2025-03-11,P0004,0.0,1198.5,599.3
2025-03-12,P0004,0.0,1198.5,599.3
2025-03-13,P0004,0.0,1198.5,599.3
2025-03-14,P0004,1480.0,1198.5,599.3
2025-03-15,P0004,1466.0,1198.5,599.3
2025-03-16,P0004,1423.0,1198.5,599.3
2025-03-17,P0004,1310.0,1198.5,599.3
2025-03-18,P0004,1279.0,1198.5,599.3
2025-03-19,P0004,1247.0,1198.5,599.3
2025-03-20,P0004,1247.0,1198.5,599.3
2025-03-21,P0004,1186.0,1198.5,599.3
2025-03-22,P0004,1186.0,1198.5,599.3
2025-03-23,P0004,1186.0,1198.5,599.3
2025-03-24,P0004,1117.0,1198.5,599.3
2025-03-25,P0004,1006.0,1198.5,599.3
2025-03-26,P0004,981.0,1198.5,599.3
2025-03-27,P0004,838.0,1198.5,599.3
2025-03-28,P0004,838.0,1198.5,599.3
2025-03-29,P0004,831.0,1198.5,599.3
2025-03-30,P0004,807.0,1198.5,599.3
2025-03-31,P0004,736.0,1198.5,599.3
2025-04-01,P0004,672.0,1198.5,599.3
2025-04-02,P0004,523.0,1198.5,599.3
2025-04-03,P0004,481.0,1198.5,599.3
2025-04-04,P0004,386.0,1198.5,599.3
2025-04-05,P0004,375.0,1198.5,599.3
2025-04-06,P0004,302.0,1198.5,599.3
2025-04-07,P0004,231.0,1198.5,599.3
2025-04-08,P0004,203.0,1198.5,599.3
2025-04-09,P0004,92.0,1198.5,599.3
2025-04-10,P0004,1602.7,1198.5,599.3
2025-04-11,P0004,1526.7,1198.5,599.3
2025-04-12,P0004,1496.7,1198.5,599.3
2025-04-13,P0004,1496.7,1198.5,599.3
2025-04-14,P0004,1417.7,1198.5,599.3
2025-04-15,P0004,1381.7,1198.5,599.3
2025-04-16,P0004,1263.7,1198.5,599.3
2025-04-17,P0004,1251.7,1198.5,599.3
2025-04-18,P0004,1215.7,1198.5,599.3
2025-04-19,P0004,1215.7,1198.5,599.3
2025-04-20,P0004,1205.7,1198.5,599.3
2025-04-21,P0004,1144.7,1198.5,599.3
2025-04-22,P0004,1144.7,1198.5,599.3
2025-04-23,P0004,1050.7,1198.5,599.3
2025-04-24,P0004,979.7,1198.5,599.3
2025-04-25,P0004,965.7,1198.5,599.3
2025-04-26,P0004,965.7,1198.5,599.3
2025-04-27,P0004,941.7,1198.5,599.3
2025-04-28,P0004,858.7,1198.5,599.3
2025-04-29,P0004,809.7,1198.5,599.3
2025-04-30,P0004,690.7,1198.5,599.3
2025-05-01,P0004,683.7,1198.5,599.3
2025-05-02,P0004,618.7,1198.5,599.3
2025-05-03,P0004,618.7,1198.5,599.3
2025-05-04,P0004,602.7,1198.5,599.3
2025-05-05,P0004,396.7,1198.5,599.3
2025-05-06,P0004,396.7,1198.5,599.3
2025-05-07,P0004,306.7,1198.5,599.3
2025-05-08,P0004,240.7,1198.5,599.3
2025-05-09,P0004,157.7,1198.5,599.3
2025-05-10,P0004,138.7,1198.5,599.3
2025-05-11,P0004,1690.7,1198.5,599.3
2025-05-12,P0004,1604.7,1198.5,599.3
2025-05-13,P0004,1486.7,1198.5,599.3
2025-05-14,P0004,1403.7,1198.5,599.3
2025-05-15,P0004,1370.7,1198.5,599.3
2025-05-16,P0004,1310.7,1198.5,599.3
2025-05-17,P0004,1310.7,1198.5,599.3
2025-05-18,P0004,1286.7,1198.5,599.3
2025-05-19,P0004,1204.7,1198.5,599.3
2025-05-20,P0004,1093.7,1198.5,599.3
2025-05-21,P0004,1047.7,1198.5,599.3
2025-05-22,P0004,1047.7,1198.5,599.3
2025-05-23,P0004,961.7,1198.5,599.3
2025-05-24,P0004,961.7,1198.5,599.3
2025-05-25,P0004,920.7,1198.5,599.3
2025-05-26,P0004,865.7,1198.5,599.3
2025-05-27,P0004,761.7,1198.5,599.3
2025-05-28,P0004,651.7,1198.5,599.3
2025-05-29,P0004,578.7,1198.5,599.3
2025-05-30,P0004,520.7,1198.5,599.3
2025-05-31,P0004,472.7,1198.5,599.3
2025-06-01,P0004,438.7,1198.5,599.3
2025-06-02,P0004,327.7,1198.5,599.3
2025-06-03,P0004,230.7,1198.5,599.3
2025-06-04,P0004,184.7,1198.5,599.3
2025-06-05,P0004,184.7,1198.5,599.3
2025-06-06,P0004,91.7,1198.5,599.3
2025-06-07,P0004,91.7,1198.5,599.3
2025-06-08,P0004,91.7,1198.5,599.3
2025-06-09,P0004,1602.7,1198.5,599.3
2025-06-10,P0004,1545.7,1198.5,599.3
2025-06-11,P0004,1495.7,1198.5,599.3
2025-06-12,P0004,1419.7,1198.5,599.3
2025-06-13,P0004,1402.7,1198.5,599.3
2025-06-14,P0004,1330.7,1198.5,599.3
2025-06-15,P0004,1279.7,1198.5,599.3
2025-06-16,P0004,1238.7,1198.5,599.3
2025-06-17,P0004,1112.7,1198.5,599.3
2025-06-18,P0004,1012.7,1198.5,599.3
2025-06-19,P0004,822.7,1198.5,599.3
2025-06-20,P0004,822.7,1198.5,599.3
2025-06-21,P0004,817.7,1198.5,599.3
2025-06-22,P0004,817.7,1198.5,599.3
2025-06-23,P0004,744.7,1198.5,599.3
2025-06-24,P0004,650.7,1198.5,599.3
2025-06-25,P0004,544.7,1198.5,599.3
2025-06-26,P0004,503.7,1198.5,599.3
2025-06-27,P0004,469.7,1198.5,599.3
2025-06-28,P0004,453.7,1198.5,599.3
2025-06-29,P0004,453.7,1198.5,599.3
2025-06-30,P0004,301.7,1198.5,599.3
2025-07-01,P0004,245.7,1198.5,599.3
2025-07-02,P0004,225.7,1198.5,599.3
2025-07-03,P0004,220.7,1198.5,599.3
2025-07-04,P0004,169.7,1198.5,599.3
2025-07-05,P0004,169.7,1198.5,599.3
2025-07-06,P0004,169.7,1198.5,599.3
2025-07-07,P0004,1587.7,1198.5,599.3
2025-07-08,P0004,1467.7,1198.5,599.3
2025-07-09,P0004,1408.7,1198.5,599.3
2025-07-10,P0004,1302.7,1198.5,599.3
2025-07-11,P0004,1213.7,1198.5,599.3
2025-07-12,P0004,1173.7,1198.5,599.3
2025-07-13,P0004,1067.7,1198.5,599.3
2025-07-14,P0004,1008.7,1198.5,599.3
2025-07-15,P0004,955.7,1198.5,599.3
2025-07-16,P0004,846.7,1198.5,599.3
2025-07-17,P0004,745.7,1198.5,599.3
2025-07-18,P0004,680.7,1198.5,599.3
2025-07-19,P0004,673.7,1198.5,599.3
2025-07-20,P0004,624.7,1198.5,599.3
2025-07-21,P0004,589.7,1198.5,599.3
2025-07-22,P0004,507.7,1198.5,599.3
2025-07-23,P0004,444.7,1198.5,599.3
2025-07-24,P0004,415.7,1198.5,599.3
2025-07-25,P0004,395.7,1198.5,599.3
2025-07-26,P0004,377.7,1198.5,599.3
2025-07-27,P0004,340.7,1198.5,599.3
2025-07-28,P0004,311.7,1198.5,599.3
2025-07-29,P0004,282.7,1198.5,599.3
2025-07-30,P0004,268.7,1198.5,599.3
2025-07-31,P0004,206.7,1198.5,599.3
2025-08-01,P0004,1678.7,1198.5,599.3
2025-08-02,P0004,1671.7,1198.5,599.3
2025-08-03,P0004,1590.7,1198.5,599.3
2025-08-04,P0004,1549.7,1198.5,599.3
2025-08-05,P0004,1401.7,1198.5,599.3
2025-08-06,P0004,1352.7,1198.5,599.3
2025-08-07,P0004,1323.7,1198.5,599.3
2025-08-08,P0004,1281.7,1198.5,599.3
2025-08-09,P0004,1249.7,1198.5,599.3
2025-08-10,P0004,1166.7,1198.5,599.3
2025-08-11,P0004,1099.7,1198.5,599.3
2025-08-12,P0004,1099.7,1198.5,599.3
2025-08-13,P0004,1027.7,1198.5,599.3
2025-08-14,P0004,946.7,1198.5,599.3
2025-08-15,P0004,796.7,1198.5,599.3
2025-08-16,P0004,796.7,1198.5,599.3
2025-08-17,P0004,752.7,1198.5,599.3
2025-08-18,P0004,734.7,1198.5,599.3
2025-08-19,P0004,589.7,1198.5,599.3
2025-08-20,P0004,547.7,1198.5,599.3
2025-08-21,P0004,535.7,1198.5,599.3
2025-08-22,P0004,484.7,1198.5,599.3
2025-08-23,P0004,459.7,1198.5,599.3
2025-08-24,P0004,459.7,1198.5,599.3
2025-08-25,P0004,384.7,1198.5,599.3
2025-08-26,P0004,328.7,1198.5,599.3
2025-08-27,P0004,208.7,1198.5,599.3
2025-08-28,P0004,182.7,1198.5,599.3
2025-08-29,P0004,101.7,1198.5,599.3
2025-08-30,P0004,1588.7,1198.5,599.3
2025-08-31,P0004,1582.7,1198.5,599.3
2025-09-01,P0004,1550.7,1198.5,599.3
2025-09-02,P0004,1543.7,1198.5,599.3
2025-09-03,P0004,1403.7,1198.5,599.3
2025-09-04,P0004,1246.7,1198.5,599.3
2025-09-05,P0004,1199.7,1198.5,599.3
2025-09-06,P0004,1193.7,1198.5,599.3
2025-09-07,P0004,1185.7,1198.5,599.3
2025-09-08,P0004,1094.7,1198.5,599.3
2025-09-09,P0004,1057.7,1198.5,599.3
2025-09-10,P0004,1045.7,1198.5,599.3
2025-09-11,P0004,954.7,1198.5,599.3
2025-09-12,P0004,954.7,1198.5,599.3
2025-09-13,P0004,954.7,1198.5,599.3
2025-09-14,P0004,954.7,1198.5,599.3
2025-09-15,P0004,833.7,1198.5,599.3
2025-09-16,P0004,742.7,1198.5,599.3
2025-09-17,P0004,682.7,1198.5,599.3
2025-09-18,P0004,510.7,1198.5,599.3
2025-09-19,P0004,373.7,1198.5,599.3
2025-09-20,P0004,326.7,1198.5,599.3
2025-09-21,P0004,326.7,1198.5,599.3
2025-09-22,P0004,249.7,1198.5,599.3
2025-09-23,P0004,170.7,1198.5,599.3
2025-09-24,P0004,165.7,1198.5,599.3
2025-09-25,P0004,50.7,1198.5,599.3
2025-09-26,P0004,1499.7,1198.5,599.3
2025-09-27,P0004,1499.7,1198.5,599.3
2025-09-28,P0004,1499.7,1198.5,599.3
2025-09-29,P0004,1494.7,1198.5,599.3
2025-09-30,P0004,1426.7,1198.5,599.3
2025-10-01,P0004,1366.7,1198.5,599.3
2025-10-02,P0004,1233.7,1198.5,599.3
2025-10-03,P0004,1197.7,1198.5,599.3
2025-10-04,P0004,1190.7,1198.5,599.3
2025-10-05,P0004,1190.7,1198.5,599.3
2025-10-06,P0004,1039.7,1198.5,599.3
2025-10-07,P0004,1011.7,1198.5,599.3
2025-10-08,P0004,970.7,1198.5,599.3
2025-10-09,P0004,852.7,1198.5,599.3
2025-10-10,P0004,811.7,1198.5,599.3
2025-10-11,P0004,774.7,1198.5,599.3
2025-10-12,P0004,774.7,1198.5,599.3
2025-10-13,P0004,688.7,1198.5,599.3
2025-10-14,P0004,655.7,1198.5,599.3
2025-10-15,P0004,623.7,1198.5,599.3
2025-10-16,P0004,618.7,1198.5,599.3
2025-10-17,P0004,488.7,1198.5,599.3
2025-10-18,P0004,488.7,1198.5,599.3
2025-10-19,P0004,488.7,1198.5,599.3
2025-10-20,P0004,414.7,1198.5,599.3
2025-10-21,P0004,360.7,1198.5,599.3
2025-10-22,P0004,311.7,1198.5,599.3
2025-10-23,P0004,1787.7,1198.5,599.3
2025-10-24,P0004,1746.7,1198.5,599.3
2025-10-25,P0004,1722.7,1198.5,599.3
2025-10-26,P0004,1683.7,1198.5,599.3
2025-10-27,P0004,1618.7,1198.5,599.3
2025-10-28,P0004,1568.7,1198.5,599.3
2025-10-29,P0004,1448.7,1198.5,599.3
2025-10-30,P0004,1401.7,1198.5,599.3
2025-10-31,P0004,1362.7,1198.5,599.3
2025-11-01,P0004,1328.7,1198.5,599.3
2025-11-02,P0004,1311.7,1198.5,599.3
2025-11-03,P0004,1181.7,1198.5,599.3
2025-11-04,P0004,1065.7,1198.5,599.3
2025-11-05,P0004,920.7,1198.5,599.3
2025-11-06,P0004,835.7,1198.5,599.3
2025-11-07,P0004,697.7,1198.5,599.3
2025-11-08,P0004,656.7,1198.5,599.3
2025-11-09,P0004,656.7,1198.5,599.3
2025-11-10,P0004,622.7,1198.5,599.3
2025-11-11,P0004,622.7,1198.5,599.3
2025-11-12,P0004,591.7,1198.5,599.3
2025-11-13,P0004,549.7,1198.5,599.3
2025-11-14,P0004,507.7,1198.5,599.3
2025-11-15,P0004,406.7,1198.5,599.3
2025-11-16,P0004,361.7,1198.5,599.3
2025-11-17,P0004,329.7,1198.5,599.3
2025-11-18,P0004,226.7,1198.5,599.3
2025-11-19,P0004,58.7,1198.5,599.3
2025-11-20,P0004,4.7,1198.5,599.3
2025-11-21,P0004,0.0,1198.5,599.3
2025-11-22,P0004,0.0,1198.5,599.3
2025-11-23,P0004,0.0,1198.5,599.3
2025-11-24,P0004,0.0,1198.5,599.3
2025-11-25,P0004,0.0,1198.5,599.3
2025-11-26,P0004,0.0,1198.5,599.3
2025-11-27,P0004,0.0,1198.5,599.3
2025-11-28,P0004,0.0,1198.5,599.3
2025-11-29,P0004,0.0,1198.5,599.3
2025-11-30,P0004,0.0,1198.5,599.3
2025-12-01,P0004,0.0,1198.5,599.3
2025-12-02,P0004,0.0,1198.5,599.3
2025-12-03,P0004,0.0,1198.5,599.3
2025-12-04,P0004,0.0,1198.5,599.3
2025-12-05,P0004,0.0,1198.5,599.3
2025-12-06,P0004,0.0,1198.5,599.3
2025-12-07,P0004,0.0,1198.5,599.3
2025-12-08,P0004,0.0,1198.5,599.3
2025-12-09,P0004,0.0,1198.5,599.3
2025-12-10,P0004,0.0,1198.5,599.3
2025-12-11,P0004,0.0,1198.5,599.3
2025-12-12,P0004,0.0,1198.5,599.3
2025-12-13,P0004,0.0,1198.5,599.3
2025-12-14,P0004,0.0,1198.5,599.3
2025-12-15,P0004,0.0,1198.5,599.3
2025-12-16,P0004,0.0,1198.5,599.3
2025-12-17,P0004,0.0,1198.5,599.3
2025-12-18,P0004,0.0,1198.5,599.3
2025-12-19,P0004,0.0,1198.5,599.3
2025-12-20,P0004,0.0,1198.5,599.3
2025-12-21,P0004,0.0,1198.5,599.3
2025-12-22,P0004,0.0,1198.5,599.3
2025-12-23,P0004,0.0,1198.5,599.3
2025-12-24,P0004,0.0,1198.5,599.3
2025-12-25,P0004,0.0,1198.5,599.3
2025-12-26,P0004,0.0,1198.5,599.3
2025-12-27,P0004,0.0,1198.5,599.3
2025-12-28,P0004,1515.0,1198.5,599.3
2025-12-29,P0004,1495.0,1198.5,599.3
2025-12-30,P0004,1495.0,1198.5,599.3
2025-12-31,P0004,1451.0,1198.5,599.3
2023-01-01,P0005,2665.1,1184.5,592.3
2023-01-02,P0005,2574.1,1184.5,592.3
2023-01-03,P0005,2501.1,1184.5,592.3
2023-01-04,P0005,2341.1,1184.5,592.3
2023-01-05,P0005,2243.1,1184.5,592.3
2023-01-06,P0005,2135.1,1184.5,592.3
2023-01-07,P0005,2112.1,1184.5,592.3
2023-01-08,P0005,2078.1,1184.5,592.3
2023-01-09,P0005,2045.1,1184.5,592.3
2023-01-10,P0005,1998.1,1184.5,592.3
2023-01-11,P0005,1946.1,1184.5,592.3
2023-01-12,P0005,1871.1,1184.5,592.3
2023-01-13,P0005,1803.1,1184.5,592.3
2023-01-14,P0005,1803.1,1184.5,592.3
2023-01-15,P0005,1793.1,1184.5,592.3
2023-01-16,P0005,1773.1,1184.5,592.3
2023-01-17,P0005,1632.1,1184.5,592.3
2023-01-18,P0005,1610.1,1184.5,592.3
2023-01-19,P0005,1562.1,1184.5,592.3
2023-01-20,P0005,1490.1,1184.5,592.3
2023-01-21,P0005,1427.1,1184.5,592.3
2023-01-22,P0005,1427.1,1184.5,592.3
2023-01-23,P0005,1356.1,1184.5,592.3
2023-01-24,P0005,1275.1,1184.5,592.3
2023-01-25,P0005,1265.1,1184.5,592.3
2023-01-26,P0005,1116.1,1184.5,592.3
2023-01-27,P0005,1074.1,1184.5,592.3
2023-01-28,P0005,1023.1,1184.5,592.3
2023-01-29,P0005,1023.1,1184.5,592.3
2023-01-30,P0005,909.1,1184.5,592.3
2023-01-31,P0005,909.1,1184.5,592.3
2023-02-01,P0005,823.1,1184.5,592.3
2023-02-02,P0005,693.1,1184.5,592.3
2023-02-03,P0005,693.1,1184.5,592.3
2023-02-04,P0005,693.1,1184.5,592.3
2023-02-05,P0005,693.1,1184.5,592.3
2023-02-06,P0005,569.1,1184.5,592.3
2023-02-07,P0005,525.1,1184.5,592.3
2023-02-08,P0005,453.1,1184.5,592.3
2023-02-09,P0005,337.1,1184.5,592.3
2023-02-10,P0005,321.1,1184.5,592.3
2023-02-11,P0005,275.1,1184.5,592.3
2023-02-12,P0005,265.1,1184.5,592.3
2023-02-13,P0005,175.1,1184.5,592.3
2023-02-14,P0005,175.1,1184.5,592.3
2023-02-15,P0005,1586.1,1184.5,592.3
2023-02-16,P0005,1586.1,1184.5,592.3
2023-02-17,P0005,1509.1,1184.5,592.3
2023-02-18,P0005,1499.1,1184.5,592.3
2023-02-19,P0005,1450.1,1184.5,592.3
2023-02-20,P0005,1380.1,1184.5,592.3
2023-02-21,P0005,1266.1,1184.5,592.3
2023-02-22,P0005,1178.1,1184.5,592.3
2023-02-23,P0005,1147.1,1184.5,592.3
2023-02-24,P0005,1059.1,1184.5,592.3
2023-02-25,P0005,1025.1,1184.5,592.3
2023-02-26,P0005,1017.1,1184.5,592.3
2023-02-27,P0005,937.1,1184.5,592.3
2023-02-28,P0005,889.1,1184.5,592.3
2023-03-01,P0005,842.1,1184.5,592.3
2023-03-02,P0005,712.1,1184.5,592.3
2023-03-03,P0005,659.1,1184.5,592.3
2023-03-04,P0005,659.1,1184.5,592.3
2023-03-05,P0005,579.1,1184.5,592.3
2023-03-06,P0005,530.1,1184.5,592.3
2023-03-07,P0005,467.1,1184.5,592.3
2023-03-08,P0005,432.1,1184.5,592.3
2023-03-09,P0005,419.1,1184.5,592.3
2023-03-10,P0005,380.1,1184.5,592.3
2023-03-11,P0005,374.1,1184.5,592.3
2023-03-12,P0005,369.1,1184.5,592.3
2023-03-13,P0005,165.1,1184.5,592.3
2023-03-14,P0005,1622.1,1184.5,592.3
2023-03-15,P0005,1602.1,1184.5,592.3
2023-03-16,P0005,1499.1,1184.5,592.3
2023-03-17,P0005,1431.1,1184.5,592.3
2023-03-18,P0005,1354.1,1184.5,592.3
2023-03-19,P0005,1313.1,1184.5,592.3
2023-03-20,P0005,1252.1,1184.5,592.3
2023-03-21,P0005,1194.1,1184.5,592.3
2023-03-22,P0005,1089.1,1184.5,592.3
2023-03-23,P0005,1076.1,1184.5,592.3
2023-03-24,P0005,1076.1,1184.5,592.3
2023-03-25,P0005,1076.1,1184.5,592.3
2023-03-26,P0005,1058.1,1184.5,592.3
2023-03-27,P0005,927.1,1184.5,592.3
2023-03-28,P0005,898.1,1184.5,592.3
2023-03-29,P0005,822.1,1184.5,592.3
2023-03-30,P0005,822.1,1184.5,592.3
2023-03-31,P0005,744.1,1184.5,592.3
2023-04-01,P0005,726.1,1184.5,592.3
2023-04-02,P0005,680.1,1184.5,592.3
2023-04-03,P0005,621.1,1184.5,592.3
2023-04-04,P0005,576.1,1184.5,592.3
2023-04-05,P0005,576.1,1184.5,592.3
2023-04-06,P0005,550.1,1184.5,592.3
2023-04-07,P0005,528.1,1184.5,592.3
2023-04-08,P0005,477.1,1184.5,592.3
2023-04-09,P0005,447.1,1184.5,592.3
2023-04-10,P0005,428.1,1184.5,592.3
2023-04-11,P0005,1990.1,1184.5,592.3
2023-04-12,P0005,1945.1,1184.5,592.3
2023-04-13,P0005,1911.1,1184.5,592.3
2023-04-14,P0005,1822.1,1184.5,592.3
2023-04-15,P0005,1822.1,1184.5,592.3
2023-04-16,P0005,1786.1,1184.5,592.3
2023-04-17,P0005,1775.1,1184.5,592.3
2023-04-18,P0005,1755.1,1184.5,592.3
2023-04-19,P0005,1690.1,1184.5,592.3
2023-04-20,P0005,1521.1,1184.5,592.3
2023-04-21,P0005,1419.1,1184.5,592.3
2023-04-22,P0005,1372.1,1184.5,592.3
2023-04-23,P0005,1346.1,1184.5,592.3
2023-04-24,P0005,1280.1,1184.5,592.3
2023-04-25,P0005,1192.1,1184.5,592.3
2023-04-26,P0005,1192.1,1184.5,592.3
2023-04-27,P0005,1158.1,1184.5,592.3
2023-04-28,P0005,1136.1,1184.5,592.3
2023-04-29,P0005,1136.1,1184.5,592.3
2023-04-30,P0005,1136.1,1184.5,592.3
2023-05-01,P0005,1092.1,1184.5,592.3
2023-05-02,P0005,1056.1,1184.5,592.3
2023-05-03,P0005,975.1,1184.5,592.3
2023-05-04,P0005,899.1,1184.5,592.3
2023-05-05,P0005,791.1,1184.5,592.3
2023-05-06,P0005,744.1,1184.5,592.3
2023-05-07,P0005,726.1,1184.5,592.3
2023-05-08,P0005,573.1,1184.5,592.3
2023-05-09,P0005,459.1,1184.5,592.3
2023-05-10,P0005,439.1,1184.5,592.3
2023-05-11,P0005,325.1,1184.5,592.3
2023-05-12,P0005,277.1,1184.5,592.3
2023-05-13,P0005,222.1,1184.5,592.3
2023-05-14,P0005,180.1,1184.5,592.3
2023-05-15,P0005,132.1,1184.5,592.3
2023-05-16,P0005,5.1,1184.5,592.3
2023-05-17,P0005,1479.1,1184.5,592.3
2023-05-18,P0005,1479.1,1184.5,592.3
2023-05-19,P0005,1383.1,1184.5,592.3
2023-05-20,P0005,1339.1,1184.5,592.3
2023-05-21,P0005,1256.1,1184.5,592.3
2023-05-22,P0005,1256.1,1184.5,592.3
2023-05-23,P0005,1148.1,1184.5,592.3
2023-05-24,P0005,1025.1,1184.5,592.3
2023-05-25,P0005,976.1,1184.5,592.3
2023-05-26,P0005,875.1,1184.5,592.3
2023-05-27,P0005,843.1,1184.5,592.3
2023-05-28,P0005,843.1,1184.5,592.3
2023-05-29,P0005,766.1,1184.5,592.3
2023-05-30,P0005,709.1,1184.5,592.3
2023-05-31,P0005,667.1,1184.5,592.3
2023-06-01,P0005,594.1,1184.5,592.3
2023-06-02,P0005,518.1,1184.5,592.3
2023-06-03,P0005,509.1,1184.5,592.3
2023-06-04,P0005,509.1,1184.5,592.3
2023-06-05,P0005,403.1,1184.5,592.3
2023-06-06,P0005,356.1,1184.5,592.3
2023-06-07,P0005,271.1,1184.5,592.3
2023-06-08,P0005,271.1,1184.5,592.3
2023-06-09,P0005,271.1,1184.5,592.3
2023-06-10,P0005,271.1,1184.5,592.3
2023-06-11,P0005,233.1,1184.5,592.3
2023-06-12,P0005,1673.1,1184.5,592.3
2023-06-13,P0005,1526.1,1184.5,592.3
2023-06-14,P0005,1424.1,1184.5,592.3
2023-06-15,P0005,1367.1,1184.5,592.3
2023-06-16,P0005,1268.1,1184.5,592.3
2023-06-17,P0005,1221.1,1184.5,592.3
2023-06-18,P0005,1186.1,1184.5,592.3
2023-06-19,P0005,1077.1,1184.5,592.3
2023-06-20,P0005,961.1,1184.5,592.3
2023-06-21,P0005,889.1,1184.5,592.3
2023-06-22,P0005,819.1,1184.5,592.3
2023-06-23,P0005,703.1,1184.5,592.3
2023-06-24,P0005,592.1,1184.5,592.3
2023-06-25,P0005,560.1,1184.5,592.3
2023-06-26,P0005,459.1,1184.5,592.3
2023-06-27,P0005,424.1,1184.5,592.3
2023-06-28,P0005,326.1,1184.5,592.3
2023-06-29,P0005,292.1,1184.5,592.3
2023-06-30,P0005,230.1,1184.5,592.3
2023-07-01,P0005,230.1,1184.5,592.3
2023-07-02,P0005,203.1,1184.5,592.3
2023-07-03,P0005,59.1,1184.5,592.3
2023-07-04,P0005,0.0,1184.5,592.3
2023-07-05,P0005,0.0,1184.5,592.3
2023-07-06,P0005,0.0,1184.5,592.3
2023-07-07,P0005,0.0,1184.5,592.3
2023-07-08,P0005,0.0,1184.5,592.3
2023-07-09,P0005,1557.0,1184.5,592.3
2023-07-10,P0005,1533.0,1184.5,592.3
2023-07-11,P0005,1466.0,1184.5,592.3
2023-07-12,P0005,1438.0,1184.5,592.3
2023-07-13,P0005,1426.0,1184.5,592.3
2023-07-14,P0005,1426.0,1184.5,592.3
2023-07-15,P0005,1411.0,1184.5,592.3
2023-07-16,P0005,1389.0,1184.5,592.3
2023-07-17,P0005,1299.0,1184.5,592.3
2023-07-18,P0005,1102.0,1184.5,592.3
2023-07-19,P0005,1053.0,1184.5,592.3
2023-07-20,P0005,1007.0,1184.5,592.3
2023-07-21,P0005,951.0,1184.5,592.3
2023-07-22,P0005,934.0,1184.5,592.3
2023-07-23,P0005,934.0,1184.5,592.3
2023-07-24,P0005,789.0,1184.5,592.3
2023-07-25,P0005,751.0,1184.5,592.3
2023-07-26,P0005,683.0,1184.5,592.3
2023-07-27,P0005,638.0,1184.5,592.3
2023-07-28,P0005,625.0,1184.5,592.3
2023-07-29,P0005,625.0,1184.5,592.3
2023-07-30,P0005,625.0,1184.5,592.3
2023-07-31,P0005,513.0,1184.5,592.3
2023-08-01,P0005,417.0,1184.5,592.3
2023-08-02,P0005,388.0,1184.5,592.3
2023-08-03,P0005,328.0,1184.5,592.3
2023-08-04,P0005,188.0,1184.5,592.3
2023-08-05,P0005,188.0,1184.5,592.3
2023-08-06,P0005,188.0,1184.5,592.3
2023-08-07,P0005,1648.1,1184.5,592.3
2023-08-08,P0005,1648.1,1184.5,592.3
2023-08-09,P0005,1523.1,1184.5,592.3
2023-08-10,P0005,1453.1,1184.5,592.3
2023-08-11,P0005,1409.1,1184.5,592.3
2023-08-12,P0005,1385.1,1184.5,592.3
2023-08-13,P0005,1354.1,1184.5,592.3
2023-08-14,P0005,1327.1,1184.5,592.3
2023-08-15,P0005,1327.1,1184.5,592.3
2023-08-16,P0005,1289.1,1184.5,592.3
2023-08-17,P0005,1205.1,1184.5,592.3
2023-08-18,P0005,1132.1,1184.5,592.3
2023-08-19,P0005,1108.1,1184.5,592.3
2023-08-20,P0005,1059.1,1184.5,592.3
2023-08-21,P0005,1021.1,1184.5,592.3
2023-08-22,P0005,939.1,1184.5,592.3
2023-08-23,P0005,852.1,1184.5,592.3
2023-08-24,P0005,810.1,1184.5,592.3
2023-08-25,P0005,810.1,1184.5,592.3
2023-08-26,P0005,810.1,1184.5,592.3
2023-08-27,P0005,769.1,1184.5,592.3
2023-08-28,P0005,665.1,1184.5,592.3
2023-08-29,P0005,613.1,1184.5,592.3
2023-08-30,P0005,596.1,1184.5,592.3
2023-08-31,P0005,585.1,1184.5,592.3
2023-09-01,P0005,573.1,1184.5,592.3
2023-09-02,P0005,544.1,1184.5,592.3
2023-09-03,P0005,502.1,1184.5,592.3
2023-09-04,P0005,502.1,1184.5,592.3
2023-09-05,P0005,381.1,1184.5,592.3
2023-09-06,P0005,315.1,1184.5,592.3
2023-09-07,P0005,1796.1,1184.5,592.3
2023-09-08,P0005,1766.1,1184.5,592.3
2023-09-09,P0005,1766.1,1184.5,592.3
2023-09-10,P0005,1766.1,1184.5,592.3
2023-09-11,P0005,1708.1,1184.5,592.3
2023-09-12,P0005,1650.1,1184.5,592.3
2023-09-13,P0005,1650.1,1184.5,592.3
2023-09-14,P0005,1608.1,1184.5,592.3
2023-09-15,P0005,1533.1,1184.5,592.3
2023-09-16,P0005,1513.1,1184.5,592.3
2023-09-17,P0005,1513.1,1184.5,592.3
2023-09-18,P0005,1380.1,1184.5,592.3
2023-09-19,P0005,1291.1,1184.5,592.3
2023-09-20,P0005,1224.1,1184.5,592.3
2023-09-21,P0005,1106.1,1184.5,592.3
2023-09-22,P0005,1001.1,1184.5,592.3
2023-09-23,P0005,1001.1,1184.5,592.3
2023-09-24,P0005,1001.1,1184.5,592.3
2023-09-25,P0005,852.1,1184.5,592.3
2023-09-26,P0005,770.1,1184.5,592.3
2023-09-27,P0005,666.1,1184.5,592.3
2023-09-28,P0005,543.1,1184.5,592.3
2023-09-29,P0005,501.1,1184.5,592.3
2023-09-30,P0005,501.1,1184.5,592.3
2023-10-01,P0005,404.1,1184.5,592.3
2023-10-02,P0005,302.1,1184.5,592.3
2023-10-03,P0005,302.1,1184.5,592.3
2023-10-04,P0005,161.1,1184.5,592.3
2023-10-05,P0005,0.0,1184.5,592.3
2023-10-06,P0005,0.0,1184.5,592.3
2023-10-07,P0005,0.0,1184.5,592.3
2023-10-08,P0005,0.0,1184.5,592.3
2023-10-09,P0005,0.0,1184.5,592.3
2023-10-10,P0005,0.0,1184.5,592.3
2023-10-11,P0005,1456.0,1184.5,592.3
2023-10-12,P0005,1418.0,1184.5,592.3
2023-10-13,P0005,1261.0,1184.5,592.3
2023-10-14,P0005,1261.0,1184.5,592.3
2023-10-15,P0005,1261.0,1184.5,592.3
2023-10-16,P0005,1213.0,1184.5,592.3
2023-10-17,P0005,1036.0,1184.5,592.3
2023-10-18,P0005,964.0,1184.5,592.3
2023-10-19,P0005,898.0,1184.5,592.3
2023-10-20,P0005,878.0,1184.5,592.3
2023-10-21,P0005,878.0,1184.5,592.3
2023-10-22,P0005,878.0,1184.5,592.3
2023-10-23,P0005,803.0,1184.5,592.3
2023-10-24,P0005,721.0,1184.5,592.3
2023-10-25,P0005,649.0,1184.5,592.3
2023-10-26,P0005,520.0,1184.5,592.3
2023-10-27,P0005,460.0,1184.5,592.3
2023-10-28,P0005,379.0,1184.5,592.3
2023-10-29,P0005,379.0,1184.5,592.3
2023-10-30,P0005,357.0,1184.5,592.3
2023-10-31,P0005,347.0,1184.5,592.3
2023-11-01,P0005,323.0,1184.5,592.3
2023-11-02,P0005,224.0,1184.5,592.3
2023-11-03,P0005,185.0,1184.5,592.3
2023-11-04,P0005,113.0,1184.5,592.3
2023-11-05,P0005,74.0,1184.5,592.3
2023-11-06,P0005,1652.1,1184.5,592.3
2023-11-07,P0005,1547.1,1184.5,592.3
2023-11-08,P0005,1395.1,1184.5,592.3
2023-11-09,P0005,1250.1,1184.5,592.3
2023-11-10,P0005,1210.1,1184.5,592.3
2023-11-11,P0005,1181.1,1184.5,592.3
2023-11-12,P0005,1137.1,1184.5,592.3
2023-11-13,P0005,1041.1,1184.5,592.3
2023-11-14,P0005,939.1,1184.5,592.3
2023-11-15,P0005,860.1,1184.5,592.3
2023-11-16,P0005,843.1,1184.5,592.3
2023-11-17,P0005,822.1,1184.5,592.3
2023-11-18,P0005,822.1,1184.5,592.3
2023-11-19,P0005,822.1,1184.5,592.3
2023-11-20,P0005,785.1,1184.5,592.3
2023-11-21,P0005,686.1,1184.5,592.3
2023-11-22,P0005,648.1,1184.5,592.3
2023-11-23,P0005,452.1,1184.5,592.3
2023-11-24,P0005,387.1,1184.5,592.3
2023-11-25,P0005,370.1,1184.5,592.3
2023-11-26,P0005,343.1,1184.5,592.3
2023-11-27,P0005,257.1,1184.5,592.3
2023-11-28,P0005,225.1,1184.5,592.3
2023-11-29,P0005,187.1,1184.5,592.3
2023-11-30,P0005,151.1,1184.5,592.3
2023-12-01,P0005,1542.1,1184.5,592.3
2023-12-02,P0005,1504.1,1184.5,592.3
2023-12-03,P0005,1472.1,1184.5,592.3
2023-12-04,P0005,1393.1,1184.5,592.3
2023-12-05,P0005,1177.1,1184.5,592.3
2023-12-06,P0005,1079.1,1184.5,592.3
2023-12-07,P0005,1048.1,1184.5,592.3
2023-12-08,P0005,999.1,1184.5,592.3
2023-12-09,P0005,999.1,1184.5,592.3
2023-12-10,P0005,952.1,1184.5,592.3
2023-12-11,P0005,751.1,1184.5,592.3
2023-12-12,P0005,626.1,1184.5,592.3
2023-12-13,P0005,529.1,1184.5,592.3
2023-12-14,P0005,486.1,1184.5,592.3
2023-12-15,P0005,479.1,1184.5,592.3
2023-12-16,P0005,431.1,1184.5,592.3
2023-12-17,P0005,384.1,1184.5,592.3
2023-12-18,P0005,265.1,1184.5,592.3
2023-12-19,P0005,171.1,1184.5,592.3
2023-12-20,P0005,128.1,1184.5,592.3
2023-12-21,P0005,36.1,1184.5,592.3
2023-12-22,P0005,22.1,1184.5,592.3
2023-12-23,P0005,0.0,1184.5,592.3
2023-12-24,P0005,0.0,1184.5,592.3
2023-12-25,P0005,1417.0,1184.5,592.3
2023-12-26,P0005,1270.0,1184.5,592.3
2023-12-27,P0005,1157.0,1184.5,592.3
2023-12-28,P0005,1011.0,1184.5,592.3
2023-12-29,P0005,928.0,1184.5,592.3
2023-12-30,P0005,928.0,1184.5,592.3
2023-12-31,P0005,850.0,1184.5,592.3
2024-01-01,P0005,746.0,1184.5,592.3
2024-01-02,P0005,621.0,1184.5,592.3
2024-01-03,P0005,572.0,1184.5,592.3
2024-01-04,P0005,557.0,1184.5,592.3
2024-01-05,P0005,484.0,1184.5,592.3
2024-01-06,P0005,439.0,1184.5,592.3
2024-01-07,P0005,439.0,1184.5,592.3
2024-01-08,P0005,415.0,1184.5,592.3
2024-01-09,P0005,377.0,1184.5,592.3
2024-01-10,P0005,328.0,1184.5,592.3
2024-01-11,P0005,229.0,1184.5,592.3
2024-01-12,P0005,187.0,1184.5,592.3
2024-01-13,P0005,151.0,1184.5,592.3
2024-01-14,P0005,102.0,1184.5,592.3
2024-01-15,P0005,102.0,1184.5,592.3
2024-01-16,P0005,1572.1,1184.5,592.3
2024-01-17,P0005,1563.1,1184.5,592.3
2024-01-18,P0005,1563.1,1184.5,592.3
2024-01-19,P0005,1509.1,1184.5,592.3
2024-01-20,P0005,1415.1,1184.5,592.3
2024-01-21,P0005,1308.1,1184.5,592.3
2024-01-22,P0005,1275.1,1184.5,592.3
2024-01-23,P0005,1275.1,1184.5,592.3
2024-01-24,P0005,1216.1,1184.5,592.3
2024-01-25,P0005,1194.1,1184.5,592.3
2024-01-26,P0005,1194.1,1184.5,592.3
2024-01-27,P0005,1194.1,1184.5,592.3
2024-01-28,P0005,1194.1,1184.5,592.3
2024-01-29,P0005,1069.1,1184.5,592.3
2024-01-30,P0005,1033.1,1184.5,592.3
2024-01-31,P0005,883.1,1184.5,592.3
2024-02-01,P0005,823.1,1184.5,592.3
2024-02-02,P0005,823.1,1184.5,592.3
2024-02-03,P0005,823.1,1184.5,592.3
2024-02-04,P0005,823.1,1184.5,592.3
2024-02-05,P0005,823.1,1184.5,592.3
2024-02-06,P0005,803.1,1184.5,592.3
2024-02-07,P0005,620.1,1184.5,592.3
2024-02-08,P0005,472.1,1184.5,592.3
2024-02-09,P0005,423.1,1184.5,592.3
2024-02-10,P0005,374.1,1184.5,592.3
2024-02-11,P0005,374.1,1184.5,592.3
2024-02-12,P0005,226.1,1184.5,592.3
2024-02-13,P0005,68.1,1184.5,592.3
2024-02-14,P0005,68.1,1184.5,592.3
2024-02-15,P0005,68.1,1184.5,592.3
2024-02-16,P0005,44.1,1184.5,592.3
2024-02-17,P0005,11.1,1184.5,592.3
2024-02-18,P0005,1600.1,1184.5,592.3
2024-02-19,P0005,1449.1,1184.5,592.3
2024-02-20,P0005,1404.1,1184.5,592.3
2024-02-21,P0005,1404.1,1184.5,592.3
2024-02-22,P0005,1355.1,1184.5,592.3
2024-02-23,P0005,1272.1,1184.5,592.3
2024-02-24,P0005,1272.1,1184.5,592.3
2024-02-25,P0005,1272.1,1184.5,592.3
2024-02-26,P0005,1152.1,1184.5,592.3
2024-02-27,P0005,1103.1,1184.5,592.3
2024-02-28,P0005,1036.1,1184.5,592.3
2024-02-29,P0005,918.1,1184.5,592.3
2024-03-01,P0005,860.1,1184.5,592.3
2024-03-02,P0005,860.1,1184.5,592.3
2024-03-03,P0005,815.1,1184.5,592.3
2024-03-04,P0005,735.1,1184.5,592.3
2024-03-05,P0005,699.1,1184.5,592.3
2024-03-06,P0005,652.1,1184.5,592.3
2024-03-07,P0005,521.1,1184.5,592.3
2024-03-08,P0005,483.1,1184.5,592.3
2024-03-09,P0005,474.1,1184.5,592.3
2024-03-10,P0005,474.1,1184.5,592.3
2024-03-11,P0005,387.1,1184.5,592.3
2024-03-12,P0005,294.1,1184.5,592.3
2024-03-13,P0005,283.1,1184.5,592.3
2024-03-14,P0005,246.1,1184.5,592.3
2024-03-15,P0005,141.1,1184.5,592.3
2024-03-16,P0005,119.1,1184.5,592.3
2024-03-17,P0005,1632.1,1184.5,592.3
2024-03-18,P0005,1534.1,1184.5,592.3
2024-03-19,P0005,1423.1,1184.5,592.3
2024-03-20,P0005,1423.1,1184.5,592.3
2024-03-21,P0005,1390.1,1184.5,592.3
2024-03-22,P0005,1390.1,1184.5,592.3
2024-03-23,P0005,1380.1,1184.5,592.3
2024-03-24,P0005,1380.1,1184.5,592.3
2024-03-25,P0005,1359.1,1184.5,592.3
2024-03-26,P0005,1291.1,1184.5,592.3
2024-03-27,P0005,1237.1,1184.5,592.3
2024-03-28,P0005,1104.1,1184.5,592.3
2024-03-29,P0005,1104.1,1184.5,592.3
2024-03-30,P0005,1104.1,1184.5,592.3
2024-03-31,P0005,1104.1,1184.5,592.3
2024-04-01,P0005,1104.1,1184.5,592.3
2024-04-02,P0005,1104.1,1184.5,592.3
2024-04-03,P0005,1104.1,1184.5,592.3
2024-04-04,P0005,1023.1,1184.5,592.3
2024-04-05,P0005,987.1,1184.5,592.3
2024-04-06,P0005,938.1,1184.5,592.3
2024-04-07,P0005,866.1,1184.5,592.3
2024-04-08,P0005,779.1,1184.5,592.3
2024-04-09,P0005,591.1,1184.5,592.3
2024-04-10,P0005,550.1,1184.5,592.3
2024-04-11,P0005,550.1,1184.5,592.3
2024-04-12,P0005,427.1,1184.5,592.3
2024-04-13,P0005,340.1,1184.5,592.3
2024-04-14,P0005,340.1,1184.5,592.3
2024-04-15,P0005,288.1,1184.5,592.3
2024-04-16,P0005,246.1,1184.5,592.3
2024-04-17,P0005,1807.1,1184.5,592.3
2024-04-18,P0005,1782.1,1184.5,592.3
2024-04-19,P0005,1782.1,1184.5,592.3
2024-04-20,P0005,1782.1,1184.5,592.3
2024-04-21,P0005,1746.1,1184.5,592.3
2024-04-22,P0005,1683.1,1184.5,592.3
2024-04-23,P0005,1628.1,1184.5,592.3
2024-04-24,P0005,1566.1,1184.5,592.3
2024-04-25,P0005,1497.1,1184.5,592.3
2024-04-26,P0005,1430.1,1184.5,592.3
2024-04-27,P0005,1416.1,1184.5,592.3
2024-04-28,P0005,1416.1,1184.5,592.3
2024-04-29,P0005,1366.1,1184.5,592.3
2024-04-30,P0005,1278.1,1184.5,592.3
2024-05-01,P0005,1214.1,1184.5,592.3
2024-05-02,P0005,1192.1,1184.5,592.3
2024-05-03,P0005,1141.1,1184.5,592.3
2024-05-04,P0005,1134.1,1184.5,592.3
2024-05-05,P0005,1101.1,1184.5,592.3
2024-05-06,P0005,1065.1,1184.5,592.3
2024-05-07,P0005,953.1,1184.5,592.3
2024-05-08,P0005,953.1,1184.5,592.3
2024-05-09,P0005,911.1,1184.5,592.3
2024-05-10,P0005,886.1,1184.5,592.3
2024-05-11,P0005,818.1,1184.5,592.3
2024-05-12,P0005,797.1,1184.5,592.3
2024-05-13,P0005,708.1,1184.5,592.3
2024-05-14,P0005,576.1,1184.5,592.3
2024-05-15,P0005,492.1,1184.5,592.3
2024-05-16,P0005,453.1,1184.5,592.3
2024-05-17,P0005,423.1,1184.5,592.3
2024-05-18,P0005,423.1,1184.5,592.3
2024-05-19,P0005,408.1,1184.5,592.3
2024-05-20,P0005,408.1,1184.5,592.3
2024-05-21,P0005,352.1,1184.5,592.3
2024-05-22,P0005,278.1,1184.5,592.3
2024-05-23,P0005,1709.1,1184.5,592.3
2024-05-24,P0005,1624.1,1184.5,592.3
2024-05-25,P0005,1624.1,1184.5,592.3
2024-05-26,P0005,1624.1,1184.5,592.3
2024-05-27,P0005,1624.1,1184.5,592.3
2024-05-28,P0005,1624.1,1184.5,592.3
2024-05-29,P0005,1539.1,1184.5,592.3
2024-05-30,P0005,1416.1,1184.5,592.3
2024-05-31,P0005,1373.1,1184.5,592.3
2024-06-01,P0005,1373.1,1184.5,592.3
2024-06-02,P0005,1342.1,1184.5,592.3
2024-06-03,P0005,1245.1,1184.5,592.3
2024-06-04,P0005,1180.1,1184.5,592.3
2024-06-05,P0005,1051.1,1184.5,592.3
2024-06-06,P0005,1041.1,1184.5,592.3
2024-06-07,P0005,939.1,1184.5,592.3
2024-06-08,P0005,939.1,1184.5,592.3
2024-06-09,P0005,911.1,1184.5,592.3
2024-06-10,P0005,898.1,1184.5,592.3
2024-06-11,P0005,892.1,1184.5,592.3
2024-06-12,P0005,828.1,1184.5,592.3
2024-06-13,P0005,784.1,1184.5,592.3
2024-06-14,P0005,712.1,1184.5,592.3
2024-06-15,P0005,712.1,1184.5,592.3
2024-06-16,P0005,712.1,1184.5,592.3
2024-06-17,P0005,612.1,1184.5,592.3
2024-06-18,P0005,527.1,1184.5,592.3
2024-06-19,P0005,416.1,1184.5,592.3
2024-06-20,P0005,385.1,1184.5,592.3
2024-06-21,P0005,318.1,1184.5,592.3
2024-06-22,P0005,237.1,1184.5,592.3
2024-06-23,P0005,192.1,1184.5,592.3
2024-06-24,P0005,1652.1,1184.5,592.3
2024-06-25,P0005,1485.1,1184.5,592.3
2024-06-26,P0005,1234.1,1184.5,592.3
2024-06-27,P0005,1202.1,1184.5,592.3
2024-06-28,P0005,1145.1,1184.5,592.3
2024-06-29,P0005,1134.1,1184.5,592.3
2024-06-30,P0005,1072.1,1184.5,592.3
2024-07-01,P0005,1062.1,1184.5,592.3
2024-07-02,P0005,1010.1,1184.5,592.3
2024-07-03,P0005,978.1,1184.5,592.3
2024-07-04,P0005,865.1,1184.5,592.3
2024-07-05,P0005,865.1,1184.5,592.3
2024-07-06,P0005,865.1,1184.5,592.3
2024-07-07,P0005,808.1,1184.5,592.3
2024-07-08,P0005,753.1,1184.5,592.3
2024-07-09,P0005,656.1,1184.5,592.3
2024-07-10,P0005,602.1,1184.5,592.3
2024-07-11,P0005,547.1,1184.5,592.3
2024-07-12,P0005,494.1,1184.5,592.3
2024-07-13,P0005,482.1,1184.5,592.3
2024-07-14,P0005,430.1,1184.5,592.3
2024-07-15,P0005,277.1,1184.5,592.3
2024-07-16,P0005,119.1,1184.5,592.3
2024-07-17,P0005,113.1,1184.5,592.3
2024-07-18,P0005,1539.1,1184.5,592.3
2024-07-19,P0005,1458.1,1184.5,592.3
2024-07-20,P0005,1458.1,1184.5,592.3
2024-07-21,P0005,1458.1,1184.5,592.3
2024-07-22,P0005,1452.1,1184.5,592.3
2024-07-23,P0005,1370.1,1184.5,592.3
2024-07-24,P0005,1331.1,1184.5,592.3
2024-07-25,P0005,1285.1,1184.5,592.3
2024-07-26,P0005,1249.1,1184.5,592.3
2024-07-27,P0005,1249.1,1184.5,592.3
2024-07-28,P0005,1249.1,1184.5,592.3
2024-07-29,P0005,1188.1,1184.5,592.3
2024-07-30,P0005,1176.1,1184.5,592.3
2024-07-31,P0005,1176.1,1184.5,592.3
2024-08-01,P0005,1123.1,1184.5,592.3
2024-08-02,P0005,1062.1,1184.5,592.3
2024-08-03,P0005,1048.1,1184.5,592.3
2024-08-04,P0005,979.1,1184.5,592.3
2024-08-05,P0005,957.1,1184.5,592.3
2024-08-06,P0005,859.1,1184.5,592.3
2024-08-07,P0005,712.1,1184.5,592.3
2024-08-08,P0005,660.1,1184.5,592.3
2024-08-09,P0005,565.1,1184.5,592.3
2024-08-10,P0005,565.1,1184.5,592.3
2024-08-11,P0005,506.1,1184.5,592.3
2024-08-12,P0005,439.1,1184.5,592.3
2024-08-13,P0005,296.1,1184.5,592.3
2024-08-14,P0005,296.1,1184.5,592.3
2024-08-15,P0005,270.1,1184.5,592.3
2024-08-16,P0005,153.1,1184.5,592.3
2024-08-17,P0005,153.1,1184.5,592.3
2024-08-18,P0005,104.1,1184.5,592.3
2024-08-19,P0005,1521.1,1184.5,592.3
2024-08-20,P0005,1403.1,1184.5,592.3
2024-08-21,P0005,1378.1,1184.5,592.3
2024-08-22,P0005,1332.1,1184.5,592.3
2024-08-23,P0005,1246.1,1184.5,592.3
2024-08-24,P0005,1246.1,1184.5,592.3
2024-08-25,P0005,1246.1,1184.5,592.3
2024-08-26,P0005,1159.1,1184.5,592.3
2024-08-27,P0005,920.1,1184.5,592.3
2024-08-28,P0005,839.1,1184.5,592.3
2024-08-29,P0005,750.1,1184.5,592.3
2024-08-30,P0005,629.1,1184.5,592.3
2024-08-31,P0005,603.1,1184.5,592.3
2024-09-01,P0005,571.1,1184.5,592.3
2024-09-02,P0005,553.1,1184.5,592.3
2024-09-03,P0005,500.1,1184.5,592.3
2024-09-04,P0005,447.1,1184.5,592.3
2024-09-05,P0005,395.1,1184.5,592.3
2024-09-06,P0005,319.1,1184.5,592.3
2024-09-07,P0005,319.1,1184.5,592.3
2024-09-08,P0005,319.1,1184.5,592.3
2024-09-09,P0005,222.1,1184.5,592.3
2024-09-10,P0005,149.1,1184.5,592.3
2024-09-11,P0005,14.1,1184.5,592.3
2024-09-12,P0005,0.0,1184.5,592.3
2024-09-13,P0005,0.0,1184.5,592.3
2024-09-14,P0005,0.0,1184.5,592.3
2024-09-15,P0005,1506.0,1184.5,592.3
2024-09-16,P0005,1443.0,1184.5,592.3
2024-09-17,P0005,1429.0,1184.5,592.3
2024-09-18,P0005,1383.0,1184.5,592.3
2024-09-19,P0005,1295.0,1184.5,592.3
2024-09-20,P0005,1123.0,1184.5,592.3
2024-09-21,P0005,1123.0,1184.5,592.3
2024-09-22,P0005,1093.0,1184.5,592.3
2024-09-23,P0005,996.0,1184.5,592.3
2024-09-24,P0005,841.0,1184.5,592.3
2024-09-25,P0005,700.0,1184.5,592.3
2024-09-26,P0005,601.0,1184.5,592.3
2024-09-27,P0005,590.0,1184.5,592.3
2024-09-28,P0005,590.0,1184.5,592.3
2024-09-29,P0005,590.0,1184.5,592.3
2024-09-30,P0005,549.0,1184.5,592.3
2024-10-01,P0005,454.0,1184.5,592.3
2024-10-02,P0005,454.0,1184.5,592.3
2024-10-03,P0005,356.0,1184.5,592.3
2024-10-04,P0005,227.0,1184.5,592.3
2024-10-05,P0005,227.0,1184.5,592.3
2024-10-06,P0005,227.0,1184.5,592.3
2024-10-07,P0005,148.0,1184.5,592.3
2024-10-08,P0005,148.0,1184.5,592.3
2024-10-09,P0005,52.0,1184.5,592.3
2024-10-10,P0005,1516.1,1184.5,592.3
2024-10-11,P0005,1396.1,1184.5,592.3
2024-10-12,P0005,1396.1,1184.5,592.3
2024-10-13,P0005,1381.1,1184.5,592.3
2024-10-14,P0005,1306.1,1184.5,592.3
2024-10-15,P0005,1267.1,1184.5,592.3
2024-10-16,P0005,1225.1,1184.5,592.3
2024-10-17,P0005,1161.1,1184.5,592.3
2024-10-18,P0005,1089.1,1184.5,592.3
2024-10-19,P0005,1001.1,1184.5,592.3
2024-10-20,P0005,1001.1,1184.5,592.3
2024-10-21,P0005,934.1,1184.5,592.3
2024-10-22,P0005,900.1,1184.5,592.3
2024-10-23,P0005,900.1,1184.5,592.3
2024-10-24,P0005,858.1,1184.5,592.3
2024-10-25,P0005,730.1,1184.5,592.3
2024-10-26,P0005,687.1,1184.5,592.3
2024-10-27,P0005,651.1,1184.5,592.3
2024-10-28,P0005,585.1,1184.5,592.3
2024-10-29,P0005,585.1,1184.5,592.3
2024-10-30,P0005,402.1,1184.5,592.3
2024-10-31,P0005,322.1,1184.5,592.3
2024-11-01,P0005,322.1,1184.5,592.3
2024-11-02,P0005,322.1,1184.5,592.3
2024-11-03,P0005,288.1,1184.5,592.3
2024-11-04,P0005,239.1,1184.5,592.3
2024-11-05,P0005,212.1,1184.5,592.3
2024-11-06,P0005,1716.1,1184.5,592.3
2024-11-07,P0005,1653.1,1184.5,592.3
2024-11-08,P0005,1472.1,1184.5,592.3
2024-11-09,P0005,1472.1,1184.5,592.3
2024-11-10,P0005,1472.1,1184.5,592.3
2024-11-11,P0005,1460.1,1184.5,592.3
2024-11-12,P0005,1443.1,1184.5,592.3
2024-11-13,P0005,1428.1,1184.5,592.3
2024-11-14,P0005,1340.1,1184.5,592.3
2024-11-15,P0005,1226.1,1184.5,592.3
2024-11-16,P0005,1226.1,1184.5,592.3
2024-11-17,P0005,1226.1,1184.5,592.3
2024-11-18,P0005,1109.1,1184.5,592.3
2024-11-19,P0005,1032.1,1184.5,592.3
2024-11-20,P0005,991.1,1184.5,592.3
2024-11-21,P0005,914.1,1184.5,592.3
2024-11-22,P0005,824.1,1184.5,592.3
2024-11-23,P0005,799.1,1184.5,592.3
2024-11-24,P0005,799.1,1184.5,592.3
2024-11-25,P0005,611.1,1184.5,592.3
2024-11-26,P0005,552.1,1184.5,592.3
2024-11-27,P0005,494.1,1184.5,592.3
2024-11-28,P0005,441.1,1184.5,592.3
2024-11-29,P0005,435.1,1184.5,592.3
2024-11-30,P0005,404.1,1184.5,592.3
2024-12-01,P0005,404.1,1184.5,592.3
2024-12-02,P0005,337.1,1184.5,592.3
2024-12-03,P0005,176.1,1184.5,592.3
2024-12-04,P0005,34.1,1184.5,592.3
2024-12-05,P0005,0.0,1184.5,592.3
2024-12-06,P0005,0.0,1184.5,592.3
2024-12-07,P0005,0.0,1184.5,592.3
2024-12-08,P0005,1556.0,1184.5,592.3
2024-12-09,P0005,1531.0,1184.5,592.3
2024-12-10,P0005,1531.0,1184.5,592.3
2024-12-11,P0005,1494.0,1184.5,592.3
2024-12-12,P0005,1441.0,1184.5,592.3
2024-12-13,P0005,1429.0,1184.5,592.3
2024-12-14,P0005,1429.0,1184.5,592.3
2024-12-15,P0005,1398.0,1184.5,592.3
2024-12-16,P0005,1342.0,1184.5,592.3
2024-12-17,P0005,1289.0,1184.5,592.3
2024-12-18,P0005,1196.0,1184.5,592.3
2024-12-19,P0005,1056.0,1184.5,592.3
2024-12-20,P0005,919.0,1184.5,592.3
2024-12-21,P0005,848.0,1184.5,592.3
2024-12-22,P0005,780.0,1184.5,592.3
2024-12-23,P0005,712.0,1184.5,592.3
2024-12-24,P0005,697.0,1184.5,592.3
2024-12-25,P0005,682.0,1184.5,592.3
2024-12-26,P0005,675.0,1184.5,592.3
2024-12-27,P0005,675.0,1184.5,592.3
2024-12-28,P0005,675.0,1184.5,592.3
2024-12-29,P0005,661.0,1184.5,592.3
2024-12-30,P0005,630.0,1184.5,592.3
2024-12-31,P0005,485.0,1184.5,592.3
2025-01-01,P0005,342.0,1184.5,592.3
2025-01-02,P0005,248.0,1184.5,592.3
2025-01-03,P0005,169.0,1184.5,592.3
2025-01-04,P0005,149.0,1184.5,592.3
2025-01-05,P0005,149.0,1184.5,592.3
2025-01-06,P0005,122.0,1184.5,592.3
2025-01-07,P0005,52.0,1184.5,592.3
2025-01-08,P0005,1543.1,1184.5,592.3
2025-01-09,P0005,1407.1,1184.5,592.3
2025-01-10,P0005,1389.1,1184.5,592.3
2025-01-11,P0005,1300.1,1184.5,592.3
2025-01-12,P0005,1280.1,1184.5,592.3
2025-01-13,P0005,1245.1,1184.5,592.3
2025-01-14,P0005,1179.1,1184.5,592.3
2025-01-15,P0005,977.1,1184.5,592.3
2025-01-16,P0005,925.1,1184.5,592.3
2025-01-17,P0005,725.1,1184.5,592.3
2025-01-18,P0005,510.1,1184.5,592.3
2025-01-19,P0005,434.1,1184.5,592.3
2025-01-20,P0005,102.1,1184.5,592.3
2025-01-21,P0005,0.0,1184.5,592.3
2025-01-22,P0005,0.0,1184.5,592.3
2025-01-23,P0005,0.0,1184.5,592.3
2025-01-24,P0005,0.0,1184.5,592.3
2025-01-25,P0005,0.0,1184.5,592.3
2025-01-26,P0005,0.0,1184.5,592.3
2025-01-27,P0005,0.0,1184.5,592.3
2025-01-28,P0005,0.0,1184.5,592.3
2025-01-29,P0005,0.0,1184.5,592.3
2025-01-30,P0005,0.0,1184.5,592.3
2025-01-31,P0005,0.0,1184.5,592.3
2025-02-01,P0005,0.0,1184.5,592.3
2025-02-02,P0005,0.0,1184.5,592.3
2025-02-03,P0005,1283.0,1184.5,592.3
2025-02-04,P0005,1047.0,1184.5,592.3
2025-02-05,P0005,689.0,1184.5,592.3
2025-02-06,P0005,289.0,1184.5,592.3
2025-02-07,P0005,127.0,1184.5,592.3
2025-02-08,P0005,103.0,1184.5,592.3
2025-02-09,P0005,0.0,1184.5,592.3
2025-02-10,P0005,0.0,1184.5,592.3
2025-02-11,P0005,0.0,1184.5,592.3
2025-02-12,P0005,0.0,1184.5,592.3
2025-02-13,P0005,0.0,1184.5,592.3
2025-02-14,P0005,0.0,1184.5,592.3
2025-02-15,P0005,0.0,1184.5,592.3
2025-02-16,P0005,0.0,1184.5,592.3
2025-02-17,P0005,0.0,1184.5,592.3
2025-02-18,P0005,0.0,1184.5,592.3
2025-02-19,P0005,0.0,1184.5,592.3
2025-02-20,P0005,0.0,1184.5,592.3
2025-02-21,P0005,0.0,1184.5,592.3
2025-02-22,P0005,0.0,1184.5,592.3
2025-02-23,P0005,0.0,1184.5,592.3
2025-02-24,P0005,1579.1,1184.5,592.3
2025-02-25,P0005,1549.1,1184.5,592.3
2025-02-26,P0005,1459.1,1184.5,592.3
2025-02-27,P0005,1368.1,1184.5,592.3
2025-02-28,P0005,1358.1,1184.5,592.3
2025-03-01,P0005,1358.1,1184.5,592.3
2025-03-02,P0005,1346.1,1184.5,592.3
2025-03-03,P0005,1264.1,1184.5,592.3
2025-03-04,P0005,1212.1,1184.5,592.3
2025-03-05,P0005,1186.1,1184.5,592.3
2025-03-06,P0005,1116.1,1184.5,592.3
2025-03-07,P0005,1068.1,1184.5,592.3
2025-03-08,P0005,1035.1,1184.5,592.3
2025-03-09,P0005,992.1,1184.5,592.3
2025-03-10,P0005,958.1,1184.5,592.3
2025-03-11,P0005,859.1,1184.5,592.3
2025-03-12,P0005,817.1,1184.5,592.3
2025-03-13,P0005,778.1,1184.5,592.3
2025-03-14,P0005,672.1,1184.5,592.3
2025-03-15,P0005,672.1,1184.5,592.3
2025-03-16,P0005,672.1,1184.5,592.3
2025-03-17,P0005,627.1,1184.5,592.3
2025-03-18,P0005,581.1,1184.5,592.3
2025-03-19,P0005,513.1,1184.5,592.3
2025-03-20,P0005,401.1,1184.5,592.3
2025-03-21,P0005,401.1,1184.5,592.3
2025-03-22,P0005,391.1,1184.5,592.3
2025-03-23,P0005,354.1,1184.5,592.3
2025-03-24,P0005,306.1,1184.5,592.3
2025-03-25,P0005,286.1,1184.5,592.3
2025-03-26,P0005,1764.1,1184.5,592.3
2025-03-27,P0005,1748.1,1184.5,592.3
2025-03-28,P0005,1675.1,1184.5,592.3
2025-03-29,P0005,1675.1,1184.5,592.3
2025-03-30,P0005,1675.1,1184.5,592.3
2025-03-31,P0005,1675.1,1184.5,592.3
2025-04-01,P0005,1617.1,1184.5,592.3
2025-04-02,P0005,1532.1,1184.5,592.3
2025-04-03,P0005,1450.1,1184.5,592.3
2025-04-04,P0005,1391.1,1184.5,592.3
2025-04-05,P0005,1373.1,1184.5,592.3
2025-04-06,P0005,1373.1,1184.5,592.3
2025-04-07,P0005,1280.1,1184.5,592.3
2025-04-08,P0005,1179.1,1184.5,592.3
2025-04-09,P0005,1123.1,1184.5,592.3
2025-04-10,P0005,930.1,1184.5,592.3
2025-04-11,P0005,836.1,1184.5,592.3
2025-04-12,P0005,836.1,1184.5,592.3
2025-04-13,P0005,836.1,1184.5,592.3
2025-04-14,P0005,761.1,1184.5,592.3
2025-04-15,P0005,638.1,1184.5,592.3
2025-04-16,P0005,549.1,1184.5,592.3
2025-04-17,P0005,481.1,1184.5,592.3
2025-04-18,P0005,244.1,1184.5,592.3
2025-04-19,P0005,244.1,1184.5,592.3
2025-04-20,P0005,214.1,1184.5,592.3
2025-04-21,P0005,95.1,1184.5,592.3
2025-04-22,P0005,41.1,1184.5,592.3
2025-04-23,P0005,0.0,1184.5,592.3
2025-04-24,P0005,0.0,1184.5,592.3
2025-04-25,P0005,0.0,1184.5,592.3
2025-04-26,P0005,0.0,1184.5,592.3
2025-04-27,P0005,0.0,1184.5,592.3
2025-04-28,P0005,1466.0,1184.5,592.3
2025-04-29,P0005,1409.0,1184.5,592.3
2025-04-30,P0005,1335.0,1184.5,592.3
2025-05-01,P0005,1335.0,1184.5,592.3
2025-05-02,P0005,1169.0,1184.5,592.3
2025-05-03,P0005,1169.0,1184.5,592.3
2025-05-04,P0005,1092.0,1184.5,592.3
2025-05-05,P0005,1005.0,1184.5,592.3
2025-05-06,P0005,987.0,1184.5,592.3
2025-05-07,P0005,959.0,1184.5,592.3
2025-05-08,P0005,906.0,1184.5,592.3
2025-05-09,P0005,820.0,1184.5,592.3
2025-05-10,P0005,820.0,1184.5,592.3
2025-05-11,P0005,768.0,1184.5,592.3
2025-05-12,P0005,690.0,1184.5,592.3
2025-05-13,P0005,621.0,1184.5,592.3
2025-05-14,P0005,568.0,1184.5,592.3
2025-05-15,P0005,507.0,1184.5,592.3
2025-05-16,P0005,492.0,1184.5,592.3
2025-05-17,P0005,475.0,1184.5,592.3
2025-05-18,P0005,475.0,1184.5,592.3
2025-05-19,P0005,418.0,1184.5,592.3
2025-05-20,P0005,306.0,1184.5,592.3
2025-05-21,P0005,207.0,1184.5,592.3
2025-05-22,P0005,1641.1,1184.5,592.3
2025-05-23,P0005,1641.1,1184.5,592.3
2025-05-24,P0005,1641.1,1184.5,592.3
2025-05-25,P0005,1620.1,1184.5,592.3
2025-05-26,P0005,1588.1,1184.5,592.3
2025-05-27,P0005,1533.1,1184.5,592.3
2025-05-28,P0005,1486.1,1184.5,592.3
2025-05-29,P0005,1350.1,1184.5,592.3
2025-05-30,P0005,1310.1,1184.5,592.3
2025-05-31,P0005,1262.1,1184.5,592.3
2025-06-01,P0005,1262.1,1184.5,592.3
2025-06-02,P0005,1236.1,1184.5,592.3
2025-06-03,P0005,1181.1,1184.5,592.3
2025-06-04,P0005,1099.1,1184.5,592.3
2025-06-05,P0005,998.1,1184.5,592.3
2025-06-06,P0005,863.1,1184.5,592.3
2025-06-07,P0005,800.1,1184.5,592.3
2025-06-08,P0005,774.1,1184.5,592.3
2025-06-09,P0005,694.1,1184.5,592.3
2025-06-10,P0005,552.1,1184.5,592.3
2025-06-11,P0005,490.1,1184.5,592.3
2025-06-12,P0005,338.1,1184.5,592.3
2025-06-13,P0005,301.1,1184.5,592.3
2025-06-14,P0005,301.1,1184.5,592.3
2025-06-15,P0005,301.1,1184.5,592.3
2025-06-16,P0005,289.1,1184.5,592.3
2025-06-17,P0005,202.1,1184.5,592.3
2025-06-18,P0005,68.1,1184.5,592.3
2025-06-19,P0005,0.0,1184.5,592.3
2025-06-20,P0005,0.0,1184.5,592.3
2025-06-21,P0005,0.0,1184.5,592.3
2025-06-22,P0005,0.0,1184.5,592.3
2025-06-23,P0005,1484.0,1184.5,592.3
2025-06-24,P0005,1393.0,1184.5,592.3
2025-06-25,P0005,1317.0,1184.5,592.3
2025-06-26,P0005,1271.0,1184.5,592.3
2025-06-27,P0005,1271.0,1184.5,592.3
2025-06-28,P0005,1271.0,1184.5,592.3
2025-06-29,P0005,1223.0,1184.5,592.3
2025-06-30,P0005,1065.0,1184.5,592.3
2025-07-01,P0005,993.0,1184.5,592.3
2025-07-02,P0005,967.0,1184.5,592.3
2025-07-03,P0005,906.0,1184.5,592.3
2025-07-04,P0005,906.0,1184.5,592.3
2025-07-05,P0005,892.0,1184.5,592.3
2025-07-06,P0005,892.0,1184.5,592.3
2025-07-07,P0005,821.0,1184.5,592.3
2025-07-08,P0005,821.0,1184.5,592.3
2025-07-09,P0005,811.0,1184.5,592.3
2025-07-10,P0005,673.0,1184.5,592.3
2025-07-11,P0005,606.0,1184.5,592.3
2025-07-12,P0005,573.0,1184.5,592.3
2025-07-13,P0005,434.0,1184.5,592.3
2025-07-14,P0005,358.0,1184.5,592.3
2025-07-15,P0005,262.0,1184.5,592.3
2025-07-16,P0005,123.0,1184.5,592.3
2025-07-17,P0005,98.0,1184.5,592.3
2025-07-18,P0005,26.0,1184.5,592.3
2025-07-19,P0005,26.0,1184.5,592.3
2025-07-20,P0005,1607.1,1184.5,592.3
2025-07-21,P0005,1560.1,1184.5,592.3
2025-07-22,P0005,1420.1,1184.5,592.3
2025-07-23,P0005,1342.1,1184.5,592.3
2025-07-24,P0005,1161.1,1184.5,592.3
2025-07-25,P0005,1068.1,1184.5,592.3
2025-07-26,P0005,1042.1,1184.5,592.3
2025-07-27,P0005,1007.1,1184.5,592.3
2025-07-28,P0005,949.1,1184.5,592.3
2025-07-29,P0005,882.1,1184.5,592.3
2025-07-30,P0005,807.1,1184.5,592.3
2025-07-31,P0005,701.1,1184.5,592.3
2025-08-01,P0005,557.1,1184.5,592.3
2025-08-02,P0005,557.1,1184.5,592.3
2025-08-03,P0005,524.1,1184.5,592.3
2025-08-04,P0005,472.1,1184.5,592.3
2025-08-05,P0005,351.1,1184.5,592.3
2025-08-06,P0005,322.1,1184.5,592.3
2025-08-07,P0005,322.1,1184.5,592.3
2025-08-08,P0005,228.1,1184.5,592.3
2025-08-09,P0005,228.1,1184.5,592.3
2025-08-10,P0005,191.1,1184.5,592.3
2025-08-11,P0005,128.1,1184.5,592.3
2025-08-12,P0005,45.1,1184.5,592.3
2025-08-13,P0005,1385.1,1184.5,592.3
2025-08-14,P0005,1272.1,1184.5,592.3
2025-08-15,P0005,1130.1,1184.5,592.3
2025-08-16,P0005,1130.1,1184.5,592.3
2025-08-17,P0005,1101.1,1184.5,592.3
2025-08-18,P0005,1079.1,1184.5,592.3
2025-08-19,P0005,986.1,1184.5,592.3
2025-08-20,P0005,907.1,1184.5,592.3
2025-08-21,P0005,703.1,1184.5,592.3
2025-08-22,P0005,661.1,1184.5,592.3
2025-08-23,P0005,661.1,1184.5,592.3
2025-08-24,P0005,626.1,1184.5,592.3
2025-08-25,P0005,554.1,1184.5,592.3
2025-08-26,P0005,427.1,1184.5,592.3
2025-08-27,P0005,407.1,1184.5,592.3
2025-08-28,P0005,334.1,1184.5,592.3
2025-08-29,P0005,311.1,1184.5,592.3
2025-08-30,P0005,311.1,1184.5,592.3
2025-08-31,P0005,239.1,1184.5,592.3
2025-09-01,P0005,178.1,1184.5,592.3
2025-09-02,P0005,178.1,1184.5,592.3
2025-09-03,P0005,143.1,1184.5,592.3
2025-09-04,P0005,1581.1,1184.5,592.3
2025-09-05,P0005,1522.1,1184.5,592.3
2025-09-06,P0005,1460.1,1184.5,592.3
2025-09-07,P0005,1403.1,1184.5,592.3
2025-09-08,P0005,1350.1,1184.5,592.3
2025-09-09,P0005,1293.1,1184.5,592.3
2025-09-10,P0005,1260.1,1184.5,592.3
2025-09-11,P0005,1133.1,1184.5,592.3
2025-09-12,P0005,1081.1,1184.5,592.3
2025-09-13,P0005,1032.1,1184.5,592.3
2025-09-14,P0005,983.1,1184.5,592.3
2025-09-15,P0005,869.1,1184.5,592.3
2025-09-16,P0005,869.1,1184.5,592.3
2025-09-17,P0005,823.1,1184.5,592.3
2025-09-18,P0005,718.1,1184.5,592.3
2025-09-19,P0005,631.1,1184.5,592.3
2025-09-20,P0005,589.1,1184.5,592.3
2025-09-21,P0005,562.1,1184.5,592.3
2025-09-22,P0005,477.1,1184.5,592.3
2025-09-23,P0005,424.1,1184.5,592.3
2025-09-24,P0005,393.1,1184.5,592.3
2025-09-25,P0005,286.1,1184.5,592.3
2025-09-26,P0005,211.1,1184.5,592.3
2025-09-27,P0005,211.1,1184.5,592.3
2025-09-28,P0005,211.1,1184.5,592.3
2025-09-29,P0005,135.1,1184.5,592.3
2025-09-30,P0005,5.1,1184.5,592.3
2025-10-01,P0005,1476.1,1184.5,592.3
2025-10-02,P0005,1406.1,1184.5,592.3
2025-10-03,P0005,1337.1,1184.5,592.3
2025-10-04,P0005,1286.1,1184.5,592.3
2025-10-05,P0005,1286.1,1184.5,592.3
2025-10-06,P0005,1240.1,1184.5,592.3
2025-10-07,P0005,1144.1,1184.5,592.3
2025-10-08,P0005,1066.1,1184.5,592.3
2025-10-09,P0005,1024.1,1184.5,592.3
2025-10-10,P0005,1024.1,1184.5,592.3
2025-10-11,P0005,1011.1,1184.5,592.3
2025-10-12,P0005,1011.1,1184.5,592.3
2025-10-13,P0005,959.1,1184.5,592.3
2025-10-14,P0005,874.1,1184.5,592.3
2025-10-15,P0005,790.1,1184.5,592.3
2025-10-16,P0005,675.1,1184.5,592.3
2025-10-17,P0005,570.1,1184.5,592.3
2025-10-18,P0005,570.1,1184.5,592.3
2025-10-19,P0005,551.1,1184.5,592.3
2025-10-20,P0005,551.1,1184.5,592.3
2025-10-21,P0005,438.1,1184.5,592.3
2025-10-22,P0005,370.1,1184.5,592.3
2025-10-23,P0005,283.1,1184.5,592.3
2025-10-24,P0005,202.1,1184.5,592.3
2025-10-25,P0005,162.1,1184.5,592.3
2025-10-26,P0005,113.1,1184.5,592.3
2025-10-27,P0005,1535.1,1184.5,592.3
2025-10-28,P0005,1487.1,1184.5,592.3
2025-10-29,P0005,1433.1,1184.5,592.3
2025-10-30,P0005,1343.1,1184.5,592.3
2025-10-31,P0005,1196.1,1184.5,592.3
2025-11-01,P0005,1196.1,1184.5,592.3
2025-11-02,P0005,1185.1,1184.5,592.3
2025-11-03,P0005,1138.1,1184.5,592.3
2025-11-04,P0005,1080.1,1184.5,592.3
2025-11-05,P0005,1033.1,1184.5,592.3
2025-11-06,P0005,1008.1,1184.5,592.3
2025-11-07,P0005,966.1,1184.5,592.3
2025-11-08,P0005,936.1,1184.5,592.3
2025-11-09,P0005,909.1,1184.5,592.3
2025-11-10,P0005,818.1,1184.5,592.3
2025-11-11,P0005,770.1,1184.5,592.3
2025-11-12,P0005,748.1,1184.5,592.3
2025-11-13,P0005,653.1,1184.5,592.3
2025-11-14,P0005,653.1,1184.5,592.3
2025-11-15,P0005,639.1,1184.5,592.3
2025-11-16,P0005,590.1,1184.5,592.3
2025-11-17,P0005,548.1,1184.5,592.3
2025-11-18,P0005,497.1,1184.5,592.3
2025-11-19,P0005,497.1,1184.5,592.3
2025-11-20,P0005,451.1,1184.5,592.3
2025-11-21,P0005,414.1,1184.5,592.3
2025-11-22,P0005,414.1,1184.5,592.3
2025-11-23,P0005,1883.1,1184.5,592.3
2025-11-24,P0005,1807.1,1184.5,592.3
2025-11-25,P0005,1726.1,1184.5,592.3
2025-11-26,P0005,1668.1,1184.5,592.3
2025-11-27,P0005,1541.1,1184.5,592.3
2025-11-28,P0005,1500.1,1184.5,592.3
2025-11-29,P0005,1424.1,1184.5,592.3
2025-11-30,P0005,1424.1,1184.5,592.3
2025-12-01,P0005,1316.1,1184.5,592.3
2025-12-02,P0005,1256.1,1184.5,592.3
2025-12-03,P0005,1256.1,1184.5,592.3
2025-12-04,P0005,1256.1,1184.5,592.3
2025-12-05,P0005,1152.1,1184.5,592.3
2025-12-06,P0005,1057.1,1184.5,592.3
2025-12-07,P0005,1057.1,1184.5,592.3
2025-12-08,P0005,998.1,1184.5,592.3
2025-12-09,P0005,903.1,1184.5,592.3
2025-12-10,P0005,862.1,1184.5,592.3
2025-12-11,P0005,718.1,1184.5,592.3
2025-12-12,P0005,673.1,1184.5,592.3
2025-12-13,P0005,595.1,1184.5,592.3
2025-12-14,P0005,532.1,1184.5,592.3
2025-12-15,P0005,444.1,1184.5,592.3
2025-12-16,P0005,411.1,1184.5,592.3
2025-12-17,P0005,381.1,1184.5,592.3
2025-12-18,P0005,367.1,1184.5,592.3
2025-12-19,P0005,266.1,1184.5,592.3
2025-12-20,P0005,230.1,1184.5,592.3
2025-12-21,P0005,230.1,1184.5,592.3
2025-12-22,P0005,166.1,1184.5,592.3
2025-12-23,P0005,75.1,1184.5,592.3
2025-12-24,P0005,0.0,1184.5,592.3
2025-12-25,P0005,1423.0,1184.5,592.3
2025-12-26,P0005,1297.0,1184.5,592.3
2025-12-27,P0005,1254.0,1184.5,592.3
2025-12-28,P0005,1221.0,1184.5,592.3
2025-12-29,P0005,1193.0,1184.5,592.3
2025-12-30,P0005,1127.0,1184.5,592.3
2025-12-31,P0005,1058.0,1184.5,592.3
2023-01-01,P0006,2447.5,1111.3,555.7
2023-01-02,P0006,2447.5,1111.3,555.7
2023-01-03,P0006,2411.5,1111.3,555.7
2023-01-04,P0006,2333.5,1111.3,555.7
2023-01-05,P0006,2253.5,1111.3,555.7
2023-01-06,P0006,2192.5,1111.3,555.7
2023-01-07,P0006,2192.5,1111.3,555.7
2023-01-08,P0006,2176.5,1111.3,555.7
2023-01-09,P0006,2145.5,1111.3,555.7
2023-01-10,P0006,2058.5,1111.3,555.7
2023-01-11,P0006,1990.5,1111.3,555.7
2023-01-12,P0006,1855.5,1111.3,555.7
2023-01-13,P0006,1733.5,1111.3,555.7
2023-01-14,P0006,1733.5,1111.3,555.7
2023-01-15,P0006,1733.5,1111.3,555.7
2023-01-16,P0006,1705.5,1111.3,555.7
2023-01-17,P0006,1620.5,1111.3,555.7
2023-01-18,P0006,1487.5,1111.3,555.7
2023-01-19,P0006,1447.5,1111.3,555.7
2023-01-20,P0006,1386.5,1111.3,555.7
2023-01-21,P0006,1381.5,1111.3,555.7
2023-01-22,P0006,1359.5,1111.3,555.7
2023-01-23,P0006,1312.5,1111.3,555.7
2023-01-24,P0006,1188.5,1111.3,555.7
2023-01-25,P0006,1047.5,1111.3,555.7
2023-01-26,P0006,1030.5,1111.3,555.7
2023-01-27,P0006,939.5,1111.3,555.7
2023-01-28,P0006,939.5,1111.3,555.7
2023-01-29,P0006,902.5,1111.3,555.7
2023-01-30,P0006,797.5,1111.3,555.7
2023-01-31,P0006,791.5,1111.3,555.7
2023-02-01,P0006,746.5,1111.3,555.7
2023-02-02,P0006,695.5,1111.3,555.7
2023-02-03,P0006,695.5,1111.3,555.7
2023-02-04,P0006,695.5,1111.3,555.7
2023-02-05,P0006,695.5,1111.3,555.7
2023-02-06,P0006,613.5,1111.3,555.7
2023-02-07,P0006,613.5,1111.3,555.7
2023-02-08,P0006,552.5,1111.3,555.7
2023-02-09,P0006,471.5,1111.3,555.7
2023-02-10,P0006,359.5,1111.3,555.7
2023-02-11,P0006,359.5,1111.3,555.7
2023-02-12,P0006,359.5,1111.3,555.7
2023-02-13,P0006,234.5,1111.3,555.7
2023-02-14,P0006,1560.5,1111.3,555.7
2023-02-15,P0006,1441.5,1111.3,555.7
2023-02-16,P0006,1385.5,1111.3,555.7
2023-02-17,P0006,1241.5,1111.3,555.7
2023-02-18,P0006,1235.5,1111.3,555.7
2023-02-19,P0006,1235.5,1111.3,555.7
2023-02-20,P0006,1196.5,1111.3,555.7
2023-02-21,P0006,1105.5,1111.3,555.7
2023-02-22,P0006,1063.5,1111.3,555.7
2023-02-23,P0006,1063.5,1111.3,555.7
2023-02-24,P0006,961.5,1111.3,555.7
2023-02-25,P0006,961.5,1111.3,555.7
2023-02-26,P0006,952.5,1111.3,555.7
2023-02-27,P0006,821.5,1111.3,555.7
2023-02-28,P0006,775.5,1111.3,555.7
2023-03-01,P0006,663.5,1111.3,555.7
2023-03-02,P0006,628.5,1111.3,555.7
2023-03-03,P0006,613.5,1111.3,555.7
2023-03-04,P0006,605.5,1111.3,555.7
2023-03-05,P0006,510.5,1111.3,555.7
2023-03-06,P0006,481.5,1111.3,555.7
2023-03-07,P0006,481.5,1111.3,555.7
2023-03-08,P0006,417.5,1111.3,555.7
2023-03-09,P0006,364.5,1111.3,555.7
2023-03-10,P0006,324.5,1111.3,555.7
2023-03-11,P0006,324.5,1111.3,555.7
2023-03-12,P0006,319.5,1111.3,555.7
2023-03-13,P0006,1684.5,1111.3,555.7
2023-03-14,P0006,1591.5,1111.3,555.7
2023-03-15,P0006,1517.5,1111.3,555.7
2023-03-16,P0006,1475.5,1111.3,555.7
2023-03-17,P0006,1450.5,1111.3,555.7
2023-03-18,P0006,1450.5,1111.3,555.7
2023-03-19,P0006,1450.5,1111.3,555.7
2023-03-20,P0006,1287.5,1111.3,555.7
2023-03-21,P0006,1202.5,1111.3,555.7
2023-03-22,P0006,1164.5,1111.3,555.7
2023-03-23,P0006,1016.5,1111.3,555.7
2023-03-24,P0006,1016.5,1111.3,555.7
2023-03-25,P0006,991.5,1111.3,555.7
2023-03-26,P0006,991.5,1111.3,555.7
2023-03-27,P0006,944.5,1111.3,555.7
2023-03-28,P0006,914.5,1111.3,555.7
2023-03-29,P0006,845.5,1111.3,555.7
2023-03-30,P0006,821.5,1111.3,555.7
2023-03-31,P0006,821.5,1111.3,555.7
2023-04-01,P0006,791.5,1111.3,555.7
2023-04-02,P0006,725.5,1111.3,555.7
2023-04-03,P0006,591.5,1111.3,555.7
2023-04-04,P0006,591.5,1111.3,555.7
2023-04-05,P0006,474.5,1111.3,555.7
2023-04-06,P0006,442.5,1111.3,555.7
2023-04-07,P0006,243.5,1111.3,555.7
2023-04-08,P0006,221.5,1111.3,555.7
2023-04-09,P0006,221.5,1111.3,555.7
2023-04-10,P0006,186.5,1111.3,555.7
2023-04-11,P0006,68.5,1111.3,555.7
2023-04-12,P0006,1495.5,1111.3,555.7
2023-04-13,P0006,1455.5,1111.3,555.7
2023-04-14,P0006,1392.5,1111.3,555.7
2023-04-15,P0006,1392.5,1111.3,555.7
2023-04-16,P0006,1329.5,1111.3,555.7
2023-04-17,P0006,1236.5,1111.3,555.7
2023-04-18,P0006,1211.5,1111.3,555.7
2023-04-19,P0006,1122.5,1111.3,555.7
2023-04-20,P0006,1066.5,1111.3,555.7
2023-04-21,P0006,1032.5,1111.3,555.7
2023-04-22,P0006,1003.5,1111.3,555.7
2023-04-23,P0006,975.5,1111.3,555.7
2023-04-24,P0006,736.5,1111.3,555.7
2023-04-25,P0006,684.5,1111.3,555.7
2023-04-26,P0006,597.5,1111.3,555.7
2023-04-27,P0006,548.5,1111.3,555.7
2023-04-28,P0006,454.5,1111.3,555.7
2023-04-29,P0006,454.5,1111.3,555.7
2023-04-30,P0006,434.5,1111.3,555.7
2023-05-01,P0006,406.5,1111.3,555.7
2023-05-02,P0006,301.5,1111.3,555.7
2023-05-03,P0006,183.5,1111.3,555.7
2023-05-04,P0006,183.5,1111.3,555.7
2023-05-05,P0006,142.5,1111.3,555.7
2023-05-06,P0006,77.5,1111.3,555.7
2023-05-07,P0006,15.5,1111.3,555.7
2023-05-08,P0006,0.0,1111.3,555.7
2023-05-09,P0006,0.0,1111.3,555.7
2023-05-10,P0006,1390.0,1111.3,555.7
2023-05-11,P0006,1295.0,1111.3,555.7
2023-05-12,P0006,1233.0,1111.3,555.7
2023-05-13,P0006,1184.0,1111.3,555.7
2023-05-14,P0006,1184.0,1111.3,555.7
2023-05-15,P0006,1029.0,1111.3,555.7
2023-05-16,P0006,1008.0,1111.3,555.7
2023-05-17,P0006,974.0,1111.3,555.7
2023-05-18,P0006,870.0,1111.3,555.7
2023-05-19,P0006,745.0,1111.3,555.7
2023-05-20,P0006,630.0,1111.3,555.7
2023-05-21,P0006,607.0,1111.3,555.7
2023-05-22,P0006,551.0,1111.3,555.7
2023-05-23,P0006,533.0,1111.3,555.7
2023-05-24,P0006,489.0,1111.3,555.7
2023-05-25,P0006,422.0,1111.3,555.7
2023-05-26,P0006,377.0,1111.3,555.7
2023-05-27,P0006,377.0,1111.3,555.7
2023-05-28,P0006,338.0,1111.3,555.7
2023-05-29,P0006,338.0,1111.3,555.7
2023-05-30,P0006,141.0,1111.3,555.7
2023-05-31,P0006,63.0,1111.3,555.7
2023-06-01,P0006,48.0,1111.3,555.7
2023-06-02,P0006,0.0,1111.3,555.7
2023-06-03,P0006,0.0,1111.3,555.7
2023-06-04,P0006,1459.5,1111.3,555.7
2023-06-05,P0006,1445.5,1111.3,555.7
2023-06-06,P0006,1430.5,1111.3,555.7
2023-06-07,P0006,1366.5,1111.3,555.7
2023-06-08,P0006,1334.5,1111.3,555.7
2023-06-09,P0006,1238.5,1111.3,555.7
2023-06-10,P0006,1219.5,1111.3,555.7
2023-06-11,P0006,1195.5,1111.3,555.7
2023-06-12,P0006,1180.5,1111.3,555.7
2023-06-13,P0006,1101.5,1111.3,555.7
2023-06-14,P0006,1101.5,1111.3,555.7
2023-06-15,P0006,946.5,1111.3,555.7
2023-06-16,P0006,887.5,1111.3,555.7
2023-06-17,P0006,842.5,1111.3,555.7
2023-06-18,P0006,750.5,1111.3,555.7
2023-06-19,P0006,707.5,1111.3,555.7
2023-06-20,P0006,596.5,1111.3,555.7
2023-06-21,P0006,583.5,1111.3,555.7
2023-06-22,P0006,537.5,1111.3,555.7
2023-06-23,P0006,537.5,1111.3,555.7
2023-06-24,P0006,537.5,1111.3,555.7
2023-06-25,P0006,528.5,1111.3,555.7
2023-06-26,P0006,350.5,1111.3,555.7
2023-06-27,P0006,304.5,1111.3,555.7
2023-06-28,P0006,234.5,1111.3,555.7
2023-06-29,P0006,103.5,1111.3,555.7
2023-06-30,P0006,24.5,1111.3,555.7
2023-07-01,P0006,0.0,1111.3,555.7
2023-07-02,P0006,0.0,1111.3,555.7
2023-07-03,P0006,1251.0,1111.3,555.7
2023-07-04,P0006,1145.0,1111.3,555.7
2023-07-05,P0006,1077.0,1111.3,555.7
2023-07-06,P0006,1066.0,1111.3,555.7
2023-07-07,P0006,1013.0,1111.3,555.7
2023-07-08,P0006,978.0,1111.3,555.7
2023-07-09,P0006,936.0,1111.3,555.7
2023-07-10,P0006,819.0,1111.3,555.7
2023-07-11,P0006,778.0,1111.3,555.7
2023-07-12,P0006,700.0,1111.3,555.7
2023-07-13,P0006,613.0,1111.3,555.7
2023-07-14,P0006,556.0,1111.3,555.7
2023-07-15,P0006,556.0,1111.3,555.7
2023-07-16,P0006,507.0,1111.3,555.7
2023-07-17,P0006,501.0,1111.3,555.7
2023-07-18,P0006,397.0,1111.3,555.7
2023-07-19,P0006,311.0,1111.3,555.7
2023-07-20,P0006,178.0,1111.3,555.7
2023-07-21,P0006,130.0,1111.3,555.7
2023-07-22,P0006,130.0,1111.3,555.7
2023-07-23,P0006,130.0,1111.3,555.7
2023-07-24,P0006,35.0,1111.3,555.7
2023-07-25,P0006,1384.5,1111.3,555.7
2023-07-26,P0006,1298.5,1111.3,555.7
2023-07-27,P0006,1223.5,1111.3,555.7
2023-07-28,P0006,1168.5,1111.3,555.7
2023-07-29,P0006,1168.5,1111.3,555.7
2023-07-30,P0006,1121.5,1111.3,555.7
2023-07-31,P0006,1110.5,1111.3,555.7
2023-08-01,P0006,1049.5,1111.3,555.7
2023-08-02,P0006,966.5,1111.3,555.7
2023-08-03,P0006,861.5,1111.3,555.7
2023-08-04,P0006,787.5,1111.3,555.7
2023-08-05,P0006,787.5,1111.3,555.7
2023-08-06,P0006,782.5,1111.3,555.7
2023-08-07,P0006,629.5,1111.3,555.7
2023-08-08,P0006,629.5,1111.3,555.7
2023-08-09,P0006,629.5,1111.3,555.7
2023-08-10,P0006,593.5,1111.3,555.7
2023-08-11,P0006,560.5,1111.3,555.7
2023-08-12,P0006,476.5,1111.3,555.7
2023-08-13,P0006,471.5,1111.3,555.7
2023-08-14,P0006,347.5,1111.3,555.7
2023-08-15,P0006,298.5,1111.3,555.7
2023-08-16,P0006,275.5,1111.3,555.7
2023-08-17,P0006,189.5,1111.3,555.7
2023-08-18,P0006,156.5,1111.3,555.7
2023-08-19,P0006,145.5,1111.3,555.7
2023-08-20,P0006,1526.5,1111.3,555.7
2023-08-21,P0006,1473.5,1111.3,555.7
2023-08-22,P0006,1450.5,1111.3,555.7
2023-08-23,P0006,1383.5,1111.3,555.7
2023-08-24,P0006,1298.5,1111.3,555.7
2023-08-25,P0006,1258.5,1111.3,555.7
2023-08-26,P0006,1237.5,1111.3,555.7
2023-08-27,P0006,1154.5,1111.3,555.7
2023-08-28,P0006,1139.5,1111.3,555.7
2023-08-29,P0006,1031.5,1111.3,555.7
2023-08-30,P0006,938.5,1111.3,555.7
2023-08-31,P0006,700.5,1111.3,555.7
2023-09-01,P0006,535.5,1111.3,555.7
2023-09-02,P0006,420.5,1111.3,555.7
2023-09-03,P0006,420.5,1111.3,555.7
2023-09-04,P0006,342.5,1111.3,555.7
2023-09-05,P0006,318.5,1111.3,555.7
2023-09-06,P0006,318.5,1111.3,555.7
2023-09-07,P0006,235.5,1111.3,555.7
2023-09-08,P0006,19.5,1111.3,555.7
2023-09-09,P0006,19.5,1111.3,555.7
2023-09-10,P0006,0.0,1111.3,555.7
2023-09-11,P0006,0.0,1111.3,555.7
2023-09-12,P0006,0.0,1111.3,555.7
2023-09-13,P0006,0.0,1111.3,555.7
2023-09-14,P0006,0.0,1111.3,555.7
2023-09-15,P0006,0.0,1111.3,555.7
2023-09-16,P0006,0.0,1111.3,555.7
2023-09-17,P0006,0.0,1111.3,555.7
2023-09-18,P0006,1258.0,1111.3,555.7
2023-09-19,P0006,1101.0,1111.3,555.7
2023-09-20,P0006,1101.0,1111.3,555.7
2023-09-21,P0006,1056.0,1111.3,555.7
2023-09-22,P0006,949.0,1111.3,555.7
2023-09-23,P0006,917.0,1111.3,555.7
2023-09-24,P0006,892.0,1111.3,555.7
2023-09-25,P0006,877.0,1111.3,555.7
2023-09-26,P0006,779.0,1111.3,555.7
2023-09-27,P0006,701.0,1111.3,555.7
2023-09-28,P0006,594.0,1111.3,555.7
2023-09-29,P0006,554.0,1111.3,555.7
2023-09-30,P0006,554.0,1111.3,555.7
2023-10-01,P0006,517.0,1111.3,555.7
2023-10-02,P0006,431.0,1111.3,555.7
2023-10-03,P0006,359.0,1111.3,555.7
2023-10-04,P0006,250.0,1111.3,555.7
2023-10-05,P0006,187.0,1111.3,555.7
2023-10-06,P0006,69.0,1111.3,555.7
2023-10-07,P0006,69.0,1111.3,555.7
2023-10-08,P0006,0.0,1111.3,555.7
2023-10-09,P0006,1354.5,1111.3,555.7
2023-10-10,P0006,1244.5,1111.3,555.7
2023-10-11,P0006,1244.5,1111.3,555.7
2023-10-12,P0006,1239.5,1111.3,555.7
2023-10-13,P0006,1179.5,1111.3,555.7
2023-10-14,P0006,1088.5,1111.3,555.7
2023-10-15,P0006,1062.5,1111.3,555.7
2023-10-16,P0006,1022.5,1111.3,555.7
2023-10-17,P0006,983.5,1111.3,555.7
2023-10-18,P0006,907.5,1111.3,555.7
2023-10-19,P0006,805.5,1111.3,555.7
2023-10-20,P0006,766.5,1111.3,555.7
2023-10-21,P0006,747.5,1111.3,555.7
2023-10-22,P0006,716.5,1111.3,555.7
2023-10-23,P0006,672.5,1111.3,555.7
2023-10-24,P0006,624.5,1111.3,555.7
2023-10-25,P0006,459.5,1111.3,555.7
2023-10-26,P0006,459.5,1111.3,555.7
2023-10-27,P0006,387.5,1111.3,555.7
2023-10-28,P0006,354.5,1111.3,555.7
2023-10-29,P0006,316.5,1111.3,555.7
2023-10-30,P0006,218.5,1111.3,555.7
2023-10-31,P0006,185.5,1111.3,555.7
2023-11-01,P0006,115.5,1111.3,555.7
2023-11-02,P0006,77.5,1111.3,555.7
2023-11-03,P0006,1377.5,1111.3,555.7
2023-11-04,P0006,1377.5,1111.3,555.7
2023-11-05,P0006,1358.5,1111.3,555.7
2023-11-06,P0006,1358.5,1111.3,555.7
2023-11-07,P0006,1326.5,1111.3,555.7
2023-11-08,P0006,1326.5,1111.3,555.7
2023-11-09,P0006,1212.5,1111.3,555.7
2023-11-10,P0006,1116.5,1111.3,555.7
2023-11-11,P0006,1088.5,1111.3,555.7
2023-11-12,P0006,1088.5,1111.3,555.7
2023-11-13,P0006,1037.5,1111.3,555.7
2023-11-14,P0006,995.5,1111.3,555.7
2023-11-15,P0006,934.5,1111.3,555.7
2023-11-16,P0006,934.5,1111.3,555.7
2023-11-17,P0006,865.5,1111.3,555.7
2023-11-18,P0006,865.5,1111.3,555.7
2023-11-19,P0006,855.5,1111.3,555.7
2023-11-20,P0006,820.5,1111.3,555.7
2023-11-21,P0006,730.5,1111.3,555.7
2023-11-22,P0006,685.5,1111.3,555.7
2023-11-23,P0006,652.5,1111.3,555.7
2023-11-24,P0006,578.5,1111.3,555.7
2023-11-25,P0006,578.5,1111.3,555.7
2023-11-26,P0006,578.5,1111.3,555.7
2023-11-27,P0006,372.5,1111.3,555.7
2023-11-28,P0006,346.5,1111.3,555.7
2023-11-29,P0006,245.5,1111.3,555.7
2023-11-30,P0006,191.5,1111.3,555.7
2023-12-01,P0006,1543.5,1111.3,555.7
2023-12-02,P0006,1534.5,1111.3,555.7
2023-12-03,P0006,1475.5,1111.3,555.7
2023-12-04,P0006,1469.5,1111.3,555.7
2023-12-05,P0006,1448.5,1111.3,555.7
2023-12-06,P0006,1443.5,1111.3,555.7
2023-12-07,P0006,1373.5,1111.3,555.7
2023-12-08,P0006,1242.5,1111.3,555.7
2023-12-09,P0006,1176.5,1111.3,555.7
2023-12-10,P0006,1129.5,1111.3,555.7
2023-12-11,P0006,930.5,1111.3,555.7
2023-12-12,P0006,835.5,1111.3,555.7
2023-12-13,P0006,825.5,1111.3,555.7
2023-12-14,P0006,802.5,1111.3,555.7
2023-12-15,P0006,754.5,1111.3,555.7
2023-12-16,P0006,700.5,1111.3,555.7
2023-12-17,P0006,688.5,1111.3,555.7
2023-12-18,P0006,564.5,1111.3,555.7
2023-12-19,P0006,534.5,1111.3,555.7
2023-12-20,P0006,470.5,1111.3,555.7
2023-12-21,P0006,382.5,1111.3,555.7
2023-12-22,P0006,338.5,1111.3,555.7
2023-12-23,P0006,283.5,1111.3,555.7
2023-12-24,P0006,277.5,1111.3,555.7
2023-12-25,P0006,178.5,1111.3,555.7
2023-12-26,P0006,75.5,1111.3,555.7
2023-12-27,P0006,19.5,1111.3,555.7
2023-12-28,P0006,3.5,1111.3,555.7
2023-12-29,P0006,3.5,1111.3,555.7
2023-12-30,P0006,3.5,1111.3,555.7
2023-12-31,P0006,1573.5,1111.3,555.7
2024-01-01,P0006,1516.5,1111.3,555.7
2024-01-02,P0006,1464.5,1111.3,555.7
2024-01-03,P0006,1390.5,1111.3,555.7
2024-01-04,P0006,1322.5,1111.3,555.7
2024-01-05,P0006,1225.5,1111.3,555.7
2024-01-06,P0006,1225.5,1111.3,555.7
2024-01-07,P0006,1191.5,1111.3,555.7
2024-01-08,P0006,1078.5,1111.3,555.7
2024-01-09,P0006,1043.5,1111.3,555.7
2024-01-10,P0006,1006.5,1111.3,555.7
2024-01-11,P0006,936.5,1111.3,555.7
2024-01-12,P0006,893.5,1111.3,555.7
2024-01-13,P0006,871.5,1111.3,555.7
2024-01-14,P0006,871.5,1111.3,555.7
2024-01-15,P0006,859.5,1111.3,555.7
2024-01-16,P0006,756.5,1111.3,555.7
2024-01-17,P0006,722.5,1111.3,555.7
2024-01-18,P0006,659.5,1111.3,555.7
2024-01-19,P0006,654.5,1111.3,555.7
2024-01-20,P0006,654.5,1111.3,555.7
2024-01-21,P0006,640.5,1111.3,555.7
2024-01-22,P0006,607.5,1111.3,555.7
2024-01-23,P0006,548.5,1111.3,555.7
2024-01-24,P0006,473.5,1111.3,555.7
2024-01-25,P0006,473.5,1111.3,555.7
2024-01-26,P0006,454.5,1111.3,555.7
2024-01-27,P0006,417.5,1111.3,555.7
2024-01-28,P0006,1839.5,1111.3,555.7
2024-01-29,P0006,1725.5,1111.3,555.7
2024-01-30,P0006,1622.5,1111.3,555.7
2024-01-31,P0006,1622.5,1111.3,555.7
2024-02-01,P0006,1582.5,1111.3,555.7
2024-02-02,P0006,1451.5,1111.3,555.7
2024-02-03,P0006,1415.5,1111.3,555.7
2024-02-04,P0006,1384.5,1111.3,555.7
2024-02-05,P0006,1319.5,1111.3,555.7
2024-02-06,P0006,1199.5,1111.3,555.7
2024-02-07,P0006,1097.5,1111.3,555.7
2024-02-08,P0006,993.5,1111.3,555.7
2024-02-09,P0006,926.5,1111.3,555.7
2024-02-10,P0006,926.5,1111.3,555.7
2024-02-11,P0006,926.5,1111.3,555.7
2024-02-12,P0006,815.5,1111.3,555.7
2024-02-13,P0006,633.5,1111.3,555.7
2024-02-14,P0006,598.5,1111.3,555.7
2024-02-15,P0006,544.5,1111.3,555.7
2024-02-16,P0006,462.5,1111.3,555.7
2024-02-17,P0006,420.5,1111.3,555.7
2024-02-18,P0006,351.5,1111.3,555.7
2024-02-19,P0006,302.5,1111.3,555.7
2024-02-20,P0006,172.5,1111.3,555.7
2024-02-21,P0006,98.5,1111.3,555.7
2024-02-22,P0006,7.5,1111.3,555.7
2024-02-23,P0006,7.5,1111.3,555.7
2024-02-24,P0006,7.5,1111.3,555.7
2024-02-25,P0006,7.5,1111.3,555.7
2024-02-26,P0006,0.0,1111.3,555.7
2024-02-27,P0006,1341.0,1111.3,555.7
2024-02-28,P0006,1277.0,1111.3,555.7
2024-02-29,P0006,1161.0,1111.3,555.7
2024-03-01,P0006,1116.0,1111.3,555.7
2024-03-02,P0006,1084.0,1111.3,555.7
2024-03-03,P0006,1060.0,1111.3,555.7
2024-03-04,P0006,1044.0,1111.3,555.7
2024-03-05,P0006,1002.0,1111.3,555.7
2024-03-06,P0006,947.0,1111.3,555.7
2024-03-07,P0006,916.0,1111.3,555.7
2024-03-08,P0006,800.0,1111.3,555.7
2024-03-09,P0006,800.0,1111.3,555.7
2024-03-10,P0006,653.0,1111.3,555.7
2024-03-11,P0006,578.0,1111.3,555.7
2024-03-12,P0006,452.0,1111.3,555.7
2024-03-13,P0006,357.0,1111.3,555.7
2024-03-14,P0006,268.0,1111.3,555.7
2024-03-15,P0006,235.0,1111.3,555.7
2024-03-16,P0006,235.0,1111.3,555.7
2024-03-17,P0006,171.0,1111.3,555.7
2024-03-18,P0006,4.0,1111.3,555.7
2024-03-19,P0006,4.0,1111.3,555.7
2024-03-20,P0006,0.0,1111.3,555.7
2024-03-21,P0006,0.0,1111.3,555.7
2024-03-22,P0006,1359.5,1111.3,555.7
2024-03-23,P0006,1344.5,1111.3,555.7
2024-03-24,P0006,1344.5,1111.3,555.7
2024-03-25,P0006,1331.5,1111.3,555.7
2024-03-26,P0006,1278.5,1111.3,555.7
2024-03-27,P0006,1222.5,1111.3,555.7
2024-03-28,P0006,1222.5,1111.3,555.7
2024-03-29,P0006,1171.5,1111.3,555.7
2024-03-30,P0006,1164.5,1111.3,555.7
2024-03-31,P0006,1164.5,1111.3,555.7
2024-04-01,P0006,1150.5,1111.3,555.7
2024-04-02,P0006,1098.5,1111.3,555.7
2024-04-03,P0006,1079.5,1111.3,555.7
2024-04-04,P0006,1059.5,1111.3,555.7
2024-04-05,P0006,881.5,1111.3,555.7
2024-04-06,P0006,850.5,1111.3,555.7
2024-04-07,P0006,823.5,1111.3,555.7
2024-04-08,P0006,771.5,1111.3,555.7
2024-04-09,P0006,725.5,1111.3,555.7
2024-04-10,P0006,680.5,1111.3,555.7
2024-04-11,P0006,624.5,1111.3,555.7
2024-04-12,P0006,545.5,1111.3,555.7
2024-04-13,P0006,478.5,1111.3,555.7
2024-04-14,P0006,407.5,1111.3,555.7
2024-04-15,P0006,407.5,1111.3,555.7
2024-04-16,P0006,407.5,1111.3,555.7
2024-04-17,P0006,296.5,1111.3,555.7
2024-04-18,P0006,200.5,1111.3,555.7
2024-04-19,P0006,51.5,1111.3,555.7
2024-04-20,P0006,51.5,1111.3,555.7
2024-04-21,P0006,0.0,1111.3,555.7
2024-04-22,P0006,1357.0,1111.3,555.7
2024-04-23,P0006,1357.0,1111.3,555.7
2024-04-24,P0006,1159.0,1111.3,555.7
2024-04-25,P0006,1119.0,1111.3,555.7
2024-04-26,P0006,1058.0,1111.3,555.7
2024-04-27,P0006,1058.0,1111.3,555.7
2024-04-28,P0006,1039.0,1111.3,555.7
2024-04-29,P0006,934.0,1111.3,555.7
2024-04-30,P0006,754.0,1111.3,555.7
2024-05-01,P0006,719.0,1111.3,555.7
2024-05-02,P0006,540.0,1111.3,555.7
2024-05-03,P0006,494.0,1111.3,555.7
2024-05-04,P0006,457.0,1111.3,555.7
2024-05-05,P0006,429.0,1111.3,555.7
2024-05-06,P0006,373.0,1111.3,555.7
2024-05-07,P0006,348.0,1111.3,555.7
2024-05-08,P0006,269.0,1111.3,555.7
2024-05-09,P0006,136.0,1111.3,555.7
2024-05-10,P0006,136.0,1111.3,555.7
2024-05-11,P0006,90.0,1111.3,555.7
2024-05-12,P0006,57.0,1111.3,555.7
2024-05-13,P0006,11.0,1111.3,555.7
2024-05-14,P0006,0.0,1111.3,555.7
2024-05-15,P0006,0.0,1111.3,555.7
2024-05-16,P0006,1406.5,1111.3,555.7
2024-05-17,P0006,1364.5,1111.3,555.7
2024-05-18,P0006,1364.5,1111.3,555.7
2024-05-19,P0006,1364.5,1111.3,555.7
2024-05-20,P0006,1270.5,1111.3,555.7
2024-05-21,P0006,1222.5,1111.3,555.7
2024-05-22,P0006,1140.5,1111.3,555.7
2024-05-23,P0006,1083.5,1111.3,555.7
2024-05-24,P0006,1013.5,1111.3,555.7
2024-05-25,P0006,1013.5,1111.3,555.7
2024-05-26,P0006,979.5,1111.3,555.7
2024-05-27,P0006,757.5,1111.3,555.7
2024-05-28,P0006,612.5,1111.3,555.7
2024-05-29,P0006,390.5,1111.3,555.7
2024-05-30,P0006,285.5,1111.3,555.7
2024-05-31,P0006,193.5,1111.3,555.7
2024-06-01,P0006,186.5,1111.3,555.7
2024-06-02,P0006,186.5,1111.3,555.7
2024-06-03,P0006,126.5,1111.3,555.7
2024-06-04,P0006,0.0,1111.3,555.7
2024-06-05,P0006,0.0,1111.3,555.7
2024-06-06,P0006,0.0,1111.3,555.7
2024-06-07,P0006,0.0,1111.3,555.7
2024-06-08,P0006,0.0,1111.3,555.7
2024-06-09,P0006,0.0,1111.3,555.7
2024-06-10,P0006,0.0,1111.3,555.7
2024-06-11,P0006,0.0,1111.3,555.7
2024-06-12,P0006,1335.0,1111.3,555.7
2024-06-13,P0006,1232.0,1111.3,555.7
2024-06-14,P0006,1150.0,1111.3,555.7
2024-06-15,P0006,1150.0,1111.3,555.7
2024-06-16,P0006,1150.0,1111.3,555.7
2024-06-17,P0006,1124.0,1111.3,555.7
2024-06-18,P0006,1092.0,1111.3,555.7
2024-06-19,P0006,1021.0,1111.3,555.7
2024-06-20,P0006,884.0,1111.3,555.7
2024-06-21,P0006,757.0,1111.3,555.7
2024-06-22,P0006,757.0,1111.3,555.7
2024-06-23,P0006,690.0,1111.3,555.7
2024-06-24,P0006,620.0,1111.3,555.7
2024-06-25,P0006,620.0,1111.3,555.7
2024-06-26,P0006,499.0,1111.3,555.7
2024-06-27,P0006,426.0,1111.3,555.7
2024-06-28,P0006,306.0,1111.3,555.7
2024-06-29,P0006,240.0,1111.3,555.7
2024-06-30,P0006,200.0,1111.3,555.7
2024-07-01,P0006,176.0,1111.3,555.7
2024-07-02,P0006,176.0,1111.3,555.7
2024-07-03,P0006,163.0,1111.3,555.7
2024-07-04,P0006,113.0,1111.3,555.7
2024-07-05,P0006,0.0,1111.3,555.7
2024-07-06,P0006,0.0,1111.3,555.7
2024-07-07,P0006,0.0,1111.3,555.7
2024-07-08,P0006,1275.5,1111.3,555.7
2024-07-09,P0006,1224.5,1111.3,555.7
2024-07-10,P0006,1159.5,1111.3,555.7
2024-07-11,P0006,1117.5,1111.3,555.7
2024-07-12,P0006,1088.5,1111.3,555.7
2024-07-13,P0006,1050.5,1111.3,555.7
2024-07-14,P0006,1002.5,1111.3,555.7
2024-07-15,P0006,937.5,1111.3,555.7
2024-07-16,P0006,791.5,1111.3,555.7
2024-07-17,P0006,671.5,1111.3,555.7
2024-07-18,P0006,671.5,1111.3,555.7
2024-07-19,P0006,612.5,1111.3,555.7
2024-07-20,P0006,612.5,1111.3,555.7
2024-07-21,P0006,592.5,1111.3,555.7
2024-07-22,P0006,516.5,1111.3,555.7
2024-07-23,P0006,476.5,1111.3,555.7
2024-07-24,P0006,445.5,1111.3,555.7
2024-07-25,P0006,382.5,1111.3,555.7
2024-07-26,P0006,256.5,1111.3,555.7
2024-07-27,P0006,225.5,1111.3,555.7
2024-07-28,P0006,184.5,1111.3,555.7
2024-07-29,P0006,177.5,1111.3,555.7
2024-07-30,P0006,54.5,1111.3,555.7
2024-07-31,P0006,0.0,1111.3,555.7
2024-08-01,P0006,1403.0,1111.3,555.7
2024-08-02,P0006,1282.0,1111.3,555.7
2024-08-03,P0006,1282.0,1111.3,555.7
2024-08-04,P0006,1282.0,1111.3,555.7
2024-08-05,P0006,1174.0,1111.3,555.7
2024-08-06,P0006,1131.0,1111.3,555.7
2024-08-07,P0006,1040.0,1111.3,555.7
2024-08-08,P0006,924.0,1111.3,555.7
2024-08-09,P0006,908.0,1111.3,555.7
2024-08-10,P0006,848.0,1111.3,555.7
2024-08-11,P0006,848.0,1111.3,555.7
2024-08-12,P0006,848.0,1111.3,555.7
2024-08-13,P0006,737.0,1111.3,555.7
2024-08-14,P0006,720.0,1111.3,555.7
2024-08-15,P0006,720.0,1111.3,555.7
2024-08-16,P0006,688.0,1111.3,555.7
2024-08-17,P0006,635.0,1111.3,555.7
2024-08-18,P0006,635.0,1111.3,555.7
2024-08-19,P0006,523.0,1111.3,555.7
2024-08-20,P0006,498.0,1111.3,555.7
2024-08-21,P0006,411.0,1111.3,555.7
2024-08-22,P0006,309.0,1111.3,555.7
2024-08-23,P0006,140.0,1111.3,555.7
2024-08-24,P0006,140.0,1111.3,555.7
2024-08-25,P0006,103.0,1111.3,555.7
2024-08-26,P0006,91.0,1111.3,555.7
2024-08-27,P0006,1517.5,1111.3,555.7
2024-08-28,P0006,1495.5,1111.3,555.7
2024-08-29,P0006,1378.5,1111.3,555.7
2024-08-30,P0006,1359.5,1111.3,555.7
2024-08-31,P0006,1287.5,1111.3,555.7
2024-09-01,P0006,1287.5,1111.3,555.7
2024-09-02,P0006,1209.5,1111.3,555.7
2024-09-03,P0006,1095.5,1111.3,555.7
2024-09-04,P0006,1095.5,1111.3,555.7
2024-09-05,P0006,979.5,1111.3,555.7
2024-09-06,P0006,898.5,1111.3,555.7
2024-09-07,P0006,889.5,1111.3,555.7
2024-09-08,P0006,879.5,1111.3,555.7
2024-09-09,P0006,879.5,1111.3,555.7
2024-09-10,P0006,827.5,1111.3,555.7
2024-09-11,P0006,799.5,1111.3,555.7
2024-09-12,P0006,664.5,1111.3,555.7
2024-09-13,P0006,640.5,1111.3,555.7
2024-09-14,P0006,634.5,1111.3,555.7
2024-09-15,P0006,634.5,1111.3,555.7
2024-09-16,P0006,558.5,1111.3,555.7
2024-09-17,P0006,387.5,1111.3,555.7
2024-09-18,P0006,342.5,1111.3,555.7
2024-09-19,P0006,204.5,1111.3,555.7
2024-09-20,P0006,204.5,1111.3,555.7
2024-09-21,P0006,186.5,1111.3,555.7
2024-09-22,P0006,186.5,1111.3,555.7
2024-09-23,P0006,1591.5,1111.3,555.7
2024-09-24,P0006,1563.5,1111.3,555.7
2024-09-25,P0006,1473.5,1111.3,555.7
2024-09-26,P0006,1437.5,1111.3,555.7
2024-09-27,P0006,1390.5,1111.3,555.7
2024-09-28,P0006,1363.5,1111.3,555.7
2024-09-29,P0006,1336.5,1111.3,555.7
2024-09-30,P0006,1318.5,1111.3,555.7
2024-10-01,P0006,1272.5,1111.3,555.7
2024-10-02,P0006,1092.5,1111.3,555.7
2024-10-03,P0006,1044.5,1111.3,555.7
2024-10-04,P0006,956.5,1111.3,555.7
2024-10-05,P0006,929.5,1111.3,555.7
2024-10-06,P0006,877.5,1111.3,555.7
2024-10-07,P0006,699.5,1111.3,555.7
2024-10-08,P0006,655.5,1111.3,555.7
2024-10-09,P0006,399.5,1111.3,555.7
2024-10-10,P0006,335.5,1111.3,555.7
2024-10-11,P0006,310.5,1111.3,555.7
2024-10-12,P0006,266.5,1111.3,555.7
2024-10-13,P0006,266.5,1111.3,555.7
2024-10-14,P0006,186.5,1111.3,555.7
2024-10-15,P0006,110.5,1111.3,555.7
2024-10-16,P0006,74.5,1111.3,555.7
2024-10-17,P0006,0.0,1111.3,555.7
2024-10-18,P0006,0.0,1111.3,555.7
2024-10-19,P0006,0.0,1111.3,555.7
2024-10-20,P0006,0.0,1111.3,555.7
2024-10-21,P0006,0.0,1111.3,555.7
2024-10-22,P0006,1311.0,1111.3,555.7
2024-10-23,P0006,1193.0,1111.3,555.7
2024-10-24,P0006,1082.0,1111.3,555.7
2024-10-25,P0006,1056.0,1111.3,555.7
2024-10-26,P0006,954.0,1111.3,555.7
2024-10-27,P0006,939.0,1111.3,555.7
2024-10-28,P0006,846.0,1111.3,555.7
2024-10-29,P0006,804.0,1111.3,555.7
2024-10-30,P0006,673.0,1111.3,555.7
2024-10-31,P0006,651.0,1111.3,555.7
2024-11-01,P0006,551.0,1111.3,555.7
2024-11-02,P0006,527.0,1111.3,555.7
2024-11-03,P0006,527.0,1111.3,555.7
2024-11-04,P0006,508.0,1111.3,555.7
2024-11-05,P0006,373.0,1111.3,555.7
2024-11-06,P0006,321.0,1111.3,555.7
2024-11-07,P0006,275.0,1111.3,555.7
2024-11-08,P0006,237.0,1111.3,555.7
2024-11-09,P0006,237.0,1111.3,555.7
2024-11-10,P0006,176.0,1111.3,555.7
2024-11-11,P0006,61.0,1111.3,555.7
2024-11-12,P0006,56.0,1111.3,555.7
2024-11-13,P0006,1423.5,1111.3,555.7
2024-11-14,P0006,1423.5,1111.3,555.7
2024-11-15,P0006,1402.5,1111.3,555.7
2024-11-16,P0006,1343.5,1111.3,555.7
2024-11-17,P0006,1303.5,1111.3,555.7
2024-11-18,P0006,1283.5,1111.3,555.7
2024-11-19,P0006,1193.5,1111.3,555.7
2024-11-20,P0006,1133.5,1111.3,555.7
2024-11-21,P0006,1047.5,1111.3,555.7
2024-11-22,P0006,953.5,1111.3,555.7
2024-11-23,P0006,953.5,1111.3,555.7
2024-11-24,P0006,883.5,1111.3,555.7
2024-11-25,P0006,883.5,1111.3,555.7
2024-11-26,P0006,684.5,1111.3,555.7
2024-11-27,P0006,622.5,1111.3,555.7
2024-11-28,P0006,576.5,1111.3,555.7
2024-11-29,P0006,559.5,1111.3,555.7
2024-11-30,P0006,434.5,1111.3,555.7
2024-12-01,P0006,434.5,1111.3,555.7
2024-12-02,P0006,396.5,1111.3,555.7
2024-12-03,P0006,371.5,1111.3,555.7
2024-12-04,P0006,266.5,1111.3,555.7
2024-12-05,P0006,261.5,1111.3,555.7
2024-12-06,P0006,255.5,1111.3,555.7
2024-12-07,P0006,206.5,1111.3,555.7
2024-12-08,P0006,206.5,1111.3,555.7
2024-12-09,P0006,155.5,1111.3,555.7
2024-12-10,P0006,36.5,1111.3,555.7
2024-12-11,P0006,1380.5,1111.3,555.7
2024-12-12,P0006,1317.5,1111.3,555.7
2024-12-13,P0006,1301.5,1111.3,555.7
2024-12-14,P0006,1301.5,1111.3,555.7
2024-12-15,P0006,1301.5,1111.3,555.7
2024-12-16,P0006,1292.5,1111.3,555.7
2024-12-17,P0006,1220.5,1111.3,555.7
2024-12-18,P0006,1160.5,1111.3,555.7
2024-12-19,P0006,1084.5,1111.3,555.7
2024-12-20,P0006,990.5,1111.3,555.7
2024-12-21,P0006,990.5,1111.3,555.7
2024-12-22,P0006,937.5,1111.3,555.7
2024-12-23,P0006,802.5,1111.3,555.7
2024-12-24,P0006,761.5,1111.3,555.7
2024-12-25,P0006,703.5,1111.3,555.7
2024-12-26,P0006,610.5,1111.3,555.7
2024-12-27,P0006,439.5,1111.3,555.7
2024-12-28,P0006,439.5,1111.3,555.7
2024-12-29,P0006,397.5,1111.3,555.7
2024-12-30,P0006,351.5,1111.3,555.7
2024-12-31,P0006,345.5,1111.3,555.7
2025-01-01,P0006,295.5,1111.3,555.7
2025-01-02,P0006,217.5,1111.3,555.7
2025-01-03,P0006,217.5,1111.3,555.7
2025-01-04,P0006,191.5,1111.3,555.7
2025-01-05,P0006,191.5,1111.3,555.7
2025-01-06,P0006,170.5,1111.3,555.7
2025-01-07,P0006,31.5,1111.3,555.7
2025-01-08,P0006,1384.5,1111.3,555.7
2025-01-09,P0006,1307.5,1111.3,555.7
2025-01-10,P0006,1177.5,1111.3,555.7
2025-01-11,P0006,1177.5,1111.3,555.7
2025-01-12,P0006,1118.5,1111.3,555.7
2025-01-13,P0006,1086.5,1111.3,555.7
2025-01-14,P0006,920.5,1111.3,555.7
2025-01-15,P0006,867.5,1111.3,555.7
2025-01-16,P0006,867.5,1111.3,555.7
2025-01-17,P0006,867.5,1111.3,555.7
2025-01-18,P0006,832.5,1111.3,555.7
2025-01-19,P0006,744.5,1111.3,555.7
2025-01-20,P0006,744.5,1111.3,555.7
2025-01-21,P0006,744.5,1111.3,555.7
2025-01-22,P0006,663.5,1111.3,555.7
2025-01-23,P0006,663.5,1111.3,555.7
2025-01-24,P0006,663.5,1111.3,555.7
2025-01-25,P0006,655.5,1111.3,555.7
2025-01-26,P0006,655.5,1111.3,555.7
2025-01-27,P0006,557.5,1111.3,555.7
2025-01-28,P0006,516.5,1111.3,555.7
2025-01-29,P0006,472.5,1111.3,555.7
2025-01-30,P0006,444.5,1111.3,555.7
2025-01-31,P0006,426.5,1111.3,555.7
2025-02-01,P0006,411.5,1111.3,555.7
2025-02-02,P0006,1802.5,1111.3,555.7
2025-02-03,P0006,1802.5,1111.3,555.7
2025-02-04,P0006,1802.5,1111.3,555.7
2025-02-05,P0006,1802.5,1111.3,555.7
2025-02-06,P0006,1759.5,1111.3,555.7
2025-02-07,P0006,1752.5,1111.3,555.7
2025-02-08,P0006,1709.5,1111.3,555.7
2025-02-09,P0006,1684.5,1111.3,555.7
2025-02-10,P0006,1644.5,1111.3,555.7
2025-02-11,P0006,1620.5,1111.3,555.7
2025-02-12,P0006,1620.5,1111.3,555.7
2025-02-13,P0006,1597.5,1111.3,555.7
2025-02-14,P0006,1597.5,1111.3,555.7
2025-02-15,P0006,1509.5,1111.3,555.7
2025-02-16,P0006,1466.5,1111.3,555.7
2025-02-17,P0006,1422.5,1111.3,555.7
2025-02-18,P0006,1371.5,1111.3,555.7
2025-02-19,P0006,1253.5,1111.3,555.7
2025-02-20,P0006,1150.5,1111.3,555.7
2025-02-21,P0006,1089.5,1111.3,555.7
2025-02-22,P0006,1078.5,1111.3,555.7
2025-02-23,P0006,1051.5,1111.3,555.7
2025-02-24,P0006,989.5,1111.3,555.7
2025-02-25,P0006,758.5,1111.3,555.7
2025-02-26,P0006,668.5,1111.3,555.7
2025-02-27,P0006,668.5,1111.3,555.7
2025-02-28,P0006,547.5,1111.3,555.7
2025-03-01,P0006,505.5,1111.3,555.7
2025-03-02,P0006,505.5,1111.3,555.7
2025-03-03,P0006,456.5,1111.3,555.7
2025-03-04,P0006,305.5,1111.3,555.7
2025-03-05,P0006,211.5,1111.3,555.7
2025-03-06,P0006,153.5,1111.3,555.7
2025-03-07,P0006,17.5,1111.3,555.7
2025-03-08,P0006,0.0,1111.3,555.7
2025-03-09,P0006,0.0,1111.3,555.7
2025-03-10,P0006,0.0,1111.3,555.7
2025-03-11,P0006,0.0,1111.3,555.7
2025-03-12,P0006,0.0,1111.3,555.7
2025-03-13,P0006,1364.0,1111.3,555.7
2025-03-14,P0006,1364.0,1111.3,555.7
2025-03-15,P0006,1317.0,1111.3,555.7
2025-03-16,P0006,1293.0,1111.3,555.7
2025-03-17,P0006,1235.0,1111.3,555.7
2025-03-18,P0006,1235.0,1111.3,555.7
2025-03-19,P0006,1124.0,1111.3,555.7
2025-03-20,P0006,1124.0,1111.3,555.7
2025-03-21,P0006,1074.0,1111.3,555.7
2025-03-22,P0006,1032.0,1111.3,555.7
2025-03-23,P0006,991.0,1111.3,555.7
2025-03-24,P0006,929.0,1111.3,555.7
2025-03-25,P0006,835.0,1111.3,555.7
2025-03-26,P0006,750.0,1111.3,555.7
2025-03-27,P0006,745.0,1111.3,555.7
2025-03-28,P0006,690.0,1111.3,555.7
2025-03-29,P0006,690.0,1111.3,555.7
2025-03-30,P0006,690.0,1111.3,555.7
2025-03-31,P0006,579.0,1111.3,555.7
2025-04-01,P0006,494.0,1111.3,555.7
2025-04-02,P0006,480.0,1111.3,555.7
2025-04-03,P0006,374.0,1111.3,555.7
2025-04-04,P0006,374.0,1111.3,555.7
2025-04-05,P0006,337.0,1111.3,555.7
2025-04-06,P0006,332.0,1111.3,555.7
2025-04-07,P0006,305.0,1111.3,555.7
2025-04-08,P0006,217.0,1111.3,555.7
2025-04-09,P0006,142.0,1111.3,555.7
2025-04-10,P0006,1519.5,1111.3,555.7
2025-04-11,P0006,1470.5,1111.3,555.7
2025-04-12,P0006,1424.5,1111.3,555.7
2025-04-13,P0006,1378.5,1111.3,555.7
2025-04-14,P0006,1311.5,1111.3,555.7
2025-04-15,P0006,1259.5,1111.3,555.7
2025-04-16,P0006,1222.5,1111.3,555.7
2025-04-17,P0006,1143.5,1111.3,555.7
2025-04-18,P0006,1020.5,1111.3,555.7
2025-04-19,P0006,1020.5,1111.3,555.7
2025-04-20,P0006,984.5,1111.3,555.7
2025-04-21,P0006,967.5,1111.3,555.7
2025-04-22,P0006,948.5,1111.3,555.7
2025-04-23,P0006,948.5,1111.3,555.7
2025-04-24,P0006,900.5,1111.3,555.7
2025-04-25,P0006,854.5,1111.3,555.7
2025-04-26,P0006,820.5,1111.3,555.7
2025-04-27,P0006,815.5,1111.3,555.7
2025-04-28,P0006,753.5,1111.3,555.7
2025-04-29,P0006,653.5,1111.3,555.7
2025-04-30,P0006,406.5,1111.3,555.7
2025-05-01,P0006,317.5,1111.3,555.7
2025-05-02,P0006,307.5,1111.3,555.7
2025-05-03,P0006,249.5,1111.3,555.7
2025-05-04,P0006,199.5,1111.3,555.7
2025-05-05,P0006,135.5,1111.3,555.7
2025-05-06,P0006,37.5,1111.3,555.7
2025-05-07,P0006,0.0,1111.3,555.7
2025-05-08,P0006,1358.0,1111.3,555.7
2025-05-09,P0006,1336.0,1111.3,555.7
2025-05-10,P0006,1336.0,1111.3,555.7
2025-05-11,P0006,1298.0,1111.3,555.7
2025-05-12,P0006,1137.0,1111.3,555.7
2025-05-13,P0006,1034.0,1111.3,555.7
2025-05-14,P0006,933.0,1111.3,555.7
2025-05-15,P0006,933.0,1111.3,555.7
2025-05-16,P0006,861.0,1111.3,555.7
2025-05-17,P0006,785.0,1111.3,555.7
2025-05-18,P0006,785.0,1111.3,555.7
2025-05-19,P0006,664.0,1111.3,555.7
2025-05-20,P0006,547.0,1111.3,555.7
2025-05-21,P0006,507.0,1111.3,555.7
2025-05-22,P0006,500.0,1111.3,555.7
2025-05-23,P0006,352.0,1111.3,555.7
2025-05-24,P0006,352.0,1111.3,555.7
2025-05-25,P0006,352.0,1111.3,555.7
2025-05-26,P0006,267.0,1111.3,555.7
2025-05-27,P0006,139.0,1111.3,555.7
2025-05-28,P0006,125.0,1111.3,555.7
2025-05-29,P0006,82.0,1111.3,555.7
2025-05-30,P0006,8.0,1111.3,555.7
2025-05-31,P0006,0.0,1111.3,555.7
2025-06-01,P0006,0.0,1111.3,555.7
2025-06-02,P0006,1466.5,1111.3,555.7
2025-06-03,P0006,1390.5,1111.3,555.7
2025-06-04,P0006,1348.5,1111.3,555.7
2025-06-05,P0006,1319.5,1111.3,555.7
2025-06-06,P0006,1319.5,1111.3,555.7
2025-06-07,P0006,1227.5,1111.3,555.7
2025-06-08,P0006,1195.5,1111.3,555.7
2025-06-09,P0006,1036.5,1111.3,555.7
2025-06-10,P0006,981.5,1111.3,555.7
2025-06-11,P0006,844.5,1111.3,555.7
2025-06-12,P0006,701.5,1111.3,555.7
2025-06-13,P0006,614.5,1111.3,555.7
2025-06-14,P0006,614.5,1111.3,555.7
2025-06-15,P0006,547.5,1111.3,555.7
2025-06-16,P0006,410.5,1111.3,555.7
2025-06-17,P0006,365.5,1111.3,555.7
2025-06-18,P0006,304.5,1111.3,555.7
2025-06-19,P0006,190.5,1111.3,555.7
2025-06-20,P0006,135.5,1111.3,555.7
2025-06-21,P0006,135.5,1111.3,555.7
2025-06-22,P0006,50.5,1111.3,555.7
2025-06-23,P0006,0.0,1111.3,555.7
2025-06-24,P0006,0.0,1111.3,555.7
2025-06-25,P0006,0.0,1111.3,555.7
2025-06-26,P0006,0.0,1111.3,555.7
2025-06-27,P0006,0.0,1111.3,555.7
2025-06-28,P0006,0.0,1111.3,555.7
2025-06-29,P0006,1410.0,1111.3,555.7
2025-06-30,P0006,1329.0,1111.3,555.7
2025-07-01,P0006,1320.0,1111.3,555.7
2025-07-02,P0006,1215.0,1111.3,555.7
2025-07-03,P0006,1164.0,1111.3,555.7
2025-07-04,P0006,1111.0,1111.3,555.7
2025-07-05,P0006,1103.0,1111.3,555.7
2025-07-06,P0006,1035.0,1111.3,555.7
2025-07-07,P0006,978.0,1111.3,555.7
2025-07-08,P0006,940.0,1111.3,555.7
2025-07-09,P0006,940.0,1111.3,555.7
2025-07-10,P0006,893.0,1111.3,555.7
2025-07-11,P0006,824.0,1111.3,555.7
2025-07-12,P0006,730.0,1111.3,555.7
2025-07-13,P0006,696.0,1111.3,555.7
2025-07-14,P0006,638.0,1111.3,555.7
2025-07-15,P0006,617.0,1111.3,555.7
2025-07-16,P0006,565.0,1111.3,555.7
2025-07-17,P0006,441.0,1111.3,555.7
2025-07-18,P0006,400.0,1111.3,555.7
2025-07-19,P0006,400.0,1111.3,555.7
2025-07-20,P0006,356.0,1111.3,555.7
2025-07-21,P0006,356.0,1111.3,555.7
2025-07-22,P0006,319.0,1111.3,555.7
2025-07-23,P0006,243.0,1111.3,555.7
2025-07-24,P0006,1550.5,1111.3,555.7
2025-07-25,P0006,1491.5,1111.3,555.7
2025-07-26,P0006,1443.5,1111.3,555.7
2025-07-27,P0006,1426.5,1111.3,555.7
2025-07-28,P0006,1381.5,1111.3,555.7
2025-07-29,P0006,1347.5,1111.3,555.7
2025-07-30,P0006,1286.5,1111.3,555.7
2025-07-31,P0006,1243.5,1111.3,555.7
2025-08-01,P0006,1206.5,1111.3,555.7
2025-08-02,P0006,1157.5,1111.3,555.7
2025-08-03,P0006,1157.5,1111.3,555.7
2025-08-04,P0006,1115.5,1111.3,555.7
2025-08-05,P0006,1028.5,1111.3,555.7
2025-08-06,P0006,923.5,1111.3,555.7
2025-08-07,P0006,893.5,1111.3,555.7
2025-08-08,P0006,867.5,1111.3,555.7
2025-08-09,P0006,852.5,1111.3,555.7
2025-08-10,P0006,783.5,1111.3,555.7
2025-08-11,P0006,749.5,1111.3,555.7
2025-08-12,P0006,705.5,1111.3,555.7
2025-08-13,P0006,664.5,1111.3,555.7
2025-08-14,P0006,561.5,1111.3,555.7
2025-08-15,P0006,499.5,1111.3,555.7
2025-08-16,P0006,494.5,1111.3,555.7
2025-08-17,P0006,460.5,1111.3,555.7
2025-08-18,P0006,391.5,1111.3,555.7
2025-08-19,P0006,309.5,1111.3,555.7
2025-08-20,P0006,281.5,1111.3,555.7
2025-08-21,P0006,229.5,1111.3,555.7
2025-08-22,P0006,184.5,1111.3,555.7
2025-08-23,P0006,139.5,1111.3,555.7
2025-08-24,P0006,62.5,1111.3,555.7
2025-08-25,P0006,1458.5,1111.3,555.7
2025-08-26,P0006,1318.5,1111.3,555.7
2025-08-27,P0006,1177.5,1111.3,555.7
2025-08-28,P0006,1177.5,1111.3,555.7
2025-08-29,P0006,1048.5,1111.3,555.7
2025-08-30,P0006,992.5,1111.3,555.7
2025-08-31,P0006,970.5,1111.3,555.7
2025-09-01,P0006,928.5,1111.3,555.7
2025-09-02,P0006,866.5,1111.3,555.7
2025-09-03,P0006,830.5,1111.3,555.7
2025-09-04,P0006,616.5,1111.3,555.7
2025-09-05,P0006,595.5,1111.3,555.7
2025-09-06,P0006,595.5,1111.3,555.7
2025-09-07,P0006,585.5,1111.3,555.7
2025-09-08,P0006,514.5,1111.3,555.7
2025-09-09,P0006,500.5,1111.3,555.7
2025-09-10,P0006,454.5,1111.3,555.7
2025-09-11,P0006,350.5,1111.3,555.7
2025-09-12,P0006,262.5,1111.3,555.7
2025-09-13,P0006,262.5,1111.3,555.7
2025-09-14,P0006,171.5,1111.3,555.7
2025-09-15,P0006,103.5,1111.3,555.7
2025-09-16,P0006,86.5,1111.3,555.7
2025-09-17,P0006,0.0,1111.3,555.7
2025-09-18,P0006,1333.0,1111.3,555.7
2025-09-19,P0006,1273.0,1111.3,555.7
2025-09-20,P0006,1252.0,1111.3,555.7
2025-09-21,P0006,1252.0,1111.3,555.7
2025-09-22,P0006,1210.0,1111.3,555.7
2025-09-23,P0006,1173.0,1111.3,555.7
2025-09-24,P0006,1047.0,1111.3,555.7
2025-09-25,P0006,957.0,1111.3,555.7
2025-09-26,P0006,800.0,1111.3,555.7
2025-09-27,P0006,748.0,1111.3,555.7
2025-09-28,P0006,717.0,1111.3,555.7
2025-09-29,P0006,650.0,1111.3,555.7
2025-09-30,P0006,579.0,1111.3,555.7
2025-10-01,P0006,514.0,1111.3,555.7
2025-10-02,P0006,474.0,1111.3,555.7
2025-10-03,P0006,444.0,1111.3,555.7
2025-10-04,P0006,444.0,1111.3,555.7
2025-10-05,P0006,444.0,1111.3,555.7
2025-10-06,P0006,407.0,1111.3,555.7
2025-10-07,P0006,349.0,1111.3,555.7
2025-10-08,P0006,330.0,1111.3,555.7
2025-10-09,P0006,267.0,1111.3,555.7
2025-10-10,P0006,191.0,1111.3,555.7
2025-10-11,P0006,176.0,1111.3,555.7
2025-10-12,P0006,107.0,1111.3,555.7
2025-10-13,P0006,0.0,1111.3,555.7
2025-10-14,P0006,1402.5,1111.3,555.7
2025-10-15,P0006,1251.5,1111.3,555.7
2025-10-16,P0006,1097.5,1111.3,555.7
2025-10-17,P0006,1037.5,1111.3,555.7
2025-10-18,P0006,1037.5,1111.3,555.7
2025-10-19,P0006,1037.5,1111.3,555.7
2025-10-20,P0006,953.5,1111.3,555.7
2025-10-21,P0006,863.5,1111.3,555.7
2025-10-22,P0006,762.5,1111.3,555.7
2025-10-23,P0006,745.5,1111.3,555.7
2025-10-24,P0006,716.5,1111.3,555.7
2025-10-25,P0006,645.5,1111.3,555.7
2025-10-26,P0006,645.5,1111.3,555.7
2025-10-27,P0006,609.5,1111.3,555.7
2025-10-28,P0006,569.5,1111.3,555.7
2025-10-29,P0006,485.5,1111.3,555.7
2025-10-30,P0006,367.5,1111.3,555.7
2025-10-31,P0006,237.5,1111.3,555.7
2025-11-01,P0006,198.5,1111.3,555.7
2025-11-02,P0006,169.5,1111.3,555.7
2025-11-03,P0006,64.5,1111.3,555.7
2025-11-04,P0006,50.5,1111.3,555.7
2025-11-05,P0006,1401.5,1111.3,555.7
2025-11-06,P0006,1325.5,1111.3,555.7
2025-11-07,P0006,1271.5,1111.3,555.7
2025-11-08,P0006,1271.5,1111.3,555.7
2025-11-09,P0006,1271.5,1111.3,555.7
2025-11-10,P0006,1112.5,1111.3,555.7
2025-11-11,P0006,1067.5,1111.3,555.7
2025-11-12,P0006,1002.5,1111.3,555.7
2025-11-13,P0006,938.5,1111.3,555.7
2025-11-14,P0006,882.5,1111.3,555.7
2025-11-15,P0006,882.5,1111.3,555.7
2025-11-16,P0006,851.5,1111.3,555.7
2025-11-17,P0006,784.5,1111.3,555.7
2025-11-18,P0006,719.5,1111.3,555.7
2025-11-19,P0006,719.5,1111.3,555.7
2025-11-20,P0006,588.5,1111.3,555.7
2025-11-21,P0006,450.5,1111.3,555.7
2025-11-22,P0006,422.5,1111.3,555.7
2025-11-23,P0006,324.5,1111.3,555.7
2025-11-24,P0006,248.5,1111.3,555.7
2025-11-25,P0006,248.5,1111.3,555.7
2025-11-26,P0006,167.5,1111.3,555.7
2025-11-27,P0006,146.5,1111.3,555.7
2025-11-28,P0006,67.5,1111.3,555.7
2025-11-29,P0006,52.5,1111.3,555.7
2025-11-30,P0006,6.5,1111.3,555.7
2025-12-01,P0006,1357.5,1111.3,555.7
2025-12-02,P0006,1230.5,1111.3,555.7
2025-12-03,P0006,1154.5,1111.3,555.7
2025-12-04,P0006,1067.5,1111.3,555.7
2025-12-05,P0006,1032.5,1111.3,555.7
2025-12-06,P0006,1032.5,1111.3,555.7
2025-12-07,P0006,951.5,1111.3,555.7
2025-12-08,P0006,871.5,1111.3,555.7
2025-12-09,P0006,853.5,1111.3,555.7
2025-12-10,P0006,786.5,1111.3,555.7
2025-12-11,P0006,747.5,1111.3,555.7
2025-12-12,P0006,590.5,1111.3,555.7
2025-12-13,P0006,569.5,1111.3,555.7
2025-12-14,P0006,569.5,1111.3,555.7
2025-12-15,P0006,505.5,1111.3,555.7
2025-12-16,P0006,483.5,1111.3,555.7
2025-12-17,P0006,448.5,1111.3,555.7
2025-12-18,P0006,381.5,1111.3,555.7
2025-12-19,P0006,362.5,1111.3,555.7
2025-12-20,P0006,362.5,1111.3,555.7
2025-12-21,P0006,308.5,1111.3,555.7
2025-12-22,P0006,308.5,1111.3,555.7
2025-12-23,P0006,273.5,1111.3,555.7
2025-12-24,P0006,1679.5,1111.3,555.7
2025-12-25,P0006,1578.5,1111.3,555.7
2025-12-26,P0006,1535.5,1111.3,555.7
2025-12-27,P0006,1450.5,1111.3,555.7
2025-12-28,P0006,1372.5,1111.3,555.7
2025-12-29,P0006,1253.5,1111.3,555.7
2025-12-30,P0006,1184.5,1111.3,555.7
2025-12-31,P0006,1156.5,1111.3,555.7
2023-01-01,P0007,2430.5,1103.3,551.7
2023-01-02,P0007,2389.5,1103.3,551.7
2023-01-03,P0007,2330.5,1103.3,551.7
2023-01-04,P0007,2284.5,1103.3,551.7
2023-01-05,P0007,2252.5,1103.3,551.7
2023-01-06,P0007,2206.5,1103.3,551.7
2023-01-07,P0007,2206.5,1103.3,551.7
2023-01-08,P0007,2206.5,1103.3,551.7
2023-01-09,P0007,2076.5,1103.3,551.7
2023-01-10,P0007,2076.5,1103.3,551.7
2023-01-11,P0007,2012.5,1103.3,551.7
2023-01-12,P0007,1914.5,1103.3,551.7
2023-01-13,P0007,1891.5,1103.3,551.7
2023-01-14,P0007,1884.5,1103.3,551.7
2023-01-15,P0007,1884.5,1103.3,551.7
2023-01-16,P0007,1858.5,1103.3,551.7
2023-01-17,P0007,1822.5,1103.3,551.7
2023-01-18,P0007,1822.5,1103.3,551.7
2023-01-19,P0007,1822.5,1103.3,551.7
2023-01-20,P0007,1774.5,1103.3,551.7
2023-01-21,P0007,1719.5,1103.3,551.7
2023-01-22,P0007,1670.5,1103.3,551.7
2023-01-23,P0007,1596.5,1103.3,551.7
2023-01-24,P0007,1551.5,1103.3,551.7
2023-01-25,P0007,1506.5,1103.3,551.7
2023-01-26,P0007,1485.5,1103.3,551.7
2023-01-27,P0007,1421.5,1103.3,551.7
2023-01-28,P0007,1390.5,1103.3,551.7
2023-01-29,P0007,1357.5,1103.3,551.7
2023-01-30,P0007,1253.5,1103.3,551.7
2023-01-31,P0007,1234.5,1103.3,551.7
2023-02-01,P0007,1173.5,1103.3,551.7
2023-02-02,P0007,1135.5,1103.3,551.7
2023-02-03,P0007,1043.5,1103.3,551.7
2023-02-04,P0007,1043.5,1103.3,551.7
2023-02-05,P0007,1043.5,1103.3,551.7
2023-02-06,P0007,1002.5,1103.3,551.7
2023-02-07,P0007,940.5,1103.3,551.7
2023-02-08,P0007,823.5,1103.3,551.7
2023-02-09,P0007,723.5,1103.3,551.7
2023-02-10,P0007,723.5,1103.3,551.7
2023-02-11,P0007,678.5,1103.3,551.7
2023-02-12,P0007,678.5,1103.3,551.7
2023-02-13,P0007,531.5,1103.3,551.7
2023-02-14,P0007,473.5,1103.3,551.7
2023-02-15,P0007,319.5,1103.3,551.7
2023-02-16,P0007,279.5,1103.3,551.7
2023-02-17,P0007,266.5,1103.3,551.7
2023-02-18,P0007,266.5,1103.3,551.7
2023-02-19,P0007,266.5,1103.3,551.7
2023-02-20,P0007,266.5,1103.3,551.7
2023-02-21,P0007,234.5,1103.3,551.7
2023-02-22,P0007,95.5,1103.3,551.7
2023-02-23,P0007,1409.5,1103.3,551.7
2023-02-24,P0007,1361.5,1103.3,551.7
2023-02-25,P0007,1342.5,1103.3,551.7
2023-02-26,P0007,1289.5,1103.3,551.7
2023-02-27,P0007,1228.5,1103.3,551.7
2023-02-28,P0007,1205.5,1103.3,551.7
2023-03-01,P0007,1145.5,1103.3,551.7
2023-03-02,P0007,1044.5,1103.3,551.7
2023-03-03,P0007,964.5,1103.3,551.7
2023-03-04,P0007,964.5,1103.3,551.7
2023-03-05,P0007,926.5,1103.3,551.7
2023-03-06,P0007,926.5,1103.3,551.7
2023-03-07,P0007,748.5,1103.3,551.7
2023-03-08,P0007,664.5,1103.3,551.7
2023-03-09,P0007,593.5,1103.3,551.7
2023-03-10,P0007,535.5,1103.3,551.7
2023-03-11,P0007,434.5,1103.3,551.7
2023-03-12,P0007,344.5,1103.3,551.7
2023-03-13,P0007,198.5,1103.3,551.7
2023-03-14,P0007,112.5,1103.3,551.7
2023-03-15,P0007,53.5,1103.3,551.7
2023-03-16,P0007,0.0,1103.3,551.7
2023-03-17,P0007,0.0,1103.3,551.7
2023-03-18,P0007,0.0,1103.3,551.7
2023-03-19,P0007,0.0,1103.3,551.7
2023-03-20,P0007,0.0,1103.3,551.7
2023-03-21,P0007,0.0,1103.3,551.7
2023-03-22,P0007,1354.0,1103.3,551.7
2023-03-23,P0007,1345.0,1103.3,551.7
2023-03-24,P0007,1305.0,1103.3,551.7
2023-03-25,P0007,1272.0,1103.3,551.7
2023-03-26,P0007,1233.0,1103.3,551.7
2023-03-27,P0007,1187.0,1103.3,551.7
2023-03-28,P0007,1072.0,1103.3,551.7
2023-03-29,P0007,947.0,1103.3,551.7
2023-03-30,P0007,821.0,1103.3,551.7
2023-03-31,P0007,816.0,1103.3,551.7
2023-04-01,P0007,791.0,1103.3,551.7
2023-04-02,P0007,704.0,1103.3,551.7
2023-04-03,P0007,616.0,1103.3,551.7
2023-04-04,P0007,530.0,1103.3,551.7
2023-04-05,P0007,478.0,1103.3,551.7
2023-04-06,P0007,322.0,1103.3,551.7
2023-04-07,P0007,240.0,1103.3,551.7
2023-04-08,P0007,240.0,1103.3,551.7
2023-04-09,P0007,221.0,1103.3,551.7
2023-04-10,P0007,174.0,1103.3,551.7
2023-04-11,P0007,151.0,1103.3,551.7
2023-04-12,P0007,151.0,1103.3,551.7
2023-04-13,P0007,120.0,1103.3,551.7
2023-04-14,P0007,54.0,1103.3,551.7
2023-04-15,P0007,28.0,1103.3,551.7
2023-04-16,P0007,0.0,1103.3,551.7
2023-04-17,P0007,1325.5,1103.3,551.7
2023-04-18,P0007,1325.5,1103.3,551.7
2023-04-19,P0007,1320.5,1103.3,551.7
2023-04-20,P0007,1277.5,1103.3,551.7
2023-04-21,P0007,1194.5,1103.3,551.7
2023-04-22,P0007,1194.5,1103.3,551.7
2023-04-23,P0007,1194.5,1103.3,551.7
2023-04-24,P0007,1162.5,1103.3,551.7
2023-04-25,P0007,1118.5,1103.3,551.7
2023-04-26,P0007,1039.5,1103.3,551.7
2023-04-27,P0007,994.5,1103.3,551.7
2023-04-28,P0007,955.5,1103.3,551.7
2023-04-29,P0007,955.5,1103.3,551.7
2023-04-30,P0007,909.5,1103.3,551.7
2023-05-01,P0007,832.5,1103.3,551.7
2023-05-02,P0007,721.5,1103.3,551.7
2023-05-03,P0007,651.5,1103.3,551.7
2023-05-04,P0007,651.5,1103.3,551.7
2023-05-05,P0007,651.5,1103.3,551.7
2023-05-06,P0007,645.5,1103.3,551.7
2023-05-07,P0007,625.5,1103.3,551.7
2023-05-08,P0007,577.5,1103.3,551.7
2023-05-09,P0007,522.5,1103.3,551.7
2023-05-10,P0007,441.5,1103.3,551.7
2023-05-11,P0007,352.5,1103.3,551.7
2023-05-12,P0007,182.5,1103.3,551.7
2023-05-13,P0007,155.5,1103.3,551.7
2023-05-14,P0007,88.5,1103.3,551.7
2023-05-15,P0007,0.0,1103.3,551.7
2023-05-16,P0007,1425.0,1103.3,551.7
2023-05-17,P0007,1375.0,1103.3,551.7
2023-05-18,P0007,1268.0,1103.3,551.7
2023-05-19,P0007,1238.0,1103.3,551.7
2023-05-20,P0007,1238.0,1103.3,551.7
2023-05-21,P0007,1197.0,1103.3,551.7
2023-05-22,P0007,1185.0,1103.3,551.7
2023-05-23,P0007,1098.0,1103.3,551.7
2023-05-24,P0007,1060.0,1103.3,551.7
2023-05-25,P0007,977.0,1103.3,551.7
2023-05-26,P0007,892.0,1103.3,551.7
2023-05-27,P0007,809.0,1103.3,551.7
2023-05-28,P0007,767.0,1103.3,551.7
2023-05-29,P0007,617.0,1103.3,551.7
2023-05-30,P0007,581.0,1103.3,551.7
2023-05-31,P0007,529.0,1103.3,551.7
2023-06-01,P0007,347.0,1103.3,551.7
2023-06-02,P0007,285.0,1103.3,551.7
2023-06-03,P0007,273.0,1103.3,551.7
2023-06-04,P0007,218.0,1103.3,551.7
2023-06-05,P0007,148.0,1103.3,551.7
2023-06-06,P0007,91.0,1103.3,551.7
2023-06-07,P0007,54.0,1103.3,551.7
2023-06-08,P0007,21.0,1103.3,551.7
2023-06-09,P0007,0.0,1103.3,551.7
2023-06-10,P0007,0.0,1103.3,551.7
2023-06-11,P0007,0.0,1103.3,551.7
2023-06-12,P0007,1288.5,1103.3,551.7
2023-06-13,P0007,1225.5,1103.3,551.7
2023-06-14,P0007,1189.5,1103.3,551.7
2023-06-15,P0007,1158.5,1103.3,551.7
2023-06-16,P0007,1014.5,1103.3,551.7
2023-06-17,P0007,1001.5,1103.3,551.7
2023-06-18,P0007,905.5,1103.3,551.7
2023-06-19,P0007,905.5,1103.3,551.7
2023-06-20,P0007,830.5,1103.3,551.7
2023-06-21,P0007,781.5,1103.3,551.7
2023-06-22,P0007,701.5,1103.3,551.7
2023-06-23,P0007,686.5,1103.3,551.7
2023-06-24,P0007,678.5,1103.3,551.7
2023-06-25,P0007,678.5,1103.3,551.7
2023-06-26,P0007,555.5,1103.3,551.7
2023-06-27,P0007,549.5,1103.3,551.7
2023-06-28,P0007,453.5,1103.3,551.7
2023-06-29,P0007,453.5,1103.3,551.7
2023-06-30,P0007,394.5,1103.3,551.7
2023-07-01,P0007,348.5,1103.3,551.7
2023-07-02,P0007,332.5,1103.3,551.7
2023-07-03,P0007,220.5,1103.3,551.7
2023-07-04,P0007,220.5,1103.3,551.7
2023-07-05,P0007,175.5,1103.3,551.7
2023-07-06,P0007,1598.5,1103.3,551.7
2023-07-07,P0007,1539.5,1103.3,551.7
2023-07-08,P0007,1539.5,1103.3,551.7
2023-07-09,P0007,1539.5,1103.3,551.7
2023-07-10,P0007,1484.5,1103.3,551.7
2023-07-11,P0007,1405.5,1103.3,551.7
2023-07-12,P0007,1380.5,1103.3,551.7
2023-07-13,P0007,1255.5,1103.3,551.7
2023-07-14,P0007,1187.5,1103.3,551.7
2023-07-15,P0007,1187.5,1103.3,551.7
2023-07-16,P0007,1177.5,1103.3,551.7
2023-07-17,P0007,1119.5,1103.3,551.7
2023-07-18,P0007,994.5,1103.3,551.7
2023-07-19,P0007,919.5,1103.3,551.7
2023-07-20,P0007,906.5,1103.3,551.7
2023-07-21,P0007,812.5,1103.3,551.7
2023-07-22,P0007,801.5,1103.3,551.7
2023-07-23,P0007,770.5,1103.3,551.7
2023-07-24,P0007,680.5,1103.3,551.7
2023-07-25,P0007,645.5,1103.3,551.7
2023-07-26,P0007,597.5,1103.3,551.7
2023-07-27,P0007,461.5,1103.3,551.7
2023-07-28,P0007,408.5,1103.3,551.7
2023-07-29,P0007,408.5,1103.3,551.7
2023-07-30,P0007,371.5,1103.3,551.7
2023-07-31,P0007,306.5,1103.3,551.7
2023-08-01,P0007,243.5,1103.3,551.7
2023-08-02,P0007,154.5,1103.3,551.7
2023-08-03,P0007,0.0,1103.3,551.7
2023-08-04,P0007,0.0,1103.3,551.7
2023-08-05,P0007,0.0,1103.3,551.7
2023-08-06,P0007,0.0,1103.3,551.7
2023-08-07,P0007,1463.0,1103.3,551.7
2023-08-08,P0007,1373.0,1103.3,551.7
2023-08-09,P0007,1316.0,1103.3,551.7
2023-08-10,P0007,1267.0,1103.3,551.7
2023-08-11,P0007,1220.0,1103.3,551.7
2023-08-12,P0007,1153.0,1103.3,551.7
2023-08-13,P0007,1148.0,1103.3,551.7
2023-08-14,P0007,1117.0,1103.3,551.7
2023-08-15,P0007,1048.0,1103.3,551.7
2023-08-16,P0007,1011.0,1103.3,551.7
2023-08-17,P0007,932.0,1103.3,551.7
2023-08-18,P0007,913.0,1103.3,551.7
2023-08-19,P0007,913.0,1103.3,551.7
2023-08-20,P0007,913.0,1103.3,551.7
2023-08-21,P0007,878.0,1103.3,551.7
2023-08-22,P0007,796.0,1103.3,551.7
2023-08-23,P0007,756.0,1103.3,551.7
2023-08-24,P0007,729.0,1103.3,551.7
2023-08-25,P0007,729.0,1103.3,551.7
2023-08-26,P0007,662.0,1103.3,551.7
2023-08-27,P0007,620.0,1103.3,551.7
2023-08-28,P0007,573.0,1103.3,551.7
2023-08-29,P0007,549.0,1103.3,551.7
2023-08-30,P0007,496.0,1103.3,551.7
2023-08-31,P0007,355.0,1103.3,551.7
2023-09-01,P0007,301.0,1103.3,551.7
2023-09-02,P0007,301.0,1103.3,551.7
2023-09-03,P0007,260.0,1103.3,551.7
2023-09-04,P0007,1610.5,1103.3,551.7
2023-09-05,P0007,1492.5,1103.3,551.7
2023-09-06,P0007,1360.5,1103.3,551.7
2023-09-07,P0007,1273.5,1103.3,551.7
2023-09-08,P0007,1125.5,1103.3,551.7
2023-09-09,P0007,1077.5,1103.3,551.7
2023-09-10,P0007,953.5,1103.3,551.7
2023-09-11,P0007,943.5,1103.3,551.7
2023-09-12,P0007,904.5,1103.3,551.7
2023-09-13,P0007,824.5,1103.3,551.7
2023-09-14,P0007,780.5,1103.3,551.7
2023-09-15,P0007,675.5,1103.3,551.7
2023-09-16,P0007,675.5,1103.3,551.7
2023-09-17,P0007,675.5,1103.3,551.7
2023-09-18,P0007,606.5,1103.3,551.7
2023-09-19,P0007,567.5,1103.3,551.7
2023-09-20,P0007,470.5,1103.3,551.7
2023-09-21,P0007,426.5,1103.3,551.7
2023-09-22,P0007,381.5,1103.3,551.7
2023-09-23,P0007,381.5,1103.3,551.7
2023-09-24,P0007,381.5,1103.3,551.7
2023-09-25,P0007,373.5,1103.3,551.7
2023-09-26,P0007,310.5,1103.3,551.7
2023-09-27,P0007,310.5,1103.3,551.7
2023-09-28,P0007,183.5,1103.3,551.7
2023-09-29,P0007,1574.5,1103.3,551.7
2023-09-30,P0007,1470.5,1103.3,551.7
2023-10-01,P0007,1441.5,1103.3,551.7
2023-10-02,P0007,1441.5,1103.3,551.7
2023-10-03,P0007,1342.5,1103.3,551.7
2023-10-04,P0007,1260.5,1103.3,551.7
2023-10-05,P0007,1260.5,1103.3,551.7
2023-10-06,P0007,1178.5,1103.3,551.7
2023-10-07,P0007,1178.5,1103.3,551.7
2023-10-08,P0007,1135.5,1103.3,551.7
2023-10-09,P0007,1034.5,1103.3,551.7
2023-10-10,P0007,932.5,1103.3,551.7
2023-10-11,P0007,826.5,1103.3,551.7
2023-10-12,P0007,767.5,1103.3,551.7
2023-10-13,P0007,706.5,1103.3,551.7
2023-10-14,P0007,665.5,1103.3,551.7
2023-10-15,P0007,665.5,1103.3,551.7
2023-10-16,P0007,607.5,1103.3,551.7
2023-10-17,P0007,556.5,1103.3,551.7
2023-10-18,P0007,542.5,1103.3,551.7
2023-10-19,P0007,488.5,1103.3,551.7
2023-10-20,P0007,439.5,1103.3,551.7
2023-10-21,P0007,418.5,1103.3,551.7
2023-10-22,P0007,418.5,1103.3,551.7
2023-10-23,P0007,373.5,1103.3,551.7
2023-10-24,P0007,293.5,1103.3,551.7
2023-10-25,P0007,267.5,1103.3,551.7
2023-10-26,P0007,170.5,1103.3,551.7
2023-10-27,P0007,66.5,1103.3,551.7
2023-10-28,P0007,37.5,1103.3,551.7
2023-10-29,P0007,1430.5,1103.3,551.7
2023-10-30,P0007,1331.5,1103.3,551.7
2023-10-31,P0007,1306.5,1103.3,551.7
2023-11-01,P0007,1254.5,1103.3,551.7
2023-11-02,P0007,1254.5,1103.3,551.7
2023-11-03,P0007,1188.5,1103.3,551.7
2023-11-04,P0007,1180.5,1103.3,551.7
2023-11-05,P0007,1148.5,1103.3,551.7
2023-11-06,P0007,1104.5,1103.3,551.7
2023-11-07,P0007,1032.5,1103.3,551.7
2023-11-08,P0007,918.5,1103.3,551.7
2023-11-09,P0007,912.5,1103.3,551.7
2023-11-10,P0007,871.5,1103.3,551.7
2023-11-11,P0007,864.5,1103.3,551.7
2023-11-12,P0007,833.5,1103.3,551.7
2023-11-13,P0007,788.5,1103.3,551.7
2023-11-14,P0007,774.5,1103.3,551.7
2023-11-15,P0007,709.5,1103.3,551.7
2023-11-16,P0007,568.5,1103.3,551.7
2023-11-17,P0007,505.5,1103.3,551.7
2023-11-18,P0007,484.5,1103.3,551.7
2023-11-19,P0007,436.5,1103.3,551.7
2023-11-20,P0007,361.5,1103.3,551.7
2023-11-21,P0007,361.5,1103.3,551.7
2023-11-22,P0007,315.5,1103.3,551.7
2023-11-23,P0007,154.5,1103.3,551.7
2023-11-24,P0007,0.0,1103.3,551.7
2023-11-25,P0007,0.0,1103.3,551.7
2023-11-26,P0007,0.0,1103.3,551.7
2023-11-27,P0007,1371.0,1103.3,551.7
2023-11-28,P0007,1310.0,1103.3,551.7
2023-11-29,P0007,1295.0,1103.3,551.7
2023-11-30,P0007,1249.0,1103.3,551.7
2023-12-01,P0007,1200.0,1103.3,551.7
2023-12-02,P0007,1156.0,1103.3,551.7
2023-12-03,P0007,1156.0,1103.3,551.7
2023-12-04,P0007,1064.0,1103.3,551.7
2023-12-05,P0007,1049.0,1103.3,551.7
2023-12-06,P0007,881.0,1103.3,551.7
2023-12-07,P0007,881.0,1103.3,551.7
2023-12-08,P0007,810.0,1103.3,551.7
2023-12-09,P0007,768.0,1103.3,551.7
2023-12-10,P0007,682.0,1103.3,551.7
2023-12-11,P0007,575.0,1103.3,551.7
2023-12-12,P0007,438.0,1103.3,551.7
2023-12-13,P0007,438.0,1103.3,551.7
2023-12-14,P0007,307.0,1103.3,551.7
2023-12-15,P0007,245.0,1103.3,551.7
2023-12-16,P0007,245.0,1103.3,551.7
2023-12-17,P0007,245.0,1103.3,551.7
2023-12-18,P0007,219.0,1103.3,551.7
2023-12-19,P0007,191.0,1103.3,551.7
2023-12-20,P0007,92.0,1103.3,551.7
2023-12-21,P0007,62.0,1103.3,551.7
2023-12-22,P0007,0.0,1103.3,551.7
2023-12-23,P0007,0.0,1103.3,551.7
2023-12-24,P0007,1418.5,1103.3,551.7
2023-12-25,P0007,1375.5,1103.3,551.7
2023-12-26,P0007,1343.5,1103.3,551.7
2023-12-27,P0007,1303.5,1103.3,551.7
2023-12-28,P0007,1288.5,1103.3,551.7
2023-12-29,P0007,1192.5,1103.3,551.7
2023-12-30,P0007,1136.5,1103.3,551.7
2023-12-31,P0007,1128.5,1103.3,551.7
2024-01-01,P0007,994.5,1103.3,551.7
2024-01-02,P0007,946.5,1103.3,551.7
2024-01-03,P0007,876.5,1103.3,551.7
2024-01-04,P0007,767.5,1103.3,551.7
2024-01-05,P0007,691.5,1103.3,551.7
2024-01-06,P0007,691.5,1103.3,551.7
2024-01-07,P0007,606.5,1103.3,551.7
2024-01-08,P0007,474.5,1103.3,551.7
2024-01-09,P0007,446.5,1103.3,551.7
2024-01-10,P0007,400.5,1103.3,551.7
2024-01-11,P0007,225.5,1103.3,551.7
2024-01-12,P0007,104.5,1103.3,551.7
2024-01-13,P0007,71.5,1103.3,551.7
2024-01-14,P0007,20.5,1103.3,551.7
2024-01-15,P0007,0.0,1103.3,551.7
2024-01-16,P0007,0.0,1103.3,551.7
2024-01-17,P0007,0.0,1103.3,551.7
2024-01-18,P0007,0.0,1103.3,551.7
2024-01-19,P0007,0.0,1103.3,551.7
2024-01-20,P0007,0.0,1103.3,551.7
2024-01-21,P0007,1413.0,1103.3,551.7
2024-01-22,P0007,1304.0,1103.3,551.7
2024-01-23,P0007,1226.0,1103.3,551.7
2024-01-24,P0007,1153.0,1103.3,551.7
2024-01-25,P0007,1142.0,1103.3,551.7
2024-01-26,P0007,1124.0,1103.3,551.7
2024-01-27,P0007,1096.0,1103.3,551.7
2024-01-28,P0007,1067.0,1103.3,551.7
2024-01-29,P0007,1038.0,1103.3,551.7
2024-01-30,P0007,890.0,1103.3,551.7
2024-01-31,P0007,882.0,1103.3,551.7
2024-02-01,P0007,819.0,1103.3,551.7
2024-02-02,P0007,712.0,1103.3,551.7
2024-02-03,P0007,583.0,1103.3,551.7
2024-02-04,P0007,565.0,1103.3,551.7
2024-02-05,P0007,425.0,1103.3,551.7
2024-02-06,P0007,298.0,1103.3,551.7
2024-02-07,P0007,277.0,1103.3,551.7
2024-02-08,P0007,143.0,1103.3,551.7
2024-02-09,P0007,64.0,1103.3,551.7
2024-02-10,P0007,28.0,1103.3,551.7
2024-02-11,P0007,28.0,1103.3,551.7
2024-02-12,P0007,0.0,1103.3,551.7
2024-02-13,P0007,0.0,1103.3,551.7
2024-02-14,P0007,0.0,1103.3,551.7
2024-02-15,P0007,0.0,1103.3,551.7
2024-02-16,P0007,1349.5,1103.3,551.7
2024-02-17,P0007,1349.5,1103.3,551.7
2024-02-18,P0007,1349.5,1103.3,551.7
2024-02-19,P0007,1267.5,1103.3,551.7
2024-02-20,P0007,1244.5,1103.3,551.7
2024-02-21,P0007,1244.5,1103.3,551.7
2024-02-22,P0007,1168.5,1103.3,551.7
2024-02-23,P0007,1067.5,1103.3,551.7
2024-02-24,P0007,1003.5,1103.3,551.7
2024-02-25,P0007,958.5,1103.3,551.7
2024-02-26,P0007,819.5,1103.3,551.7
2024-02-27,P0007,657.5,1103.3,551.7
2024-02-28,P0007,556.5,1103.3,551.7
2024-02-29,P0007,508.5,1103.3,551.7
2024-03-01,P0007,462.5,1103.3,551.7
2024-03-02,P0007,462.5,1103.3,551.7
2024-03-03,P0007,462.5,1103.3,551.7
2024-03-04,P0007,462.5,1103.3,551.7
2024-03-05,P0007,288.5,1103.3,551.7
2024-03-06,P0007,173.5,1103.3,551.7
2024-03-07,P0007,51.5,1103.3,551.7
2024-03-08,P0007,11.5,1103.3,551.7
2024-03-09,P0007,0.0,1103.3,551.7
2024-03-10,P0007,0.0,1103.3,551.7
2024-03-11,P0007,0.0,1103.3,551.7
2024-03-12,P0007,0.0,1103.3,551.7
2024-03-13,P0007,0.0,1103.3,551.7
2024-03-14,P0007,1340.0,1103.3,551.7
2024-03-15,P0007,1290.0,1103.3,551.7
2024-03-16,P0007,1290.0,1103.3,551.7
2024-03-17,P0007,1229.0,1103.3,551.7
2024-03-18,P0007,1163.0,1103.3,551.7
2024-03-19,P0007,1127.0,1103.3,551.7
2024-03-20,P0007,1108.0,1103.3,551.7
2024-03-21,P0007,1102.0,1103.3,551.7
2024-03-22,P0007,1027.0,1103.3,551.7
2024-03-23,P0007,948.0,1103.3,551.7
2024-03-24,P0007,880.0,1103.3,551.7
2024-03-25,P0007,828.0,1103.3,551.7
2024-03-26,P0007,712.0,1103.3,551.7
2024-03-27,P0007,601.0,1103.3,551.7
2024-03-28,P0007,568.0,1103.3,551.7
2024-03-29,P0007,433.0,1103.3,551.7
2024-03-30,P0007,404.0,1103.3,551.7
2024-03-31,P0007,404.0,1103.3,551.7
2024-04-01,P0007,326.0,1103.3,551.7
2024-04-02,P0007,192.0,1103.3,551.7
2024-04-03,P0007,134.0,1103.3,551.7
2024-04-04,P0007,54.0,1103.3,551.7
2024-04-05,P0007,0.0,1103.3,551.7
2024-04-06,P0007,0.0,1103.3,551.7
2024-04-07,P0007,0.0,1103.3,551.7
2024-04-08,P0007,0.0,1103.3,551.7
2024-04-09,P0007,0.0,1103.3,551.7
2024-04-10,P0007,1339.5,1103.3,551.7
2024-04-11,P0007,1267.5,1103.3,551.7
2024-04-12,P0007,1240.5,1103.3,551.7
2024-04-13,P0007,1209.5,1103.3,551.7
2024-04-14,P0007,1129.5,1103.3,551.7
2024-04-15,P0007,1129.5,1103.3,551.7
2024-04-16,P0007,1011.5,1103.3,551.7
2024-04-17,P0007,967.5,1103.3,551.7
2024-04-18,P0007,967.5,1103.3,551.7
2024-04-19,P0007,943.5,1103.3,551.7
2024-04-20,P0007,943.5,1103.3,551.7
2024-04-21,P0007,902.5,1103.3,551.7
2024-04-22,P0007,888.5,1103.3,551.7
2024-04-23,P0007,807.5,1103.3,551.7
2024-04-24,P0007,771.5,1103.3,551.7
2024-04-25,P0007,756.5,1103.3,551.7
2024-04-26,P0007,666.5,1103.3,551.7
2024-04-27,P0007,642.5,1103.3,551.7
2024-04-28,P0007,631.5,1103.3,551.7
2024-04-29,P0007,558.5,1103.3,551.7
2024-04-30,P0007,536.5,1103.3,551.7
2024-05-01,P0007,504.5,1103.3,551.7
2024-05-02,P0007,416.5,1103.3,551.7
2024-05-03,P0007,386.5,1103.3,551.7
2024-05-04,P0007,366.5,1103.3,551.7
2024-05-05,P0007,366.5,1103.3,551.7
2024-05-06,P0007,1750.5,1103.3,551.7
2024-05-07,P0007,1683.5,1103.3,551.7
2024-05-08,P0007,1628.5,1103.3,551.7
2024-05-09,P0007,1559.5,1103.3,551.7
2024-05-10,P0007,1504.5,1103.3,551.7
2024-05-11,P0007,1463.5,1103.3,551.7
2024-05-12,P0007,1423.5,1103.3,551.7
2024-05-13,P0007,1423.5,1103.3,551.7
2024-05-14,P0007,1423.5,1103.3,551.7
2024-05-15,P0007,1305.5,1103.3,551.7
2024-05-16,P0007,1219.5,1103.3,551.7
2024-05-17,P0007,1081.5,1103.3,551.7
2024-05-18,P0007,1064.5,1103.3,551.7
2024-05-19,P0007,1046.5,1103.3,551.7
2024-05-20,P0007,926.5,1103.3,551.7
2024-05-21,P0007,823.5,1103.3,551.7
2024-05-22,P0007,695.5,1103.3,551.7
2024-05-23,P0007,600.5,1103.3,551.7
2024-05-24,P0007,513.5,1103.3,551.7
2024-05-25,P0007,484.5,1103.3,551.7
2024-05-26,P0007,484.5,1103.3,551.7
2024-05-27,P0007,334.5,1103.3,551.7
2024-05-28,P0007,268.5,1103.3,551.7
2024-05-29,P0007,203.5,1103.3,551.7
2024-05-30,P0007,173.5,1103.3,551.7
2024-05-31,P0007,36.5,1103.3,551.7
2024-06-01,P0007,0.0,1103.3,551.7
2024-06-02,P0007,0.0,1103.3,551.7
2024-06-03,P0007,0.0,1103.3,551.7
2024-06-04,P0007,0.0,1103.3,551.7
2024-06-05,P0007,0.0,1103.3,551.7
2024-06-06,P0007,1314.0,1103.3,551.7
2024-06-07,P0007,1207.0,1103.3,551.7
2024-06-08,P0007,1202.0,1103.3,551.7
2024-06-09,P0007,1202.0,1103.3,551.7
2024-06-10,P0007,1170.0,1103.3,551.7
2024-06-11,P0007,1128.0,1103.3,551.7
2024-06-12,P0007,1059.0,1103.3,551.7
2024-06-13,P0007,1024.0,1103.3,551.7
2024-06-14,P0007,939.0,1103.3,551.7
2024-06-15,P0007,904.0,1103.3,551.7
2024-06-16,P0007,871.0,1103.3,551.7
2024-06-17,P0007,812.0,1103.3,551.7
2024-06-18,P0007,776.0,1103.3,551.7
2024-06-19,P0007,648.0,1103.3,551.7
2024-06-20,P0007,608.0,1103.3,551.7
2024-06-21,P0007,608.0,1103.3,551.7
2024-06-22,P0007,595.0,1103.3,551.7
2024-06-23,P0007,567.0,1103.3,551.7
2024-06-24,P0007,545.0,1103.3,551.7
2024-06-25,P0007,521.0,1103.3,551.7
2024-06-26,P0007,440.0,1103.3,551.7
2024-06-27,P0007,394.0,1103.3,551.7
2024-06-28,P0007,345.0,1103.3,551.7
2024-06-29,P0007,340.0,1103.3,551.7
2024-06-30,P0007,297.0,1103.3,551.7
2024-07-01,P0007,201.0,1103.3,551.7
2024-07-02,P0007,1544.5,1103.3,551.7
2024-07-03,P0007,1391.5,1103.3,551.7
2024-07-04,P0007,1349.5,1103.3,551.7
2024-07-05,P0007,1302.5,1103.3,551.7
2024-07-06,P0007,1296.5,1103.3,551.7
2024-07-07,P0007,1296.5,1103.3,551.7
2024-07-08,P0007,1119.5,1103.3,551.7
2024-07-09,P0007,1022.5,1103.3,551.7
2024-07-10,P0007,1016.5,1103.3,551.7
2024-07-11,P0007,973.5,1103.3,551.7
2024-07-12,P0007,959.5,1103.3,551.7
2024-07-13,P0007,940.5,1103.3,551.7
2024-07-14,P0007,932.5,1103.3,551.7
2024-07-15,P0007,873.5,1103.3,551.7
2024-07-16,P0007,873.5,1103.3,551.7
2024-07-17,P0007,802.5,1103.3,551.7
2024-07-18,P0007,771.5,1103.3,551.7
2024-07-19,P0007,700.5,1103.3,551.7
2024-07-20,P0007,700.5,1103.3,551.7
2024-07-21,P0007,700.5,1103.3,551.7
2024-07-22,P0007,605.5,1103.3,551.7
2024-07-23,P0007,537.5,1103.3,551.7
2024-07-24,P0007,537.5,1103.3,551.7
2024-07-25,P0007,455.5,1103.3,551.7
2024-07-26,P0007,431.5,1103.3,551.7
2024-07-27,P0007,416.5,1103.3,551.7
2024-07-28,P0007,335.5,1103.3,551.7
2024-07-29,P0007,1633.5,1103.3,551.7
2024-07-30,P0007,1581.5,1103.3,551.7
2024-07-31,P0007,1489.5,1103.3,551.7
2024-08-01,P0007,1448.5,1103.3,551.7
2024-08-02,P0007,1388.5,1103.3,551.7
2024-08-03,P0007,1343.5,1103.3,551.7
2024-08-04,P0007,1330.5,1103.3,551.7
2024-08-05,P0007,1284.5,1103.3,551.7
2024-08-06,P0007,1276.5,1103.3,551.7
2024-08-07,P0007,1073.5,1103.3,551.7
2024-08-08,P0007,934.5,1103.3,551.7
2024-08-09,P0007,895.5,1103.3,551.7
2024-08-10,P0007,827.5,1103.3,551.7
2024-08-11,P0007,794.5,1103.3,551.7
2024-08-12,P0007,784.5,1103.3,551.7
2024-08-13,P0007,784.5,1103.3,551.7
2024-08-14,P0007,727.5,1103.3,551.7
2024-08-15,P0007,691.5,1103.3,551.7
2024-08-16,P0007,599.5,1103.3,551.7
2024-08-17,P0007,552.5,1103.3,551.7
2024-08-18,P0007,469.5,1103.3,551.7
2024-08-19,P0007,378.5,1103.3,551.7
2024-08-20,P0007,125.5,1103.3,551.7
2024-08-21,P0007,0.0,1103.3,551.7
2024-08-22,P0007,0.0,1103.3,551.7
2024-08-23,P0007,0.0,1103.3,551.7
2024-08-24,P0007,0.0,1103.3,551.7
2024-08-25,P0007,0.0,1103.3,551.7
2024-08-26,P0007,0.0,1103.3,551.7
2024-08-27,P0007,1316.0,1103.3,551.7
2024-08-28,P0007,1305.0,1103.3,551.7
2024-08-29,P0007,1248.0,1103.3,551.7
2024-08-30,P0007,1116.0,1103.3,551.7
2024-08-31,P0007,1080.0,1103.3,551.7
2024-09-01,P0007,1080.0,1103.3,551.7
2024-09-02,P0007,1031.0,1103.3,551.7
2024-09-03,P0007,909.0,1103.3,551.7
2024-09-04,P0007,889.0,1103.3,551.7
2024-09-05,P0007,755.0,1103.3,551.7
2024-09-06,P0007,642.0,1103.3,551.7
2024-09-07,P0007,593.0,1103.3,551.7
2024-09-08,P0007,593.0,1103.3,551.7
2024-09-09,P0007,550.0,1103.3,551.7
2024-09-10,P0007,386.0,1103.3,551.7
2024-09-11,P0007,306.0,1103.3,551.7
2024-09-12,P0007,263.0,1103.3,551.7
2024-09-13,P0007,247.0,1103.3,551.7
2024-09-14,P0007,208.0,1103.3,551.7
2024-09-15,P0007,196.0,1103.3,551.7
2024-09-16,P0007,161.0,1103.3,551.7
2024-09-17,P0007,130.0,1103.3,551.7
2024-09-18,P0007,29.0,1103.3,551.7
2024-09-19,P0007,0.0,1103.3,551.7
2024-09-20,P0007,1314.5,1103.3,551.7
2024-09-21,P0007,1254.5,1103.3,551.7
2024-09-22,P0007,1206.5,1103.3,551.7
2024-09-23,P0007,1130.5,1103.3,551.7
2024-09-24,P0007,1124.5,1103.3,551.7
2024-09-25,P0007,1035.5,1103.3,551.7
2024-09-26,P0007,1003.5,1103.3,551.7
2024-09-27,P0007,898.5,1103.3,551.7
2024-09-28,P0007,860.5,1103.3,551.7
2024-09-29,P0007,860.5,1103.3,551.7
2024-09-30,P0007,802.5,1103.3,551.7
2024-10-01,P0007,771.5,1103.3,551.7
2024-10-02,P0007,746.5,1103.3,551.7
2024-10-03,P0007,712.5,1103.3,551.7
2024-10-04,P0007,663.5,1103.3,551.7
2024-10-05,P0007,652.5,1103.3,551.7
2024-10-06,P0007,647.5,1103.3,551.7
2024-10-07,P0007,573.5,1103.3,551.7
2024-10-08,P0007,532.5,1103.3,551.7
2024-10-09,P0007,379.5,1103.3,551.7
2024-10-10,P0007,297.5,1103.3,551.7
2024-10-11,P0007,254.5,1103.3,551.7
2024-10-12,P0007,254.5,1103.3,551.7
2024-10-13,P0007,254.5,1103.3,551.7
2024-10-14,P0007,254.5,1103.3,551.7
2024-10-15,P0007,1652.5,1103.3,551.7
2024-10-16,P0007,1620.5,1103.3,551.7
2024-10-17,P0007,1578.5,1103.3,551.7
2024-10-18,P0007,1497.5,1103.3,551.7
2024-10-19,P0007,1420.5,1103.3,551.7
2024-10-20,P0007,1394.5,1103.3,551.7
2024-10-21,P0007,1394.5,1103.3,551.7
2024-10-22,P0007,1324.5,1103.3,551.7
2024-10-23,P0007,1198.5,1103.3,551.7
2024-10-24,P0007,1059.5,1103.3,551.7
2024-10-25,P0007,1023.5,1103.3,551.7
2024-10-26,P0007,972.5,1103.3,551.7
2024-10-27,P0007,972.5,1103.3,551.7
2024-10-28,P0007,837.5,1103.3,551.7
2024-10-29,P0007,790.5,1103.3,551.7
2024-10-30,P0007,713.5,1103.3,551.7
2024-10-31,P0007,608.5,1103.3,551.7
2024-11-01,P0007,547.5,1103.3,551.7
2024-11-02,P0007,479.5,1103.3,551.7
2024-11-03,P0007,386.5,1103.3,551.7
2024-11-04,P0007,236.5,1103.3,551.7
2024-11-05,P0007,175.5,1103.3,551.7
2024-11-06,P0007,22.5,1103.3,551.7
2024-11-07,P0007,0.0,1103.3,551.7
2024-11-08,P0007,0.0,1103.3,551.7
2024-11-09,P0007,0.0,1103.3,551.7
2024-11-10,P0007,0.0,1103.3,551.7
2024-11-11,P0007,0.0,1103.3,551.7
2024-11-12,P0007,0.0,1103.3,551.7
2024-11-13,P0007,1355.0,1103.3,551.7
2024-11-14,P0007,1207.0,1103.3,551.7
2024-11-15,P0007,1183.0,1103.3,551.7
2024-11-16,P0007,1172.0,1103.3,551.7
2024-11-17,P0007,1129.0,1103.3,551.7
2024-11-18,P0007,1078.0,1103.3,551.7
2024-11-19,P0007,958.0,1103.3,551.7
2024-11-20,P0007,829.0,1103.3,551.7
2024-11-21,P0007,788.0,1103.3,551.7
2024-11-22,P0007,742.0,1103.3,551.7
2024-11-23,P0007,742.0,1103.3,551.7
2024-11-24,P0007,719.0,1103.3,551.7
2024-11-25,P0007,597.0,1103.3,551.7
2024-11-26,P0007,535.0,1103.3,551.7
2024-11-27,P0007,509.0,1103.3,551.7
2024-11-28,P0007,443.0,1103.3,551.7
2024-11-29,P0007,443.0,1103.3,551.7
2024-11-30,P0007,334.0,1103.3,551.7
2024-12-01,P0007,334.0,1103.3,551.7
2024-12-02,P0007,292.0,1103.3,551.7
2024-12-03,P0007,208.0,1103.3,551.7
2024-12-04,P0007,155.0,1103.3,551.7
2024-12-05,P0007,142.0,1103.3,551.7
2024-12-06,P0007,86.0,1103.3,551.7
2024-12-07,P0007,47.0,1103.3,551.7
2024-12-08,P0007,1405.5,1103.3,551.7
2024-12-09,P0007,1227.5,1103.3,551.7
2024-12-10,P0007,1157.5,1103.3,551.7
2024-12-11,P0007,1065.5,1103.3,551.7
2024-12-12,P0007,977.5,1103.3,551.7
2024-12-13,P0007,977.5,1103.3,551.7
2024-12-14,P0007,964.5,1103.3,551.7
2024-12-15,P0007,947.5,1103.3,551.7
2024-12-16,P0007,809.5,1103.3,551.7
2024-12-17,P0007,767.5,1103.3,551.7
2024-12-18,P0007,633.5,1103.3,551.7
2024-12-19,P0007,633.5,1103.3,551.7
2024-12-20,P0007,505.5,1103.3,551.7
2024-12-21,P0007,505.5,1103.3,551.7
2024-12-22,P0007,466.5,1103.3,551.7
2024-12-23,P0007,367.5,1103.3,551.7
2024-12-24,P0007,308.5,1103.3,551.7
2024-12-25,P0007,236.5,1103.3,551.7
2024-12-26,P0007,171.5,1103.3,551.7
2024-12-27,P0007,0.0,1103.3,551.7
2024-12-28,P0007,0.0,1103.3,551.7
2024-12-29,P0007,0.0,1103.3,551.7
2024-12-30,P0007,0.0,1103.3,551.7
2024-12-31,P0007,1279.0,1103.3,551.7
2025-01-01,P0007,1240.0,1103.3,551.7
2025-01-02,P0007,1133.0,1103.3,551.7
2025-01-03,P0007,1117.0,1103.3,551.7
2025-01-04,P0007,1117.0,1103.3,551.7
2025-01-05,P0007,1117.0,1103.3,551.7
2025-01-06,P0007,1034.0,1103.3,551.7
2025-01-07,P0007,997.0,1103.3,551.7
2025-01-08,P0007,851.0,1103.3,551.7
2025-01-09,P0007,697.0,1103.3,551.7
2025-01-10,P0007,641.0,1103.3,551.7
2025-01-11,P0007,567.0,1103.3,551.7
2025-01-12,P0007,567.0,1103.3,551.7
2025-01-13,P0007,562.0,1103.3,551.7
2025-01-14,P0007,541.0,1103.3,551.7
2025-01-15,P0007,534.0,1103.3,551.7
2025-01-16,P0007,534.0,1103.3,551.7
2025-01-17,P0007,492.0,1103.3,551.7
2025-01-18,P0007,492.0,1103.3,551.7
2025-01-19,P0007,484.0,1103.3,551.7
2025-01-20,P0007,473.0,1103.3,551.7
2025-01-21,P0007,442.0,1103.3,551.7
2025-01-22,P0007,352.0,1103.3,551.7
2025-01-23,P0007,352.0,1103.3,551.7
2025-01-24,P0007,305.0,1103.3,551.7
2025-01-25,P0007,305.0,1103.3,551.7
2025-01-26,P0007,1753.5,1103.3,551.7
2025-01-27,P0007,1739.5,1103.3,551.7
2025-01-28,P0007,1713.5,1103.3,551.7
2025-01-29,P0007,1713.5,1103.3,551.7
2025-01-30,P0007,1669.5,1103.3,551.7
2025-01-31,P0007,1604.5,1103.3,551.7
2025-02-01,P0007,1577.5,1103.3,551.7
2025-02-02,P0007,1577.5,1103.3,551.7
2025-02-03,P0007,1530.5,1103.3,551.7
2025-02-04,P0007,1458.5,1103.3,551.7
2025-02-05,P0007,1414.5,1103.3,551.7
2025-02-06,P0007,1337.5,1103.3,551.7
2025-02-07,P0007,1289.5,1103.3,551.7
2025-02-08,P0007,1289.5,1103.3,551.7
2025-02-09,P0007,1235.5,1103.3,551.7
2025-02-10,P0007,1190.5,1103.3,551.7
2025-02-11,P0007,1180.5,1103.3,551.7
2025-02-12,P0007,1155.5,1103.3,551.7
2025-02-13,P0007,1085.5,1103.3,551.7
2025-02-14,P0007,1039.5,1103.3,551.7
2025-02-15,P0007,1039.5,1103.3,551.7
2025-02-16,P0007,990.5,1103.3,551.7
2025-02-17,P0007,990.5,1103.3,551.7
2025-02-18,P0007,990.5,1103.3,551.7
2025-02-19,P0007,929.5,1103.3,551.7
2025-02-20,P0007,907.5,1103.3,551.7
2025-02-21,P0007,828.5,1103.3,551.7
2025-02-22,P0007,795.5,1103.3,551.7
2025-02-23,P0007,795.5,1103.3,551.7
2025-02-24,P0007,753.5,1103.3,551.7
2025-02-25,P0007,753.5,1103.3,551.7
2025-02-26,P0007,702.5,1103.3,551.7
2025-02-27,P0007,671.5,1103.3,551.7
2025-02-28,P0007,646.5,1103.3,551.7
2025-03-01,P0007,592.5,1103.3,551.7
2025-03-02,P0007,526.5,1103.3,551.7
2025-03-03,P0007,469.5,1103.3,551.7
2025-03-04,P0007,442.5,1103.3,551.7
2025-03-05,P0007,1825.5,1103.3,551.7
2025-03-06,P0007,1764.5,1103.3,551.7
2025-03-07,P0007,1751.5,1103.3,551.7
2025-03-08,P0007,1664.5,1103.3,551.7
2025-03-09,P0007,1607.5,1103.3,551.7
2025-03-10,P0007,1447.5,1103.3,551.7
2025-03-11,P0007,1359.5,1103.3,551.7
2025-03-12,P0007,1359.5,1103.3,551.7
2025-03-13,P0007,1261.5,1103.3,551.7
2025-03-14,P0007,1197.5,1103.3,551.7
2025-03-15,P0007,1152.5,1103.3,551.7
2025-03-16,P0007,1152.5,1103.3,551.7
2025-03-17,P0007,1023.5,1103.3,551.7
2025-03-18,P0007,964.5,1103.3,551.7
2025-03-19,P0007,964.5,1103.3,551.7
2025-03-20,P0007,873.5,1103.3,551.7
2025-03-21,P0007,785.5,1103.3,551.7
2025-03-22,P0007,785.5,1103.3,551.7
2025-03-23,P0007,725.5,1103.3,551.7
2025-03-24,P0007,687.5,1103.3,551.7
2025-03-25,P0007,678.5,1103.3,551.7
2025-03-26,P0007,630.5,1103.3,551.7
2025-03-27,P0007,570.5,1103.3,551.7
2025-03-28,P0007,537.5,1103.3,551.7
2025-03-29,P0007,537.5,1103.3,551.7
2025-03-30,P0007,446.5,1103.3,551.7
2025-03-31,P0007,390.5,1103.3,551.7
2025-04-01,P0007,296.5,1103.3,551.7
2025-04-02,P0007,296.5,1103.3,551.7
2025-04-03,P0007,260.5,1103.3,551.7
2025-04-04,P0007,169.5,1103.3,551.7
2025-04-05,P0007,169.5,1103.3,551.7
2025-04-06,P0007,1584.5,1103.3,551.7
2025-04-07,P0007,1436.5,1103.3,551.7
2025-04-08,P0007,1334.5,1103.3,551.7
2025-04-09,P0007,1201.5,1103.3,551.7
2025-04-10,P0007,1186.5,1103.3,551.7
2025-04-11,P0007,1001.5,1103.3,551.7
2025-04-12,P0007,930.5,1103.3,551.7
2025-04-13,P0007,930.5,1103.3,551.7
2025-04-14,P0007,854.5,1103.3,551.7
2025-04-15,P0007,849.5,1103.3,551.7
2025-04-16,P0007,736.5,1103.3,551.7
2025-04-17,P0007,667.5,1103.3,551.7
2025-04-18,P0007,569.5,1103.3,551.7
2025-04-19,P0007,569.5,1103.3,551.7
2025-04-20,P0007,536.5,1103.3,551.7
2025-04-21,P0007,490.5,1103.3,551.7
2025-04-22,P0007,441.5,1103.3,551.7
2025-04-23,P0007,441.5,1103.3,551.7
2025-04-24,P0007,342.5,1103.3,551.7
2025-04-25,P0007,329.5,1103.3,551.7
2025-04-26,P0007,301.5,1103.3,551.7
2025-04-27,P0007,265.5,1103.3,551.7
2025-04-28,P0007,58.5,1103.3,551.7
2025-04-29,P0007,14.5,1103.3,551.7
2025-04-30,P0007,0.0,1103.3,551.7
2025-05-01,P0007,1419.0,1103.3,551.7
2025-05-02,P0007,1419.0,1103.3,551.7
2025-05-03,P0007,1354.0,1103.3,551.7
2025-05-04,P0007,1342.0,1103.3,551.7
2025-05-05,P0007,1263.0,1103.3,551.7
2025-05-06,P0007,1212.0,1103.3,551.7
2025-05-07,P0007,1161.0,1103.3,551.7
2025-05-08,P0007,1051.0,1103.3,551.7
2025-05-09,P0007,1005.0,1103.3,551.7
2025-05-10,P0007,1005.0,1103.3,551.7
2025-05-11,P0007,943.0,1103.3,551.7
2025-05-12,P0007,827.0,1103.3,551.7
2025-05-13,P0007,798.0,1103.3,551.7
2025-05-14,P0007,661.0,1103.3,551.7
2025-05-15,P0007,522.0,1103.3,551.7
2025-05-16,P0007,522.0,1103.3,551.7
2025-05-17,P0007,486.0,1103.3,551.7
2025-05-18,P0007,486.0,1103.3,551.7
2025-05-19,P0007,435.0,1103.3,551.7
2025-05-20,P0007,309.0,1103.3,551.7
2025-05-21,P0007,211.0,1103.3,551.7
2025-05-22,P0007,133.0,1103.3,551.7
2025-05-23,P0007,73.0,1103.3,551.7
2025-05-24,P0007,38.0,1103.3,551.7
2025-05-25,P0007,11.0,1103.3,551.7
2025-05-26,P0007,0.0,1103.3,551.7
2025-05-27,P0007,0.0,1103.3,551.7
2025-05-28,P0007,1399.5,1103.3,551.7
2025-05-29,P0007,1325.5,1103.3,551.7
2025-05-30,P0007,1261.5,1103.3,551.7
2025-05-31,P0007,1228.5,1103.3,551.7
2025-06-01,P0007,1198.5,1103.3,551.7
2025-06-02,P0007,1161.5,1103.3,551.7
2025-06-03,P0007,1135.5,1103.3,551.7
2025-06-04,P0007,1107.5,1103.3,551.7
2025-06-05,P0007,1089.5,1103.3,551.7
2025-06-06,P0007,1050.5,1103.3,551.7
2025-06-07,P0007,1029.5,1103.3,551.7
2025-06-08,P0007,1029.5,1103.3,551.7
2025-06-09,P0007,1029.5,1103.3,551.7
2025-06-10,P0007,1021.5,1103.3,551.7
2025-06-11,P0007,969.5,1103.3,551.7
2025-06-12,P0007,969.5,1103.3,551.7
2025-06-13,P0007,930.5,1103.3,551.7
2025-06-14,P0007,884.5,1103.3,551.7
2025-06-15,P0007,884.5,1103.3,551.7
2025-06-16,P0007,813.5,1103.3,551.7
2025-06-17,P0007,786.5,1103.3,551.7
2025-06-18,P0007,746.5,1103.3,551.7
2025-06-19,P0007,737.5,1103.3,551.7
2025-06-20,P0007,661.5,1103.3,551.7
2025-06-21,P0007,661.5,1103.3,551.7
2025-06-22,P0007,598.5,1103.3,551.7
2025-06-23,P0007,502.5,1103.3,551.7
2025-06-24,P0007,433.5,1103.3,551.7
2025-06-25,P0007,1712.5,1103.3,551.7
2025-06-26,P0007,1669.5,1103.3,551.7
2025-06-27,P0007,1619.5,1103.3,551.7
2025-06-28,P0007,1619.5,1103.3,551.7
2025-06-29,P0007,1596.5,1103.3,551.7
2025-06-30,P0007,1586.5,1103.3,551.7
2025-07-01,P0007,1515.5,1103.3,551.7
2025-07-02,P0007,1447.5,1103.3,551.7
2025-07-03,P0007,1395.5,1103.3,551.7
2025-07-04,P0007,1242.5,1103.3,551.7
2025-07-05,P0007,1219.5,1103.3,551.7
2025-07-06,P0007,1181.5,1103.3,551.7
2025-07-07,P0007,1068.5,1103.3,551.7
2025-07-08,P0007,1009.5,1103.3,551.7
2025-07-09,P0007,1009.5,1103.3,551.7
2025-07-10,P0007,1009.5,1103.3,551.7
2025-07-11,P0007,934.5,1103.3,551.7
2025-07-12,P0007,934.5,1103.3,551.7
2025-07-13,P0007,934.5,1103.3,551.7
2025-07-14,P0007,864.5,1103.3,551.7
2025-07-15,P0007,798.5,1103.3,551.7
2025-07-16,P0007,798.5,1103.3,551.7
2025-07-17,P0007,629.5,1103.3,551.7
2025-07-18,P0007,579.5,1103.3,551.7
2025-07-19,P0007,542.5,1103.3,551.7
2025-07-20,P0007,542.5,1103.3,551.7
2025-07-21,P0007,448.5,1103.3,551.7
2025-07-22,P0007,313.5,1103.3,551.7
2025-07-23,P0007,245.5,1103.3,551.7
2025-07-24,P0007,126.5,1103.3,551.7
2025-07-25,P0007,90.5,1103.3,551.7
2025-07-26,P0007,83.5,1103.3,551.7
2025-07-27,P0007,1456.5,1103.3,551.7
2025-07-28,P0007,1393.5,1103.3,551.7
2025-07-29,P0007,1197.5,1103.3,551.7
2025-07-30,P0007,1166.5,1103.3,551.7
2025-07-31,P0007,1145.5,1103.3,551.7
2025-08-01,P0007,1114.5,1103.3,551.7
2025-08-02,P0007,1114.5,1103.3,551.7
2025-08-03,P0007,1114.5,1103.3,551.7
2025-08-04,P0007,1022.5,1103.3,551.7
2025-08-05,P0007,1022.5,1103.3,551.7
2025-08-06,P0007,962.5,1103.3,551.7
2025-08-07,P0007,862.5,1103.3,551.7
2025-08-08,P0007,763.5,1103.3,551.7
2025-08-09,P0007,763.5,1103.3,551.7
2025-08-10,P0007,763.5,1103.3,551.7
2025-08-11,P0007,750.5,1103.3,551.7
2025-08-12,P0007,633.5,1103.3,551.7
2025-08-13,P0007,519.5,1103.3,551.7
2025-08-14,P0007,470.5,1103.3,551.7
2025-08-15,P0007,451.5,1103.3,551.7
2025-08-16,P0007,422.5,1103.3,551.7
2025-08-17,P0007,422.5,1103.3,551.7
2025-08-18,P0007,402.5,1103.3,551.7
2025-08-19,P0007,284.5,1103.3,551.7
2025-08-20,P0007,274.5,1103.3,551.7
2025-08-21,P0007,248.5,1103.3,551.7
2025-08-22,P0007,177.5,1103.3,551.7
2025-08-23,P0007,172.5,1103.3,551.7
2025-08-24,P0007,1583.5,1103.3,551.7
2025-08-25,P0007,1560.5,1103.3,551.7
2025-08-26,P0007,1433.5,1103.3,551.7
2025-08-27,P0007,1323.5,1103.3,551.7
2025-08-28,P0007,1263.5,1103.3,551.7
2025-08-29,P0007,1111.5,1103.3,551.7
2025-08-30,P0007,1111.5,1103.3,551.7
2025-08-31,P0007,1111.5,1103.3,551.7
2025-09-01,P0007,1072.5,1103.3,551.7
2025-09-02,P0007,1072.5,1103.3,551.7
2025-09-03,P0007,953.5,1103.3,551.7
2025-09-04,P0007,915.5,1103.3,551.7
2025-09-05,P0007,848.5,1103.3,551.7
2025-09-06,P0007,811.5,1103.3,551.7
2025-09-07,P0007,811.5,1103.3,551.7
2025-09-08,P0007,706.5,1103.3,551.7
2025-09-09,P0007,662.5,1103.3,551.7
2025-09-10,P0007,623.5,1103.3,551.7
2025-09-11,P0007,583.5,1103.3,551.7
2025-09-12,P0007,530.5,1103.3,551.7
2025-09-13,P0007,530.5,1103.3,551.7
2025-09-14,P0007,451.5,1103.3,551.7
2025-09-15,P0007,346.5,1103.3,551.7
2025-09-16,P0007,259.5,1103.3,551.7
2025-09-17,P0007,82.5,1103.3,551.7
2025-09-18,P0007,0.0,1103.3,551.7
2025-09-19,P0007,0.0,1103.3,551.7
2025-09-20,P0007,0.0,1103.3,551.7
2025-09-21,P0007,1327.0,1103.3,551.7
2025-09-22,P0007,1251.0,1103.3,551.7
2025-09-23,P0007,1104.0,1103.3,551.7
2025-09-24,P0007,903.0,1103.3,551.7
2025-09-25,P0007,883.0,1103.3,551.7
2025-09-26,P0007,846.0,1103.3,551.7
2025-09-27,P0007,808.0,1103.3,551.7
2025-09-28,P0007,779.0,1103.3,551.7
2025-09-29,P0007,662.0,1103.3,551.7
2025-09-30,P0007,603.0,1103.3,551.7
2025-10-01,P0007,539.0,1103.3,551.7
2025-10-02,P0007,437.0,1103.3,551.7
2025-10-03,P0007,429.0,1103.3,551.7
2025-10-04,P0007,423.0,1103.3,551.7
2025-10-05,P0007,423.0,1103.3,551.7
2025-10-06,P0007,358.0,1103.3,551.7
2025-10-07,P0007,322.0,1103.3,551.7
2025-10-08,P0007,195.0,1103.3,551.7
2025-10-09,P0007,99.0,1103.3,551.7
2025-10-10,P0007,66.0,1103.3,551.7
2025-10-11,P0007,17.0,1103.3,551.7
2025-10-12,P0007,17.0,1103.3,551.7
2025-10-13,P0007,0.0,1103.3,551.7
2025-10-14,P0007,1506.5,1103.3,551.7
2025-10-15,P0007,1438.5,1103.3,551.7
2025-10-16,P0007,1399.5,1103.3,551.7
2025-10-17,P0007,1394.5,1103.3,551.7
2025-10-18,P0007,1394.5,1103.3,551.7
2025-10-19,P0007,1394.5,1103.3,551.7
2025-10-20,P0007,1332.5,1103.3,551.7
2025-10-21,P0007,1261.5,1103.3,551.7
2025-10-22,P0007,1247.5,1103.3,551.7
2025-10-23,P0007,1113.5,1103.3,551.7
2025-10-24,P0007,981.5,1103.3,551.7
2025-10-25,P0007,918.5,1103.3,551.7
2025-10-26,P0007,918.5,1103.3,551.7
2025-10-27,P0007,772.5,1103.3,551.7
2025-10-28,P0007,724.5,1103.3,551.7
2025-10-29,P0007,514.5,1103.3,551.7
2025-10-30,P0007,460.5,1103.3,551.7
2025-10-31,P0007,403.5,1103.3,551.7
2025-11-01,P0007,398.5,1103.3,551.7
2025-11-02,P0007,388.5,1103.3,551.7
2025-11-03,P0007,351.5,1103.3,551.7
2025-11-04,P0007,197.5,1103.3,551.7
2025-11-05,P0007,57.5,1103.3,551.7
2025-11-06,P0007,0.0,1103.3,551.7
2025-11-07,P0007,0.0,1103.3,551.7
2025-11-08,P0007,0.0,1103.3,551.7
2025-11-09,P0007,0.0,1103.3,551.7
2025-11-10,P0007,0.0,1103.3,551.7
2025-11-11,P0007,0.0,1103.3,551.7
2025-11-12,P0007,0.0,1103.3,551.7
2025-11-13,P0007,1455.0,1103.3,551.7
2025-11-14,P0007,1411.0,1103.3,551.7
2025-11-15,P0007,1411.0,1103.3,551.7
2025-11-16,P0007,1411.0,1103.3,551.7
2025-11-17,P0007,1363.0,1103.3,551.7
2025-11-18,P0007,1235.0,1103.3,551.7
2025-11-19,P0007,1141.0,1103.3,551.7
2025-11-20,P0007,1082.0,1103.3,551.7
2025-11-21,P0007,919.0,1103.3,551.7
2025-11-22,P0007,886.0,1103.3,551.7
2025-11-23,P0007,858.0,1103.3,551.7
2025-11-24,P0007,772.0,1103.3,551.7
2025-11-25,P0007,763.0,1103.3,551.7
2025-11-26,P0007,705.0,1103.3,551.7
2025-11-27,P0007,561.0,1103.3,551.7
2025-11-28,P0007,484.0,1103.3,551.7
2025-11-29,P0007,484.0,1103.3,551.7
2025-11-30,P0007,484.0,1103.3,551.7
2025-12-01,P0007,476.0,1103.3,551.7
2025-12-02,P0007,412.0,1103.3,551.7
2025-12-03,P0007,406.0,1103.3,551.7
2025-12-04,P0007,373.0,1103.3,551.7
2025-12-05,P0007,373.0,1103.3,551.7
2025-12-06,P0007,373.0,1103.3,551.7
2025-12-07,P0007,328.0,1103.3,551.7
2025-12-08,P0007,268.0,1103.3,551.7
2025-12-09,P0007,268.0,1103.3,551.7
2025-12-10,P0007,1564.5,1103.3,551.7
2025-12-11,P0007,1532.5,1103.3,551.7
2025-12-12,P0007,1427.5,1103.3,551.7
2025-12-13,P0007,1353.5,1103.3,551.7
2025-12-14,P0007,1276.5,1103.3,551.7
2025-12-15,P0007,1212.5,1103.3,551.7
2025-12-16,P0007,1212.5,1103.3,551.7
2025-12-17,P0007,1212.5,1103.3,551.7
2025-12-18,P0007,1106.5,1103.3,551.7
2025-12-19,P0007,977.5,1103.3,551.7
2025-12-20,P0007,977.5,1103.3,551.7
2025-12-21,P0007,924.5,1103.3,551.7
2025-12-22,P0007,850.5,1103.3,551.7
2025-12-23,P0007,829.5,1103.3,551.7
2025-12-24,P0007,829.5,1103.3,551.7
2025-12-25,P0007,782.5,1103.3,551.7
2025-12-26,P0007,680.5,1103.3,551.7
2025-12-27,P0007,680.5,1103.3,551.7
2025-12-28,P0007,680.5,1103.3,551.7
2025-12-29,P0007,651.5,1103.3,551.7
2025-12-30,P0007,593.5,1103.3,551.7
2025-12-31,P0007,528.5,1103.3,551.7
2023-01-01,P0008,2413.8,1092.4,546.2
2023-01-02,P0008,2281.8,1092.4,546.2
2023-01-03,P0008,2281.8,1092.4,546.2
2023-01-04,P0008,2281.8,1092.4,546.2
2023-01-05,P0008,2251.8,1092.4,546.2
2023-01-06,P0008,2226.8,1092.4,546.2
2023-01-07,P0008,2226.8,1092.4,546.2
2023-01-08,P0008,2196.8,1092.4,546.2
2023-01-09,P0008,2130.8,1092.4,546.2
2023-01-10,P0008,1989.8,1092.4,546.2
2023-01-11,P0008,1871.8,1092.4,546.2
2023-01-12,P0008,1798.8,1092.4,546.2
2023-01-13,P0008,1778.8,1092.4,546.2
2023-01-14,P0008,1778.8,1092.4,546.2
2023-01-15,P0008,1753.8,1092.4,546.2
2023-01-16,P0008,1639.8,1092.4,546.2
2023-01-17,P0008,1593.8,1092.4,546.2
2023-01-18,P0008,1541.8,1092.4,546.2
2023-01-19,P0008,1534.8,1092.4,546.2
2023-01-20,P0008,1474.8,1092.4,546.2
2023-01-21,P0008,1407.8,1092.4,546.2
2023-01-22,P0008,1378.8,1092.4,546.2
2023-01-23,P0008,1274.8,1092.4,546.2
2023-01-24,P0008,1274.8,1092.4,546.2
2023-01-25,P0008,1195.8,1092.4,546.2
2023-01-26,P0008,1106.8,1092.4,546.2
2023-01-27,P0008,988.8,1092.4,546.2
2023-01-28,P0008,958.8,1092.4,546.2
2023-01-29,P0008,938.8,1092.4,546.2
2023-01-30,P0008,849.8,1092.4,546.2
2023-01-31,P0008,733.8,1092.4,546.2
2023-02-01,P0008,733.8,1092.4,546.2
2023-02-02,P0008,683.8,1092.4,546.2
2023-02-03,P0008,597.8,1092.4,546.2
2023-02-04,P0008,576.8,1092.4,546.2
2023-02-05,P0008,544.8,1092.4,546.2
2023-02-06,P0008,465.8,1092.4,546.2
2023-02-07,P0008,366.8,1092.4,546.2
2023-02-08,P0008,325.8,1092.4,546.2
2023-02-09,P0008,152.8,1092.4,546.2
2023-02-10,P0008,78.8,1092.4,546.2
2023-02-11,P0008,33.8,1092.4,546.2
2023-02-12,P0008,0.0,1092.4,546.2
2023-02-13,P0008,0.0,1092.4,546.2
2023-02-14,P0008,0.0,1092.4,546.2
2023-02-15,P0008,0.0,1092.4,546.2
2023-02-16,P0008,1417.0,1092.4,546.2
2023-02-17,P0008,1357.0,1092.4,546.2
2023-02-18,P0008,1324.0,1092.4,546.2
2023-02-19,P0008,1284.0,1092.4,546.2
2023-02-20,P0008,1103.0,1092.4,546.2
2023-02-21,P0008,947.0,1092.4,546.2
2023-02-22,P0008,916.0,1092.4,546.2
2023-02-23,P0008,872.0,1092.4,546.2
2023-02-24,P0008,851.0,1092.4,546.2
2023-02-25,P0008,830.0,1092.4,546.2
2023-02-26,P0008,740.0,1092.4,546.2
2023-02-27,P0008,675.0,1092.4,546.2
2023-02-28,P0008,675.0,1092.4,546.2
2023-03-01,P0008,606.0,1092.4,546.2
2023-03-02,P0008,606.0,1092.4,546.2
2023-03-03,P0008,518.0,1092.4,546.2
2023-03-04,P0008,478.0,1092.4,546.2
2023-03-05,P0008,478.0,1092.4,546.2
2023-03-06,P0008,472.0,1092.4,546.2
2023-03-07,P0008,467.0,1092.4,546.2
2023-03-08,P0008,439.0,1092.4,546.2
2023-03-09,P0008,340.0,1092.4,546.2
2023-03-10,P0008,340.0,1092.4,546.2
2023-03-11,P0008,323.0,1092.4,546.2
2023-03-12,P0008,323.0,1092.4,546.2
2023-03-13,P0008,1788.8,1092.4,546.2
2023-03-14,P0008,1740.8,1092.4,546.2
2023-03-15,P0008,1682.8,1092.4,546.2
2023-03-16,P0008,1654.8,1092.4,546.2
2023-03-17,P0008,1556.8,1092.4,546.2
2023-03-18,P0008,1556.8,1092.4,546.2
2023-03-19,P0008,1523.8,1092.4,546.2
2023-03-20,P0008,1440.8,1092.4,546.2
2023-03-21,P0008,1405.8,1092.4,546.2
2023-03-22,P0008,1353.8,1092.4,546.2
2023-03-23,P0008,1276.8,1092.4,546.2
2023-03-24,P0008,1255.8,1092.4,546.2
2023-03-25,P0008,1255.8,1092.4,546.2
2023-03-26,P0008,1255.8,1092.4,546.2
2023-03-27,P0008,1213.8,1092.4,546.2
2023-03-28,P0008,1140.8,1092.4,546.2
2023-03-29,P0008,1140.8,1092.4,546.2
2023-03-30,P0008,1068.8,1092.4,546.2
2023-03-31,P0008,984.8,1092.4,546.2
2023-04-01,P0008,933.8,1092.4,546.2
2023-04-02,P0008,845.8,1092.4,546.2
2023-04-03,P0008,704.8,1092.4,546.2
2023-04-04,P0008,611.8,1092.4,546.2
2023-04-05,P0008,544.8,1092.4,546.2
2023-04-06,P0008,507.8,1092.4,546.2
2023-04-07,P0008,411.8,1092.4,546.2
2023-04-08,P0008,388.8,1092.4,546.2
2023-04-09,P0008,365.8,1092.4,546.2
2023-04-10,P0008,288.8,1092.4,546.2
2023-04-11,P0008,279.8,1092.4,546.2
2023-04-12,P0008,262.8,1092.4,546.2
2023-04-13,P0008,237.8,1092.4,546.2
2023-04-14,P0008,188.8,1092.4,546.2
2023-04-15,P0008,188.8,1092.4,546.2
2023-04-16,P0008,113.8,1092.4,546.2
2023-04-17,P0008,66.8,1092.4,546.2
2023-04-18,P0008,50.8,1092.4,546.2
2023-04-19,P0008,1439.8,1092.4,546.2
2023-04-20,P0008,1383.8,1092.4,546.2
2023-04-21,P0008,1258.8,1092.4,546.2
2023-04-22,P0008,1258.8,1092.4,546.2
2023-04-23,P0008,1203.8,1092.4,546.2
2023-04-24,P0008,1124.8,1092.4,546.2
2023-04-25,P0008,915.8,1092.4,546.2
2023-04-26,P0008,855.8,1092.4,546.2
2023-04-27,P0008,824.8,1092.4,546.2
2023-04-28,P0008,791.8,1092.4,546.2
2023-04-29,P0008,791.8,1092.4,546.2
2023-04-30,P0008,744.8,1092.4,546.2
2023-05-01,P0008,684.8,1092.4,546.2
2023-05-02,P0008,598.8,1092.4,546.2
2023-05-03,P0008,429.8,1092.4,546.2
2023-05-04,P0008,351.8,1092.4,546.2
2023-05-05,P0008,218.8,1092.4,546.2
2023-05-06,P0008,202.8,1092.4,546.2
2023-05-07,P0008,166.8,1092.4,546.2
2023-05-08,P0008,117.8,1092.4,546.2
2023-05-09,P0008,0.0,1092.4,546.2
2023-05-10,P0008,0.0,1092.4,546.2
2023-05-11,P0008,0.0,1092.4,546.2
2023-05-12,P0008,0.0,1092.4,546.2
2023-05-13,P0008,0.0,1092.4,546.2
2023-05-14,P0008,0.0,1092.4,546.2
2023-05-15,P0008,1446.0,1092.4,546.2
2023-05-16,P0008,1434.0,1092.4,546.2
2023-05-17,P0008,1317.0,1092.4,546.2
2023-05-18,P0008,1317.0,1092.4,546.2
2023-05-19,P0008,1317.0,1092.4,546.2
2023-05-20,P0008,1270.0,1092.4,546.2
2023-05-21,P0008,1237.0,1092.4,546.2
2023-05-22,P0008,1184.0,1092.4,546.2
2023-05-23,P0008,1184.0,1092.4,546.2
2023-05-24,P0008,1128.0,1092.4,546.2
2023-05-25,P0008,1058.0,1092.4,546.2
2023-05-26,P0008,994.0,1092.4,546.2
2023-05-27,P0008,936.0,1092.4,546.2
2023-05-28,P0008,867.0,1092.4,546.2
2023-05-29,P0008,734.0,1092.4,546.2
2023-05-30,P0008,705.0,1092.4,546.2
2023-05-31,P0008,626.0,1092.4,546.2
2023-06-01,P0008,562.0,1092.4,546.2
2023-06-02,P0008,530.0,1092.4,546.2
2023-06-03,P0008,530.0,1092.4,546.2
2023-06-04,P0008,530.0,1092.4,546.2
2023-06-05,P0008,486.0,1092.4,546.2
2023-06-06,P0008,453.0,1092.4,546.2
2023-06-07,P0008,409.0,1092.4,546.2
2023-06-08,P0008,358.0,1092.4,546.2
2023-06-09,P0008,298.0,1092.4,546.2
2023-06-10,P0008,290.0,1092.4,546.2
2023-06-11,P0008,254.0,1092.4,546.2
2023-06-12,P0008,196.0,1092.4,546.2
2023-06-13,P0008,136.0,1092.4,546.2
2023-06-14,P0008,1483.8,1092.4,546.2
2023-06-15,P0008,1425.8,1092.4,546.2
2023-06-16,P0008,1417.8,1092.4,546.2
2023-06-17,P0008,1417.8,1092.4,546.2
2023-06-18,P0008,1417.8,1092.4,546.2
2023-06-19,P0008,1417.8,1092.4,546.2
2023-06-20,P0008,1354.8,1092.4,546.2
2023-06-21,P0008,1325.8,1092.4,546.2
2023-06-22,P0008,1311.8,1092.4,546.2
2023-06-23,P0008,1205.8,1092.4,546.2
2023-06-24,P0008,1172.8,1092.4,546.2
2023-06-25,P0008,1148.8,1092.4,546.2
2023-06-26,P0008,1066.8,1092.4,546.2
2023-06-27,P0008,1000.8,1092.4,546.2
2023-06-28,P0008,1000.8,1092.4,546.2
2023-06-29,P0008,953.8,1092.4,546.2
2023-06-30,P0008,826.8,1092.4,546.2
2023-07-01,P0008,801.8,1092.4,546.2
2023-07-02,P0008,759.8,1092.4,546.2
2023-07-03,P0008,730.8,1092.4,546.2
2023-07-04,P0008,613.8,1092.4,546.2
2023-07-05,P0008,537.8,1092.4,546.2
2023-07-06,P0008,510.8,1092.4,546.2
2023-07-07,P0008,482.8,1092.4,546.2
2023-07-08,P0008,471.8,1092.4,546.2
2023-07-09,P0008,471.8,1092.4,546.2
2023-07-10,P0008,450.8,1092.4,546.2
2023-07-11,P0008,423.8,1092.4,546.2
2023-07-12,P0008,371.8,1092.4,546.2
2023-07-13,P0008,289.8,1092.4,546.2
2023-07-14,P0008,265.8,1092.4,546.2
2023-07-15,P0008,207.8,1092.4,546.2
2023-07-16,P0008,1598.8,1092.4,546.2
2023-07-17,P0008,1482.8,1092.4,546.2
2023-07-18,P0008,1476.8,1092.4,546.2
2023-07-19,P0008,1361.8,1092.4,546.2
2023-07-20,P0008,1342.8,1092.4,546.2
2023-07-21,P0008,1233.8,1092.4,546.2
2023-07-22,P0008,1189.8,1092.4,546.2
2023-07-23,P0008,1189.8,1092.4,546.2
2023-07-24,P0008,1144.8,1092.4,546.2
2023-07-25,P0008,1092.8,1092.4,546.2
2023-07-26,P0008,938.8,1092.4,546.2
2023-07-27,P0008,821.8,1092.4,546.2
2023-07-28,P0008,806.8,1092.4,546.2
2023-07-29,P0008,754.8,1092.4,546.2
2023-07-30,P0008,696.8,1092.4,546.2
2023-07-31,P0008,557.8,1092.4,546.2
2023-08-01,P0008,534.8,1092.4,546.2
2023-08-02,P0008,363.8,1092.4,546.2
2023-08-03,P0008,268.8,1092.4,546.2
2023-08-04,P0008,215.8,1092.4,546.2
2023-08-05,P0008,196.8,1092.4,546.2
2023-08-06,P0008,131.8,1092.4,546.2
2023-08-07,P0008,108.8,1092.4,546.2
2023-08-08,P0008,73.8,1092.4,546.2
2023-08-09,P0008,8.8,1092.4,546.2
2023-08-10,P0008,8.8,1092.4,546.2
2023-08-11,P0008,0.0,1092.4,546.2
2023-08-12,P0008,0.0,1092.4,546.2
2023-08-13,P0008,0.0,1092.4,546.2
2023-08-14,P0008,0.0,1092.4,546.2
2023-08-15,P0008,1429.0,1092.4,546.2
2023-08-16,P0008,1349.0,1092.4,546.2
2023-08-17,P0008,1313.0,1092.4,546.2
2023-08-18,P0008,1193.0,1092.4,546.2
2023-08-19,P0008,1180.0,1092.4,546.2
2023-08-20,P0008,1180.0,1092.4,546.2
2023-08-21,P0008,1134.0,1092.4,546.2
2023-08-22,P0008,1134.0,1092.4,546.2
2023-08-23,P0008,1134.0,1092.4,546.2
2023-08-24,P0008,949.0,1092.4,546.2
2023-08-25,P0008,905.0,1092.4,546.2
2023-08-26,P0008,905.0,1092.4,546.2
2023-08-27,P0008,892.0,1092.4,546.2
2023-08-28,P0008,784.0,1092.4,546.2
2023-08-29,P0008,747.0,1092.4,546.2
2023-08-30,P0008,733.0,1092.4,546.2
2023-08-31,P0008,644.0,1092.4,546.2
2023-09-01,P0008,644.0,1092.4,546.2
2023-09-02,P0008,644.0,1092.4,546.2
2023-09-03,P0008,623.0,1092.4,546.2
2023-09-04,P0008,544.0,1092.4,546.2
2023-09-05,P0008,434.0,1092.4,546.2
2023-09-06,P0008,339.0,1092.4,546.2
2023-09-07,P0008,339.0,1092.4,546.2
2023-09-08,P0008,283.0,1092.4,546.2
2023-09-09,P0008,283.0,1092.4,546.2
2023-09-10,P0008,283.0,1092.4,546.2
2023-09-11,P0008,202.0,1092.4,546.2
2023-09-12,P0008,202.0,1092.4,546.2
2023-09-13,P0008,1659.8,1092.4,546.2
2023-09-14,P0008,1637.8,1092.4,546.2
2023-09-15,P0008,1594.8,1092.4,546.2
2023-09-16,P0008,1594.8,1092.4,546.2
2023-09-17,P0008,1594.8,1092.4,546.2
2023-09-18,P0008,1466.8,1092.4,546.2
2023-09-19,P0008,1407.8,1092.4,546.2
2023-09-20,P0008,1353.8,1092.4,546.2
2023-09-21,P0008,1287.8,1092.4,546.2
2023-09-22,P0008,1132.8,1092.4,546.2
2023-09-23,P0008,1132.8,1092.4,546.2
2023-09-24,P0008,1115.8,1092.4,546.2
2023-09-25,P0008,1005.8,1092.4,546.2
2023-09-26,P0008,926.8,1092.4,546.2
2023-09-27,P0008,807.8,1092.4,546.2
2023-09-28,P0008,732.8,1092.4,546.2
2023-09-29,P0008,677.8,1092.4,546.2
2023-09-30,P0008,628.8,1092.4,546.2
2023-10-01,P0008,611.8,1092.4,546.2
2023-10-02,P0008,548.8,1092.4,546.2
2023-10-03,P0008,530.8,1092.4,546.2
2023-10-04,P0008,391.8,1092.4,546.2
2023-10-05,P0008,302.8,1092.4,546.2
2023-10-06,P0008,224.8,1092.4,546.2
2023-10-07,P0008,146.8,1092.4,546.2
2023-10-08,P0008,146.8,1092.4,546.2
2023-10-09,P0008,28.8,1092.4,546.2
2023-10-10,P0008,22.8,1092.4,546.2
2023-10-11,P0008,0.0,1092.4,546.2
2023-10-12,P0008,0.0,1092.4,546.2
2023-10-13,P0008,0.0,1092.4,546.2
2023-10-14,P0008,0.0,1092.4,546.2
2023-10-15,P0008,1452.0,1092.4,546.2
2023-10-16,P0008,1367.0,1092.4,546.2
2023-10-17,P0008,1283.0,1092.4,546.2
2023-10-18,P0008,1220.0,1092.4,546.2
2023-10-19,P0008,1152.0,1092.4,546.2
2023-10-20,P0008,1047.0,1092.4,546.2
2023-10-21,P0008,1047.0,1092.4,546.2
2023-10-22,P0008,1047.0,1092.4,546.2
2023-10-23,P0008,928.0,1092.4,546.2
2023-10-24,P0008,864.0,1092.4,546.2
2023-10-25,P0008,788.0,1092.4,546.2
2023-10-26,P0008,723.0,1092.4,546.2
2023-10-27,P0008,705.0,1092.4,546.2
2023-10-28,P0008,621.0,1092.4,546.2
2023-10-29,P0008,593.0,1092.4,546.2
2023-10-30,P0008,550.0,1092.4,546.2
2023-10-31,P0008,534.0,1092.4,546.2
2023-11-01,P0008,518.0,1092.4,546.2
2023-11-02,P0008,466.0,1092.4,546.2
2023-11-03,P0008,278.0,1092.4,546.2
2023-11-04,P0008,260.0,1092.4,546.2
2023-11-05,P0008,260.0,1092.4,546.2
2023-11-06,P0008,113.0,1092.4,546.2
2023-11-07,P0008,78.0,1092.4,546.2
2023-11-08,P0008,60.0,1092.4,546.2
2023-11-09,P0008,1405.8,1092.4,546.2
2023-11-10,P0008,1268.8,1092.4,546.2
2023-11-11,P0008,1268.8,1092.4,546.2
2023-11-12,P0008,1203.8,1092.4,546.2
2023-11-13,P0008,1145.8,1092.4,546.2
2023-11-14,P0008,1145.8,1092.4,546.2
2023-11-15,P0008,1126.8,1092.4,546.2
2023-11-16,P0008,1092.8,1092.4,546.2
2023-11-17,P0008,1064.8,1092.4,546.2
2023-11-18,P0008,1064.8,1092.4,546.2
2023-11-19,P0008,1023.8,1092.4,546.2
2023-11-20,P0008,972.8,1092.4,546.2
2023-11-21,P0008,914.8,1092.4,546.2
2023-11-22,P0008,758.8,1092.4,546.2
2023-11-23,P0008,631.8,1092.4,546.2
2023-11-24,P0008,500.8,1092.4,546.2
2023-11-25,P0008,500.8,1092.4,546.2
2023-11-26,P0008,480.8,1092.4,546.2
2023-11-27,P0008,367.8,1092.4,546.2
2023-11-28,P0008,300.8,1092.4,546.2
2023-11-29,P0008,201.8,1092.4,546.2
2023-11-30,P0008,143.8,1092.4,546.2
2023-12-01,P0008,135.8,1092.4,546.2
2023-12-02,P0008,91.8,1092.4,546.2
2023-12-03,P0008,60.8,1092.4,546.2
2023-12-04,P0008,0.0,1092.4,546.2
2023-12-05,P0008,0.0,1092.4,546.2
2023-12-06,P0008,0.0,1092.4,546.2
2023-12-07,P0008,1278.0,1092.4,546.2
2023-12-08,P0008,1167.0,1092.4,546.2
2023-12-09,P0008,1167.0,1092.4,546.2
2023-12-10,P0008,1167.0,1092.4,546.2
2023-12-11,P0008,1167.0,1092.4,546.2
2023-12-12,P0008,1131.0,1092.4,546.2
2023-12-13,P0008,1131.0,1092.4,546.2
2023-12-14,P0008,997.0,1092.4,546.2
2023-12-15,P0008,920.0,1092.4,546.2
2023-12-16,P0008,838.0,1092.4,546.2
2023-12-17,P0008,792.0,1092.4,546.2
2023-12-18,P0008,768.0,1092.4,546.2
2023-12-19,P0008,715.0,1092.4,546.2
2023-12-20,P0008,601.0,1092.4,546.2
2023-12-21,P0008,576.0,1092.4,546.2
2023-12-22,P0008,524.0,1092.4,546.2
2023-12-23,P0008,499.0,1092.4,546.2
2023-12-24,P0008,499.0,1092.4,546.2
2023-12-25,P0008,431.0,1092.4,546.2
2023-12-26,P0008,383.0,1092.4,546.2
2023-12-27,P0008,303.0,1092.4,546.2
2023-12-28,P0008,229.0,1092.4,546.2
2023-12-29,P0008,148.0,1092.4,546.2
2023-12-30,P0008,101.0,1092.4,546.2
2023-12-31,P0008,85.0,1092.4,546.2
2024-01-01,P0008,0.0,1092.4,546.2
2024-01-02,P0008,0.0,1092.4,546.2
2024-01-03,P0008,1444.8,1092.4,546.2
2024-01-04,P0008,1300.8,1092.4,546.2
2024-01-05,P0008,1300.8,1092.4,546.2
2024-01-06,P0008,1256.8,1092.4,546.2
2024-01-07,P0008,1213.8,1092.4,546.2
2024-01-08,P0008,1191.8,1092.4,546.2
2024-01-09,P0008,1140.8,1092.4,546.2
2024-01-10,P0008,1023.8,1092.4,546.2
2024-01-11,P0008,975.8,1092.4,546.2
2024-01-12,P0008,959.8,1092.4,546.2
2024-01-13,P0008,920.8,1092.4,546.2
2024-01-14,P0008,920.8,1092.4,546.2
2024-01-15,P0008,727.8,1092.4,546.2
2024-01-16,P0008,664.8,1092.4,546.2
2024-01-17,P0008,632.8,1092.4,546.2
2024-01-18,P0008,586.8,1092.4,546.2
2024-01-19,P0008,586.8,1092.4,546.2
2024-01-20,P0008,526.8,1092.4,546.2
2024-01-21,P0008,526.8,1092.4,546.2
2024-01-22,P0008,436.8,1092.4,546.2
2024-01-23,P0008,405.8,1092.4,546.2
2024-01-24,P0008,336.8,1092.4,546.2
2024-01-25,P0008,290.8,1092.4,546.2
2024-01-26,P0008,290.8,1092.4,546.2
2024-01-27,P0008,245.8,1092.4,546.2
2024-01-28,P0008,158.8,1092.4,546.2
2024-01-29,P0008,86.8,1092.4,546.2
2024-01-30,P0008,1520.8,1092.4,546.2
2024-01-31,P0008,1380.8,1092.4,546.2
2024-02-01,P0008,1314.8,1092.4,546.2
2024-02-02,P0008,1297.8,1092.4,546.2
2024-02-03,P0008,1261.8,1092.4,546.2
2024-02-04,P0008,1261.8,1092.4,546.2
2024-02-05,P0008,1165.8,1092.4,546.2
2024-02-06,P0008,1150.8,1092.4,546.2
2024-02-07,P0008,1130.8,1092.4,546.2
2024-02-08,P0008,1096.8,1092.4,546.2
2024-02-09,P0008,1038.8,1092.4,546.2
2024-02-10,P0008,988.8,1092.4,546.2
2024-02-11,P0008,988.8,1092.4,546.2
2024-02-12,P0008,963.8,1092.4,546.2
2024-02-13,P0008,933.8,1092.4,546.2
2024-02-14,P0008,904.8,1092.4,546.2
2024-02-15,P0008,833.8,1092.4,546.2
2024-02-16,P0008,710.8,1092.4,546.2
2024-02-17,P0008,681.8,1092.4,546.2
2024-02-18,P0008,638.8,1092.4,546.2
2024-02-19,P0008,392.8,1092.4,546.2
2024-02-20,P0008,309.8,1092.4,546.2
2024-02-21,P0008,151.8,1092.4,546.2
2024-02-22,P0008,106.8,1092.4,546.2
2024-02-23,P0008,6.8,1092.4,546.2
2024-02-24,P0008,6.8,1092.4,546.2
2024-02-25,P0008,6.8,1092.4,546.2
2024-02-26,P0008,0.0,1092.4,546.2
2024-02-27,P0008,0.0,1092.4,546.2
2024-02-28,P0008,0.0,1092.4,546.2
2024-02-29,P0008,1258.0,1092.4,546.2
2024-03-01,P0008,1124.0,1092.4,546.2
2024-03-02,P0008,1124.0,1092.4,546.2
2024-03-03,P0008,1124.0,1092.4,546.2
2024-03-04,P0008,1055.0,1092.4,546.2
2024-03-05,P0008,980.0,1092.4,546.2
2024-03-06,P0008,913.0,1092.4,546.2
2024-03-07,P0008,904.0,1092.4,546.2
2024-03-08,P0008,801.0,1092.4,546.2
2024-03-09,P0008,758.0,1092.4,546.2
2024-03-10,P0008,649.0,1092.4,546.2
2024-03-11,P0008,632.0,1092.4,546.2
2024-03-12,P0008,546.0,1092.4,546.2
2024-03-13,P0008,546.0,1092.4,546.2
2024-03-14,P0008,442.0,1092.4,546.2
2024-03-15,P0008,396.0,1092.4,546.2
2024-03-16,P0008,396.0,1092.4,546.2
2024-03-17,P0008,396.0,1092.4,546.2
2024-03-18,P0008,335.0,1092.4,546.2
2024-03-19,P0008,308.0,1092.4,546.2
2024-03-20,P0008,204.0,1092.4,546.2
2024-03-21,P0008,204.0,1092.4,546.2
2024-03-22,P0008,112.0,1092.4,546.2
2024-03-23,P0008,112.0,1092.4,546.2
2024-03-24,P0008,1417.8,1092.4,546.2
2024-03-25,P0008,1409.8,1092.4,546.2
2024-03-26,P0008,1307.8,1092.4,546.2
2024-03-27,P0008,1233.8,1092.4,546.2
2024-03-28,P0008,1187.8,1092.4,546.2
2024-03-29,P0008,1091.8,1092.4,546.2
2024-03-30,P0008,1069.8,1092.4,546.2
2024-03-31,P0008,1069.8,1092.4,546.2
2024-04-01,P0008,914.8,1092.4,546.2
2024-04-02,P0008,914.8,1092.4,546.2
2024-04-03,P0008,909.8,1092.4,546.2
2024-04-04,P0008,837.8,1092.4,546.2
2024-04-05,P0008,734.8,1092.4,546.2
2024-04-06,P0008,734.8,1092.4,546.2
2024-04-07,P0008,734.8,1092.4,546.2
2024-04-08,P0008,702.8,1092.4,546.2
2024-04-09,P0008,702.8,1092.4,546.2
2024-04-10,P0008,678.8,1092.4,546.2
2024-04-11,P0008,589.8,1092.4,546.2
2024-04-12,P0008,555.8,1092.4,546.2
2024-04-13,P0008,493.8,1092.4,546.2
2024-04-14,P0008,493.8,1092.4,546.2
2024-04-15,P0008,420.8,1092.4,546.2
2024-04-16,P0008,375.8,1092.4,546.2
2024-04-17,P0008,332.8,1092.4,546.2
2024-04-18,P0008,1645.8,1092.4,546.2
2024-04-19,P0008,1566.8,1092.4,546.2
2024-04-20,P0008,1566.8,1092.4,546.2
2024-04-21,P0008,1566.8,1092.4,546.2
2024-04-22,P0008,1499.8,1092.4,546.2
2024-04-23,P0008,1373.8,1092.4,546.2
2024-04-24,P0008,1335.8,1092.4,546.2
2024-04-25,P0008,1304.8,1092.4,546.2
2024-04-26,P0008,1168.8,1092.4,546.2
2024-04-27,P0008,1141.8,1092.4,546.2
2024-04-28,P0008,1141.8,1092.4,546.2
2024-04-29,P0008,1095.8,1092.4,546.2
2024-04-30,P0008,1027.8,1092.4,546.2
2024-05-01,P0008,998.8,1092.4,546.2
2024-05-02,P0008,876.8,1092.4,546.2
2024-05-03,P0008,850.8,1092.4,546.2
2024-05-04,P0008,778.8,1092.4,546.2
2024-05-05,P0008,747.8,1092.4,546.2
2024-05-06,P0008,638.8,1092.4,546.2
2024-05-07,P0008,585.8,1092.4,546.2
2024-05-08,P0008,500.8,1092.4,546.2
2024-05-09,P0008,407.8,1092.4,546.2
2024-05-10,P0008,407.8,1092.4,546.2
2024-05-11,P0008,351.8,1092.4,546.2
2024-05-12,P0008,331.8,1092.4,546.2
2024-05-13,P0008,322.8,1092.4,546.2
2024-05-14,P0008,273.8,1092.4,546.2
2024-05-15,P0008,202.8,1092.4,546.2
2024-05-16,P0008,90.8,1092.4,546.2
2024-05-17,P0008,56.8,1092.4,546.2
2024-05-18,P0008,56.8,1092.4,546.2
2024-05-19,P0008,56.8,1092.4,546.2
2024-05-20,P0008,1345.8,1092.4,546.2
2024-05-21,P0008,1275.8,1092.4,546.2
2024-05-22,P0008,1135.8,1092.4,546.2
2024-05-23,P0008,1038.8,1092.4,546.2
2024-05-24,P0008,910.8,1092.4,546.2
2024-05-25,P0008,882.8,1092.4,546.2
2024-05-26,P0008,882.8,1092.4,546.2
2024-05-27,P0008,874.8,1092.4,546.2
2024-05-28,P0008,831.8,1092.4,546.2
2024-05-29,P0008,766.8,1092.4,546.2
2024-05-30,P0008,670.8,1092.4,546.2
2024-05-31,P0008,656.8,1092.4,546.2
2024-06-01,P0008,618.8,1092.4,546.2
2024-06-02,P0008,609.8,1092.4,546.2
2024-06-03,P0008,609.8,1092.4,546.2
2024-06-04,P0008,555.8,1092.4,546.2
2024-06-05,P0008,491.8,1092.4,546.2
2024-06-06,P0008,314.8,1092.4,546.2
2024-06-07,P0008,296.8,1092.4,546.2
2024-06-08,P0008,222.8,1092.4,546.2
2024-06-09,P0008,222.8,1092.4,546.2
2024-06-10,P0008,185.8,1092.4,546.2
2024-06-11,P0008,132.8,1092.4,546.2
2024-06-12,P0008,1514.8,1092.4,546.2
2024-06-13,P0008,1432.8,1092.4,546.2
2024-06-14,P0008,1368.8,1092.4,546.2
2024-06-15,P0008,1349.8,1092.4,546.2
2024-06-16,P0008,1213.8,1092.4,546.2
2024-06-17,P0008,1164.8,1092.4,546.2
2024-06-18,P0008,1089.8,1092.4,546.2
2024-06-19,P0008,1060.8,1092.4,546.2
2024-06-20,P0008,1000.8,1092.4,546.2
2024-06-21,P0008,880.8,1092.4,546.2
2024-06-22,P0008,787.8,1092.4,546.2
2024-06-23,P0008,739.8,1092.4,546.2
2024-06-24,P0008,647.8,1092.4,546.2
2024-06-25,P0008,630.8,1092.4,546.2
2024-06-26,P0008,429.8,1092.4,546.2
2024-06-27,P0008,404.8,1092.4,546.2
2024-06-28,P0008,383.8,1092.4,546.2
2024-06-29,P0008,339.8,1092.4,546.2
2024-06-30,P0008,287.8,1092.4,546.2
2024-07-01,P0008,250.8,1092.4,546.2
2024-07-02,P0008,188.8,1092.4,546.2
2024-07-03,P0008,26.8,1092.4,546.2
2024-07-04,P0008,0.0,1092.4,546.2
2024-07-05,P0008,0.0,1092.4,546.2
2024-07-06,P0008,0.0,1092.4,546.2
2024-07-07,P0008,0.0,1092.4,546.2
2024-07-08,P0008,1173.0,1092.4,546.2
2024-07-09,P0008,1167.0,1092.4,546.2
2024-07-10,P0008,1126.0,1092.4,546.2
2024-07-11,P0008,1108.0,1092.4,546.2
2024-07-12,P0008,972.0,1092.4,546.2
2024-07-13,P0008,946.0,1092.4,546.2
2024-07-14,P0008,946.0,1092.4,546.2
2024-07-15,P0008,946.0,1092.4,546.2
2024-07-16,P0008,946.0,1092.4,546.2
2024-07-17,P0008,908.0,1092.4,546.2
2024-07-18,P0008,803.0,1092.4,546.2
2024-07-19,P0008,737.0,1092.4,546.2
2024-07-20,P0008,715.0,1092.4,546.2
2024-07-21,P0008,664.0,1092.4,546.2
2024-07-22,P0008,616.0,1092.4,546.2
2024-07-23,P0008,616.0,1092.4,546.2
2024-07-24,P0008,538.0,1092.4,546.2
2024-07-25,P0008,450.0,1092.4,546.2
2024-07-26,P0008,292.0,1092.4,546.2
2024-07-27,P0008,257.0,1092.4,546.2
2024-07-28,P0008,189.0,1092.4,546.2
2024-07-29,P0008,127.0,1092.4,546.2
2024-07-30,P0008,94.0,1092.4,546.2
2024-07-31,P0008,94.0,1092.4,546.2
2024-08-01,P0008,1579.8,1092.4,546.2
2024-08-02,P0008,1471.8,1092.4,546.2
2024-08-03,P0008,1449.8,1092.4,546.2
2024-08-04,P0008,1436.8,1092.4,546.2
2024-08-05,P0008,1379.8,1092.4,546.2
2024-08-06,P0008,1324.8,1092.4,546.2
2024-08-07,P0008,1244.8,1092.4,546.2
2024-08-08,P0008,1195.8,1092.4,546.2
2024-08-09,P0008,1140.8,1092.4,546.2
2024-08-10,P0008,1091.8,1092.4,546.2
2024-08-11,P0008,1035.8,1092.4,546.2
2024-08-12,P0008,892.8,1092.4,546.2
2024-08-13,P0008,765.8,1092.4,546.2
2024-08-14,P0008,689.8,1092.4,546.2
2024-08-15,P0008,576.8,1092.4,546.2
2024-08-16,P0008,515.8,1092.4,546.2
2024-08-17,P0008,508.8,1092.4,546.2
2024-08-18,P0008,460.8,1092.4,546.2
2024-08-19,P0008,372.8,1092.4,546.2
2024-08-20,P0008,301.8,1092.4,546.2
2024-08-21,P0008,236.8,1092.4,546.2
2024-08-22,P0008,236.8,1092.4,546.2
2024-08-23,P0008,199.8,1092.4,546.2
2024-08-24,P0008,166.8,1092.4,546.2
2024-08-25,P0008,166.8,1092.4,546.2
2024-08-26,P0008,124.8,1092.4,546.2
2024-08-27,P0008,113.8,1092.4,546.2
2024-08-28,P0008,91.8,1092.4,546.2
2024-08-29,P0008,91.8,1092.4,546.2
2024-08-30,P0008,1452.8,1092.4,546.2
2024-08-31,P0008,1413.8,1092.4,546.2
2024-09-01,P0008,1413.8,1092.4,546.2
2024-09-02,P0008,1317.8,1092.4,546.2
2024-09-03,P0008,1219.8,1092.4,546.2
2024-09-04,P0008,1143.8,1092.4,546.2
2024-09-05,P0008,1143.8,1092.4,546.2
2024-09-06,P0008,1103.8,1092.4,546.2
2024-09-07,P0008,1044.8,1092.4,546.2
2024-09-08,P0008,1016.8,1092.4,546.2
2024-09-09,P0008,875.8,1092.4,546.2
2024-09-10,P0008,816.8,1092.4,546.2
2024-09-11,P0008,784.8,1092.4,546.2
2024-09-12,P0008,617.8,1092.4,546.2
2024-09-13,P0008,501.8,1092.4,546.2
2024-09-14,P0008,501.8,1092.4,546.2
2024-09-15,P0008,478.8,1092.4,546.2
2024-09-16,P0008,412.8,1092.4,546.2
2024-09-17,P0008,318.8,1092.4,546.2
2024-09-18,P0008,212.8,1092.4,546.2
2024-09-19,P0008,186.8,1092.4,546.2
2024-09-20,P0008,97.8,1092.4,546.2
2024-09-21,P0008,97.8,1092.4,546.2
2024-09-22,P0008,76.8,1092.4,546.2
2024-09-23,P0008,19.8,1092.4,546.2
2024-09-24,P0008,0.0,1092.4,546.2
2024-09-25,P0008,0.0,1092.4,546.2
2024-09-26,P0008,0.0,1092.4,546.2
2024-09-27,P0008,1365.0,1092.4,546.2
2024-09-28,P0008,1295.0,1092.4,546.2
2024-09-29,P0008,1231.0,1092.4,546.2
2024-09-30,P0008,1150.0,1092.4,546.2
2024-10-01,P0008,1026.0,1092.4,546.2
2024-10-02,P0008,1000.0,1092.4,546.2
2024-10-03,P0008,924.0,1092.4,546.2
2024-10-04,P0008,800.0,1092.4,546.2
2024-10-05,P0008,800.0,1092.4,546.2
2024-10-06,P0008,695.0,1092.4,546.2
2024-10-07,P0008,645.0,1092.4,546.2
2024-10-08,P0008,605.0,1092.4,546.2
2024-10-09,P0008,599.0,1092.4,546.2
2024-10-10,P0008,499.0,1092.4,546.2
2024-10-11,P0008,321.0,1092.4,546.2
2024-10-12,P0008,304.0,1092.4,546.2
2024-10-13,P0008,304.0,1092.4,546.2
2024-10-14,P0008,255.0,1092.4,546.2
2024-10-15,P0008,111.0,1092.4,546.2
2024-10-16,P0008,111.0,1092.4,546.2
2024-10-17,P0008,29.0,1092.4,546.2
2024-10-18,P0008,0.0,1092.4,546.2
2024-10-19,P0008,0.0,1092.4,546.2
2024-10-20,P0008,0.0,1092.4,546.2
2024-10-21,P0008,1371.8,1092.4,546.2
2024-10-22,P0008,1278.8,1092.4,546.2
2024-10-23,P0008,1178.8,1092.4,546.2
2024-10-24,P0008,1076.8,1092.4,546.2
2024-10-25,P0008,926.8,1092.4,546.2
2024-10-26,P0008,913.8,1092.4,546.2
2024-10-27,P0008,913.8,1092.4,546.2
2024-10-28,P0008,801.8,1092.4,546.2
2024-10-29,P0008,675.8,1092.4,546.2
2024-10-30,P0008,654.8,1092.4,546.2
2024-10-31,P0008,621.8,1092.4,546.2
2024-11-01,P0008,529.8,1092.4,546.2
2024-11-02,P0008,485.8,1092.4,546.2
2024-11-03,P0008,449.8,1092.4,546.2
2024-11-04,P0008,385.8,1092.4,546.2
2024-11-05,P0008,357.8,1092.4,546.2
2024-11-06,P0008,232.8,1092.4,546.2
2024-11-07,P0008,160.8,1092.4,546.2
2024-11-08,P0008,79.8,1092.4,546.2
2024-11-09,P0008,79.8,1092.4,546.2
2024-11-10,P0008,79.8,1092.4,546.2
2024-11-11,P0008,42.8,1092.4,546.2
2024-11-12,P0008,42.8,1092.4,546.2
2024-11-13,P0008,1379.8,1092.4,546.2
2024-11-14,P0008,1374.8,1092.4,546.2
2024-11-15,P0008,1303.8,1092.4,546.2
2024-11-16,P0008,1289.8,1092.4,546.2
2024-11-17,P0008,1220.8,1092.4,546.2
2024-11-18,P0008,1174.8,1092.4,546.2
2024-11-19,P0008,1069.8,1092.4,546.2
2024-11-20,P0008,1038.8,1092.4,546.2
2024-11-21,P0008,966.8,1092.4,546.2
2024-11-22,P0008,884.8,1092.4,546.2
2024-11-23,P0008,864.8,1092.4,546.2
2024-11-24,P0008,864.8,1092.4,546.2
2024-11-25,P0008,784.8,1092.4,546.2
2024-11-26,P0008,749.8,1092.4,546.2
2024-11-27,P0008,749.8,1092.4,546.2
2024-11-28,P0008,677.8,1092.4,546.2
2024-11-29,P0008,605.8,1092.4,546.2
2024-11-30,P0008,588.8,1092.4,546.2
2024-12-01,P0008,533.8,1092.4,546.2
2024-12-02,P0008,431.8,1092.4,546.2
2024-12-03,P0008,296.8,1092.4,546.2
2024-12-04,P0008,210.8,1092.4,546.2
2024-12-05,P0008,183.8,1092.4,546.2
2024-12-06,P0008,132.8,1092.4,546.2
2024-12-07,P0008,84.8,1092.4,546.2
2024-12-08,P0008,28.8,1092.4,546.2
2024-12-09,P0008,1396.8,1092.4,546.2
2024-12-10,P0008,1284.8,1092.4,546.2
2024-12-11,P0008,1284.8,1092.4,546.2
2024-12-12,P0008,1246.8,1092.4,546.2
2024-12-13,P0008,1133.8,1092.4,546.2
2024-12-14,P0008,1133.8,1092.4,546.2
2024-12-15,P0008,1133.8,1092.4,546.2
2024-12-16,P0008,1072.8,1092.4,546.2
2024-12-17,P0008,1024.8,1092.4,546.2
2024-12-18,P0008,993.8,1092.4,546.2
2024-12-19,P0008,981.8,1092.4,546.2
2024-12-20,P0008,935.8,1092.4,546.2
2024-12-21,P0008,885.8,1092.4,546.2
2024-12-22,P0008,885.8,1092.4,546.2
2024-12-23,P0008,851.8,1092.4,546.2
2024-12-24,P0008,670.8,1092.4,546.2
2024-12-25,P0008,616.8,1092.4,546.2
2024-12-26,P0008,583.8,1092.4,546.2
2024-12-27,P0008,368.8,1092.4,546.2
2024-12-28,P0008,349.8,1092.4,546.2
2024-12-29,P0008,304.8,1092.4,546.2
2024-12-30,P0008,221.8,1092.4,546.2
2024-12-31,P0008,181.8,1092.4,546.2
2025-01-01,P0008,58.8,1092.4,546.2
2025-01-02,P0008,7.8,1092.4,546.2
2025-01-03,P0008,0.0,1092.4,546.2
2025-01-04,P0008,0.0,1092.4,546.2
2025-01-05,P0008,1385.0,1092.4,546.2
2025-01-06,P0008,1333.0,1092.4,546.2
2025-01-07,P0008,1159.0,1092.4,546.2
2025-01-08,P0008,1093.0,1092.4,546.2
2025-01-09,P0008,1000.0,1092.4,546.2
2025-01-10,P0008,956.0,1092.4,546.2
2025-01-11,P0008,910.0,1092.4,546.2
2025-01-12,P0008,867.0,1092.4,546.2
2025-01-13,P0008,859.0,1092.4,546.2
2025-01-14,P0008,820.0,1092.4,546.2
2025-01-15,P0008,820.0,1092.4,546.2
2025-01-16,P0008,730.0,1092.4,546.2
2025-01-17,P0008,678.0,1092.4,546.2
2025-01-18,P0008,678.0,1092.4,546.2
2025-01-19,P0008,615.0,1092.4,546.2
2025-01-20,P0008,586.0,1092.4,546.2
2025-01-21,P0008,586.0,1092.4,546.2
2025-01-22,P0008,555.0,1092.4,546.2
2025-01-23,P0008,555.0,1092.4,546.2
2025-01-24,P0008,523.0,1092.4,546.2
2025-01-25,P0008,475.0,1092.4,546.2
2025-01-26,P0008,475.0,1092.4,546.2
2025-01-27,P0008,475.0,1092.4,546.2
2025-01-28,P0008,431.0,1092.4,546.2
2025-01-29,P0008,1852.8,1092.4,546.2
2025-01-30,P0008,1784.8,1092.4,546.2
2025-01-31,P0008,1689.8,1092.4,546.2
2025-02-01,P0008,1689.8,1092.4,546.2
2025-02-02,P0008,1689.8,1092.4,546.2
2025-02-03,P0008,1636.8,1092.4,546.2
2025-02-04,P0008,1622.8,1092.4,546.2
2025-02-05,P0008,1622.8,1092.4,546.2
2025-02-06,P0008,1600.8,1092.4,546.2
2025-02-07,P0008,1569.8,1092.4,546.2
2025-02-08,P0008,1540.8,1092.4,546.2
2025-02-09,P0008,1518.8,1092.4,546.2
2025-02-10,P0008,1450.8,1092.4,546.2
2025-02-11,P0008,1416.8,1092.4,546.2
2025-02-12,P0008,1343.8,1092.4,546.2
2025-02-13,P0008,1303.8,1092.4,546.2
2025-02-14,P0008,1303.8,1092.4,546.2
2025-02-15,P0008,1303.8,1092.4,546.2
2025-02-16,P0008,1303.8,1092.4,546.2
2025-02-17,P0008,1229.8,1092.4,546.2
2025-02-18,P0008,1197.8,1092.4,546.2
2025-02-19,P0008,1151.8,1092.4,546.2
2025-02-20,P0008,1085.8,1092.4,546.2
2025-02-21,P0008,1041.8,1092.4,546.2
2025-02-22,P0008,1041.8,1092.4,546.2
2025-02-23,P0008,1041.8,1092.4,546.2
2025-02-24,P0008,987.8,1092.4,546.2
2025-02-25,P0008,950.8,1092.4,546.2
2025-02-26,P0008,815.8,1092.4,546.2
2025-02-27,P0008,771.8,1092.4,546.2
2025-02-28,P0008,751.8,1092.4,546.2
2025-03-01,P0008,705.8,1092.4,546.2
2025-03-02,P0008,700.8,1092.4,546.2
2025-03-03,P0008,590.8,1092.4,546.2
2025-03-04,P0008,581.8,1092.4,546.2
2025-03-05,P0008,483.8,1092.4,546.2
2025-03-06,P0008,374.8,1092.4,546.2
2025-03-07,P0008,236.8,1092.4,546.2
2025-03-08,P0008,153.8,1092.4,546.2
2025-03-09,P0008,153.8,1092.4,546.2
2025-03-10,P0008,47.8,1092.4,546.2
2025-03-11,P0008,47.8,1092.4,546.2
2025-03-12,P0008,1309.8,1092.4,546.2
2025-03-13,P0008,1108.8,1092.4,546.2
2025-03-14,P0008,1080.8,1092.4,546.2
2025-03-15,P0008,1054.8,1092.4,546.2
2025-03-16,P0008,1054.8,1092.4,546.2
2025-03-17,P0008,917.8,1092.4,546.2
2025-03-18,P0008,815.8,1092.4,546.2
2025-03-19,P0008,757.8,1092.4,546.2
2025-03-20,P0008,743.8,1092.4,546.2
2025-03-21,P0008,597.8,1092.4,546.2
2025-03-22,P0008,597.8,1092.4,546.2
2025-03-23,P0008,597.8,1092.4,546.2
2025-03-24,P0008,543.8,1092.4,546.2
2025-03-25,P0008,499.8,1092.4,546.2
2025-03-26,P0008,499.8,1092.4,546.2
2025-03-27,P0008,398.8,1092.4,546.2
2025-03-28,P0008,345.8,1092.4,546.2
2025-03-29,P0008,333.8,1092.4,546.2
2025-03-30,P0008,312.8,1092.4,546.2
2025-03-31,P0008,312.8,1092.4,546.2
2025-04-01,P0008,256.8,1092.4,546.2
2025-04-02,P0008,194.8,1092.4,546.2
2025-04-03,P0008,1529.8,1092.4,546.2
2025-04-04,P0008,1382.8,1092.4,546.2
2025-04-05,P0008,1355.8,1092.4,546.2
2025-04-06,P0008,1261.8,1092.4,546.2
2025-04-07,P0008,1187.8,1092.4,546.2
2025-04-08,P0008,1104.8,1092.4,546.2
2025-04-09,P0008,1063.8,1092.4,546.2
2025-04-10,P0008,1015.8,1092.4,546.2
2025-04-11,P0008,968.8,1092.4,546.2
2025-04-12,P0008,907.8,1092.4,546.2
2025-04-13,P0008,864.8,1092.4,546.2
2025-04-14,P0008,759.8,1092.4,546.2
2025-04-15,P0008,719.8,1092.4,546.2
2025-04-16,P0008,679.8,1092.4,546.2
2025-04-17,P0008,667.8,1092.4,546.2
2025-04-18,P0008,534.8,1092.4,546.2
2025-04-19,P0008,508.8,1092.4,546.2
2025-04-20,P0008,464.8,1092.4,546.2
2025-04-21,P0008,326.8,1092.4,546.2
2025-04-22,P0008,217.8,1092.4,546.2
2025-04-23,P0008,65.8,1092.4,546.2
2025-04-24,P0008,0.0,1092.4,546.2
2025-04-25,P0008,0.0,1092.4,546.2
2025-04-26,P0008,0.0,1092.4,546.2
2025-04-27,P0008,0.0,1092.4,546.2
2025-04-28,P0008,0.0,1092.4,546.2
2025-04-29,P0008,1268.0,1092.4,546.2
2025-04-30,P0008,1138.0,1092.4,546.2
2025-05-01,P0008,1005.0,1092.4,546.2
2025-05-02,P0008,983.0,1092.4,546.2
2025-05-03,P0008,983.0,1092.4,546.2
2025-05-04,P0008,983.0,1092.4,546.2
2025-05-05,P0008,953.0,1092.4,546.2
2025-05-06,P0008,934.0,1092.4,546.2
2025-05-07,P0008,813.0,1092.4,546.2
2025-05-08,P0008,799.0,1092.4,546.2
2025-05-09,P0008,767.0,1092.4,546.2
2025-05-10,P0008,720.0,1092.4,546.2
2025-05-11,P0008,683.0,1092.4,546.2
2025-05-12,P0008,611.0,1092.4,546.2
2025-05-13,P0008,506.0,1092.4,546.2
2025-05-14,P0008,475.0,1092.4,546.2
2025-05-15,P0008,421.0,1092.4,546.2
2025-05-16,P0008,236.0,1092.4,546.2
2025-05-17,P0008,236.0,1092.4,546.2
2025-05-18,P0008,195.0,1092.4,546.2
2025-05-19,P0008,195.0,1092.4,546.2
2025-05-20,P0008,139.0,1092.4,546.2
2025-05-21,P0008,1491.8,1092.4,546.2
2025-05-22,P0008,1369.8,1092.4,546.2
2025-05-23,P0008,1252.8,1092.4,546.2
2025-05-24,P0008,1223.8,1092.4,546.2
2025-05-25,P0008,1152.8,1092.4,546.2
2025-05-26,P0008,1121.8,1092.4,546.2
2025-05-27,P0008,1095.8,1092.4,546.2
2025-05-28,P0008,983.8,1092.4,546.2
2025-05-29,P0008,876.8,1092.4,546.2
2025-05-30,P0008,811.8,1092.4,546.2
2025-05-31,P0008,811.8,1092.4,546.2
2025-06-01,P0008,741.8,1092.4,546.2
2025-06-02,P0008,741.8,1092.4,546.2
2025-06-03,P0008,696.8,1092.4,546.2
2025-06-04,P0008,556.8,1092.4,546.2
2025-06-05,P0008,477.8,1092.4,546.2
2025-06-06,P0008,454.8,1092.4,546.2
2025-06-07,P0008,454.8,1092.4,546.2
2025-06-08,P0008,416.8,1092.4,546.2
2025-06-09,P0008,398.8,1092.4,546.2
2025-06-10,P0008,347.8,1092.4,546.2
2025-06-11,P0008,347.8,1092.4,546.2
2025-06-12,P0008,318.8,1092.4,546.2
2025-06-13,P0008,276.8,1092.4,546.2
2025-06-14,P0008,155.8,1092.4,546.2
2025-06-15,P0008,155.8,1092.4,546.2
2025-06-16,P0008,33.8,1092.4,546.2
2025-06-17,P0008,1497.8,1092.4,546.2
2025-06-18,P0008,1455.8,1092.4,546.2
2025-06-19,P0008,1384.8,1092.4,546.2
2025-06-20,P0008,1317.8,1092.4,546.2
2025-06-21,P0008,1282.8,1092.4,546.2
2025-06-22,P0008,1282.8,1092.4,546.2
2025-06-23,P0008,1238.8,1092.4,546.2
2025-06-24,P0008,1226.8,1092.4,546.2
2025-06-25,P0008,1171.8,1092.4,546.2
2025-06-26,P0008,1131.8,1092.4,546.2
2025-06-27,P0008,1008.8,1092.4,546.2
2025-06-28,P0008,997.8,1092.4,546.2
2025-06-29,P0008,941.8,1092.4,546.2
2025-06-30,P0008,848.8,1092.4,546.2
2025-07-01,P0008,768.8,1092.4,546.2
2025-07-02,P0008,744.8,1092.4,546.2
2025-07-03,P0008,706.8,1092.4,546.2
2025-07-04,P0008,504.8,1092.4,546.2
2025-07-05,P0008,495.8,1092.4,546.2
2025-07-06,P0008,436.8,1092.4,546.2
2025-07-07,P0008,355.8,1092.4,546.2
2025-07-08,P0008,296.8,1092.4,546.2
2025-07-09,P0008,215.8,1092.4,546.2
2025-07-10,P0008,120.8,1092.4,546.2
2025-07-11,P0008,0.0,1092.4,546.2
2025-07-12,P0008,0.0,1092.4,546.2
2025-07-13,P0008,0.0,1092.4,546.2
2025-07-14,P0008,0.0,1092.4,546.2
2025-07-15,P0008,0.0,1092.4,546.2
2025-07-16,P0008,0.0,1092.4,546.2
2025-07-17,P0008,1449.0,1092.4,546.2
2025-07-18,P0008,1415.0,1092.4,546.2
2025-07-19,P0008,1415.0,1092.4,546.2
2025-07-20,P0008,1376.0,1092.4,546.2
2025-07-21,P0008,1329.0,1092.4,546.2
2025-07-22,P0008,1297.0,1092.4,546.2
2025-07-23,P0008,1197.0,1092.4,546.2
2025-07-24,P0008,1103.0,1092.4,546.2
2025-07-25,P0008,1103.0,1092.4,546.2
2025-07-26,P0008,1058.0,1092.4,546.2
2025-07-27,P0008,1058.0,1092.4,546.2
2025-07-28,P0008,1019.0,1092.4,546.2
2025-07-29,P0008,874.0,1092.4,546.2
2025-07-30,P0008,826.0,1092.4,546.2
2025-07-31,P0008,732.0,1092.4,546.2
2025-08-01,P0008,658.0,1092.4,546.2
2025-08-02,P0008,627.0,1092.4,546.2
2025-08-03,P0008,568.0,1092.4,546.2
2025-08-04,P0008,526.0,1092.4,546.2
2025-08-05,P0008,475.0,1092.4,546.2
2025-08-06,P0008,377.0,1092.4,546.2
2025-08-07,P0008,244.0,1092.4,546.2
2025-08-08,P0008,204.0,1092.4,546.2
2025-08-09,P0008,100.0,1092.4,546.2
2025-08-10,P0008,69.0,1092.4,546.2
2025-08-11,P0008,33.0,1092.4,546.2
2025-08-12,P0008,0.0,1092.4,546.2
2025-08-13,P0008,0.0,1092.4,546.2
2025-08-14,P0008,0.0,1092.4,546.2
2025-08-15,P0008,1292.8,1092.4,546.2
2025-08-16,P0008,1243.8,1092.4,546.2
2025-08-17,P0008,1219.8,1092.4,546.2
2025-08-18,P0008,1202.8,1092.4,546.2
2025-08-19,P0008,1144.8,1092.4,546.2
2025-08-20,P0008,1094.8,1092.4,546.2
2025-08-21,P0008,1004.8,1092.4,546.2
2025-08-22,P0008,997.8,1092.4,546.2
2025-08-23,P0008,997.8,1092.4,546.2
2025-08-24,P0008,997.8,1092.4,546.2
2025-08-25,P0008,961.8,1092.4,546.2
2025-08-26,P0008,856.8,1092.4,546.2
2025-08-27,P0008,800.8,1092.4,546.2
2025-08-28,P0008,773.8,1092.4,546.2
2025-08-29,P0008,575.8,1092.4,546.2
2025-08-30,P0008,575.8,1092.4,546.2
2025-08-31,P0008,500.8,1092.4,546.2
2025-09-01,P0008,453.8,1092.4,546.2
2025-09-02,P0008,360.8,1092.4,546.2
2025-09-03,P0008,315.8,1092.4,546.2
2025-09-04,P0008,250.8,1092.4,546.2
2025-09-05,P0008,203.8,1092.4,546.2
2025-09-06,P0008,203.8,1092.4,546.2
2025-09-07,P0008,180.8,1092.4,546.2
2025-09-08,P0008,110.8,1092.4,546.2
2025-09-09,P0008,87.8,1092.4,546.2
2025-09-10,P0008,1497.8,1092.4,546.2
2025-09-11,P0008,1497.8,1092.4,546.2
2025-09-12,P0008,1438.8,1092.4,546.2
2025-09-13,P0008,1397.8,1092.4,546.2
2025-09-14,P0008,1329.8,1092.4,546.2
2025-09-15,P0008,1299.8,1092.4,546.2
2025-09-16,P0008,1194.8,1092.4,546.2
2025-09-17,P0008,1160.8,1092.4,546.2
2025-09-18,P0008,1160.8,1092.4,546.2
2025-09-19,P0008,1053.8,1092.4,546.2
2025-09-20,P0008,1053.8,1092.4,546.2
2025-09-21,P0008,1053.8,1092.4,546.2
2025-09-22,P0008,1045.8,1092.4,546.2
2025-09-23,P0008,1045.8,1092.4,546.2
2025-09-24,P0008,956.8,1092.4,546.2
2025-09-25,P0008,956.8,1092.4,546.2
2025-09-26,P0008,924.8,1092.4,546.2
2025-09-27,P0008,883.8,1092.4,546.2
2025-09-28,P0008,824.8,1092.4,546.2
2025-09-29,P0008,824.8,1092.4,546.2
2025-09-30,P0008,772.8,1092.4,546.2
2025-10-01,P0008,633.8,1092.4,546.2
2025-10-02,P0008,543.8,1092.4,546.2
2025-10-03,P0008,413.8,1092.4,546.2
2025-10-04,P0008,389.8,1092.4,546.2
2025-10-05,P0008,374.8,1092.4,546.2
2025-10-06,P0008,316.8,1092.4,546.2
2025-10-07,P0008,145.8,1092.4,546.2
2025-10-08,P0008,49.8,1092.4,546.2
2025-10-09,P0008,1411.8,1092.4,546.2
2025-10-10,P0008,1306.8,1092.4,546.2
2025-10-11,P0008,1296.8,1092.4,546.2
2025-10-12,P0008,1268.8,1092.4,546.2
2025-10-13,P0008,1204.8,1092.4,546.2
2025-10-14,P0008,1100.8,1092.4,546.2
2025-10-15,P0008,1027.8,1092.4,546.2
2025-10-16,P0008,963.8,1092.4,546.2
2025-10-17,P0008,892.8,1092.4,546.2
2025-10-18,P0008,863.8,1092.4,546.2
2025-10-19,P0008,863.8,1092.4,546.2
2025-10-20,P0008,769.8,1092.4,546.2
2025-10-21,P0008,651.8,1092.4,546.2
2025-10-22,P0008,600.8,1092.4,546.2
2025-10-23,P0008,554.8,1092.4,546.2
2025-10-24,P0008,478.8,1092.4,546.2
2025-10-25,P0008,449.8,1092.4,546.2
2025-10-26,P0008,438.8,1092.4,546.2
2025-10-27,P0008,305.8,1092.4,546.2
2025-10-28,P0008,231.8,1092.4,546.2
2025-10-29,P0008,130.8,1092.4,546.2
2025-10-30,P0008,62.8,1092.4,546.2
2025-10-31,P0008,31.8,1092.4,546.2
2025-11-01,P0008,31.8,1092.4,546.2
2025-11-02,P0008,31.8,1092.4,546.2
2025-11-03,P0008,0.0,1092.4,546.2
2025-11-04,P0008,1355.0,1092.4,546.2
2025-11-05,P0008,1346.0,1092.4,546.2
2025-11-06,P0008,1218.0,1092.4,546.2
2025-11-07,P0008,1153.0,1092.4,546.2
2025-11-08,P0008,1122.0,1092.4,546.2
2025-11-09,P0008,1108.0,1092.4,546.2
2025-11-10,P0008,1010.0,1092.4,546.2
2025-11-11,P0008,989.0,1092.4,546.2
2025-11-12,P0008,855.0,1092.4,546.2
2025-11-13,P0008,826.0,1092.4,546.2
2025-11-14,P0008,803.0,1092.4,546.2
2025-11-15,P0008,773.0,1092.4,546.2
2025-11-16,P0008,751.0,1092.4,546.2
2025-11-17,P0008,712.0,1092.4,546.2
2025-11-18,P0008,608.0,1092.4,546.2
2025-11-19,P0008,508.0,1092.4,546.2
2025-11-20,P0008,461.0,1092.4,546.2
2025-11-21,P0008,418.0,1092.4,546.2
2025-11-22,P0008,418.0,1092.4,546.2
2025-11-23,P0008,390.0,1092.4,546.2
2025-11-24,P0008,262.0,1092.4,546.2
2025-11-25,P0008,178.0,1092.4,546.2
2025-11-26,P0008,100.0,1092.4,546.2
2025-11-27,P0008,32.0,1092.4,546.2
2025-11-28,P0008,0.0,1092.4,546.2
2025-11-29,P0008,0.0,1092.4,546.2
2025-11-30,P0008,1447.8,1092.4,546.2
2025-12-01,P0008,1354.8,1092.4,546.2
2025-12-02,P0008,1302.8,1092.4,546.2
2025-12-03,P0008,1220.8,1092.4,546.2
2025-12-04,P0008,1179.8,1092.4,546.2
2025-12-05,P0008,1134.8,1092.4,546.2
2025-12-06,P0008,1092.8,1092.4,546.2
2025-12-07,P0008,1092.8,1092.4,546.2
2025-12-08,P0008,1050.8,1092.4,546.2
2025-12-09,P0008,975.8,1092.4,546.2
2025-12-10,P0008,882.8,1092.4,546.2
2025-12-11,P0008,812.8,1092.4,546.2
2025-12-12,P0008,752.8,1092.4,546.2
2025-12-13,P0008,752.8,1092.4,546.2
2025-12-14,P0008,732.8,1092.4,546.2
2025-12-15,P0008,610.8,1092.4,546.2
2025-12-16,P0008,522.8,1092.4,546.2
2025-12-17,P0008,429.8,1092.4,546.2
2025-12-18,P0008,386.8,1092.4,546.2
2025-12-19,P0008,299.8,1092.4,546.2
2025-12-20,P0008,266.8,1092.4,546.2
2025-12-21,P0008,266.8,1092.4,546.2
2025-12-22,P0008,237.8,1092.4,546.2
2025-12-23,P0008,191.8,1092.4,546.2
2025-12-24,P0008,129.8,1092.4,546.2
2025-12-25,P0008,35.8,1092.4,546.2
2025-12-26,P0008,35.8,1092.4,546.2
2025-12-27,P0008,25.8,1092.4,546.2
2025-12-28,P0008,1380.8,1092.4,546.2
2025-12-29,P0008,1299.8,1092.4,546.2
2025-12-30,P0008,1269.8,1092.4,546.2
2025-12-31,P0008,1189.8,1092.4,546.2
2023-01-01,P0009,2452.9,1092.9,546.4
2023-01-02,P0009,2369.9,1092.9,546.4
2023-01-03,P0009,2303.9,1092.9,546.4
2023-01-04,P0009,2303.9,1092.9,546.4
2023-01-05,P0009,2303.9,1092.9,546.4
2023-01-06,P0009,2208.9,1092.9,546.4
2023-01-07,P0009,2177.9,1092.9,546.4
2023-01-08,P0009,2128.9,1092.9,546.4
2023-01-09,P0009,2042.9,1092.9,546.4
2023-01-10,P0009,2016.9,1092.9,546.4
2023-01-11,P0009,1972.9,1092.9,546.4
2023-01-12,P0009,1940.9,1092.9,546.4
2023-01-13,P0009,1878.9,1092.9,546.4
2023-01-14,P0009,1790.9,1092.9,546.4
2023-01-15,P0009,1790.9,1092.9,546.4
2023-01-16,P0009,1737.9,1092.9,546.4
2023-01-17,P0009,1626.9,1092.9,546.4
2023-01-18,P0009,1522.9,1092.9,546.4
2023-01-19,P0009,1453.9,1092.9,546.4
2023-01-20,P0009,1404.9,1092.9,546.4
2023-01-21,P0009,1348.9,1092.9,546.4
2023-01-22,P0009,1348.9,1092.9,546.4
2023-01-23,P0009,1305.9,1092.9,546.4
2023-01-24,P0009,1253.9,1092.9,546.4
2023-01-25,P0009,1228.9,1092.9,546.4
2023-01-26,P0009,1205.9,1092.9,546.4
2023-01-27,P0009,1164.9,1092.9,546.4
2023-01-28,P0009,1089.9,1092.9,546.4
2023-01-29,P0009,1065.9,1092.9,546.4
2023-01-30,P0009,1023.9,1092.9,546.4
2023-01-31,P0009,910.9,1092.9,546.4
2023-02-01,P0009,866.9,1092.9,546.4
2023-02-02,P0009,780.9,1092.9,546.4
2023-02-03,P0009,718.9,1092.9,546.4
2023-02-04,P0009,718.9,1092.9,546.4
2023-02-05,P0009,640.9,1092.9,546.4
2023-02-06,P0009,573.9,1092.9,546.4
2023-02-07,P0009,494.9,1092.9,546.4
2023-02-08,P0009,401.9,1092.9,546.4
2023-02-09,P0009,363.9,1092.9,546.4
2023-02-10,P0009,303.9,1092.9,546.4
2023-02-11,P0009,303.9,1092.9,546.4
2023-02-12,P0009,295.9,1092.9,546.4
2023-02-13,P0009,282.9,1092.9,546.4
2023-02-14,P0009,210.9,1092.9,546.4
2023-02-15,P0009,168.9,1092.9,546.4
2023-02-16,P0009,90.9,1092.9,546.4
2023-02-17,P0009,1339.9,1092.9,546.4
2023-02-18,P0009,1339.9,1092.9,546.4
2023-02-19,P0009,1339.9,1092.9,546.4
2023-02-20,P0009,1301.9,1092.9,546.4
2023-02-21,P0009,1223.9,1092.9,546.4
2023-02-22,P0009,1127.9,1092.9,546.4
2023-02-23,P0009,1111.9,1092.9,546.4
2023-02-24,P0009,1083.9,1092.9,546.4
2023-02-25,P0009,1083.9,1092.9,546.4
2023-02-26,P0009,1044.9,1092.9,546.4
2023-02-27,P0009,1017.9,1092.9,546.4
2023-02-28,P0009,1004.9,1092.9,546.4
2023-03-01,P0009,984.9,1092.9,546.4
2023-03-02,P0009,946.9,1092.9,546.4
2023-03-03,P0009,833.9,1092.9,546.4
2023-03-04,P0009,801.9,1092.9,546.4
2023-03-05,P0009,785.9,1092.9,546.4
2023-03-06,P0009,766.9,1092.9,546.4
2023-03-07,P0009,664.9,1092.9,546.4
2023-03-08,P0009,573.9,1092.9,546.4
2023-03-09,P0009,523.9,1092.9,546.4
2023-03-10,P0009,406.9,1092.9,546.4
2023-03-11,P0009,406.9,1092.9,546.4
2023-03-12,P0009,346.9,1092.9,546.4
2023-03-13,P0009,309.9,1092.9,546.4
2023-03-14,P0009,213.9,1092.9,546.4
2023-03-15,P0009,164.9,1092.9,546.4
2023-03-16,P0009,1447.9,1092.9,546.4
2023-03-17,P0009,1383.9,1092.9,546.4
2023-03-18,P0009,1332.9,1092.9,546.4
2023-03-19,P0009,1277.9,1092.9,546.4
2023-03-20,P0009,1144.9,1092.9,546.4
2023-03-21,P0009,1127.9,1092.9,546.4
2023-03-22,P0009,1118.9,1092.9,546.4
2023-03-23,P0009,1108.9,1092.9,546.4
2023-03-24,P0009,1066.9,1092.9,546.4
2023-03-25,P0009,1066.9,1092.9,546.4
2023-03-26,P0009,1007.9,1092.9,546.4
2023-03-27,P0009,949.9,1092.9,546.4
2023-03-28,P0009,896.9,1092.9,546.4
2023-03-29,P0009,881.9,1092.9,546.4
2023-03-30,P0009,865.9,1092.9,546.4
2023-03-31,P0009,843.9,1092.9,546.4
2023-04-01,P0009,843.9,1092.9,546.4
2023-04-02,P0009,811.9,1092.9,546.4
2023-04-03,P0009,709.9,1092.9,546.4
2023-04-04,P0009,641.9,1092.9,546.4
2023-04-05,P0009,581.9,1092.9,546.4
2023-04-06,P0009,544.9,1092.9,546.4
2023-04-07,P0009,512.9,1092.9,546.4
2023-04-08,P0009,512.9,1092.9,546.4
2023-04-09,P0009,452.9,1092.9,546.4
2023-04-10,P0009,357.9,1092.9,546.4
2023-04-11,P0009,249.9,1092.9,546.4
2023-04-12,P0009,193.9,1092.9,546.4
2023-04-13,P0009,1399.9,1092.9,546.4
2023-04-14,P0009,1371.9,1092.9,546.4
2023-04-15,P0009,1358.9,1092.9,546.4
2023-04-16,P0009,1358.9,1092.9,546.4
2023-04-17,P0009,1239.9,1092.9,546.4
2023-04-18,P0009,1188.9,1092.9,546.4
2023-04-19,P0009,1124.9,1092.9,546.4
2023-04-20,P0009,1034.9,1092.9,546.4
2023-04-21,P0009,967.9,1092.9,546.4
2023-04-22,P0009,926.9,1092.9,546.4
2023-04-23,P0009,876.9,1092.9,546.4
2023-04-24,P0009,807.9,1092.9,546.4
2023-04-25,P0009,756.9,1092.9,546.4
2023-04-26,P0009,678.9,1092.9,546.4
2023-04-27,P0009,678.9,1092.9,546.4
2023-04-28,P0009,589.9,1092.9,546.4
2023-04-29,P0009,514.9,1092.9,546.4
2023-04-30,P0009,480.9,1092.9,546.4
2023-05-01,P0009,480.9,1092.9,546.4
2023-05-02,P0009,459.9,1092.9,546.4
2023-05-03,P0009,356.9,1092.9,546.4
2023-05-04,P0009,337.9,1092.9,546.4
2023-05-05,P0009,187.9,1092.9,546.4
2023-05-06,P0009,120.9,1092.9,546.4
2023-05-07,P0009,79.9,1092.9,546.4
2023-05-08,P0009,27.9,1092.9,546.4
2023-05-09,P0009,0.0,1092.9,546.4
2023-05-10,P0009,1353.0,1092.9,546.4
2023-05-11,P0009,1304.0,1092.9,546.4
2023-05-12,P0009,1207.0,1092.9,546.4
2023-05-13,P0009,1207.0,1092.9,546.4
2023-05-14,P0009,1201.0,1092.9,546.4
2023-05-15,P0009,1192.0,1092.9,546.4
2023-05-16,P0009,1037.0,1092.9,546.4
2023-05-17,P0009,1003.0,1092.9,546.4
2023-05-18,P0009,863.0,1092.9,546.4
2023-05-19,P0009,856.0,1092.9,546.4
2023-05-20,P0009,813.0,1092.9,546.4
2023-05-21,P0009,813.0,1092.9,546.4
2023-05-22,P0009,720.0,1092.9,546.4
2023-05-23,P0009,597.0,1092.9,546.4
2023-05-24,P0009,479.0,1092.9,546.4
2023-05-25,P0009,452.0,1092.9,546.4
2023-05-26,P0009,424.0,1092.9,546.4
2023-05-27,P0009,413.0,1092.9,546.4
2023-05-28,P0009,380.0,1092.9,546.4
2023-05-29,P0009,307.0,1092.9,546.4
2023-05-30,P0009,165.0,1092.9,546.4
2023-05-31,P0009,150.0,1092.9,546.4
2023-06-01,P0009,0.0,1092.9,546.4
2023-06-02,P0009,0.0,1092.9,546.4
2023-06-03,P0009,0.0,1092.9,546.4
2023-06-04,P0009,0.0,1092.9,546.4
2023-06-05,P0009,1355.9,1092.9,546.4
2023-06-06,P0009,1169.9,1092.9,546.4
2023-06-07,P0009,1105.9,1092.9,546.4
2023-06-08,P0009,1027.9,1092.9,546.4
2023-06-09,P0009,986.9,1092.9,546.4
2023-06-10,P0009,986.9,1092.9,546.4
2023-06-11,P0009,986.9,1092.9,546.4
2023-06-12,P0009,931.9,1092.9,546.4
2023-06-13,P0009,922.9,1092.9,546.4
2023-06-14,P0009,911.9,1092.9,546.4
2023-06-15,P0009,871.9,1092.9,546.4
2023-06-16,P0009,850.9,1092.9,546.4
2023-06-17,P0009,850.9,1092.9,546.4
2023-06-18,P0009,841.9,1092.9,546.4
2023-06-19,P0009,815.9,1092.9,546.4
2023-06-20,P0009,564.9,1092.9,546.4
2023-06-21,P0009,533.9,1092.9,546.4
2023-06-22,P0009,477.9,1092.9,546.4
2023-06-23,P0009,477.9,1092.9,546.4
2023-06-24,P0009,443.9,1092.9,546.4
2023-06-25,P0009,443.9,1092.9,546.4
2023-06-26,P0009,350.9,1092.9,546.4
2023-06-27,P0009,350.9,1092.9,546.4
2023-06-28,P0009,1781.9,1092.9,546.4
2023-06-29,P0009,1645.9,1092.9,546.4
2023-06-30,P0009,1590.9,1092.9,546.4
2023-07-01,P0009,1560.9,1092.9,546.4
2023-07-02,P0009,1495.9,1092.9,546.4
2023-07-03,P0009,1463.9,1092.9,546.4
2023-07-04,P0009,1376.9,1092.9,546.4
2023-07-05,P0009,1336.9,1092.9,546.4
2023-07-06,P0009,1276.9,1092.9,546.4
2023-07-07,P0009,1276.9,1092.9,546.4
2023-07-08,P0009,1276.9,1092.9,546.4
2023-07-09,P0009,1276.9,1092.9,546.4
2023-07-10,P0009,1177.9,1092.9,546.4
2023-07-11,P0009,1177.9,1092.9,546.4
2023-07-12,P0009,1140.9,1092.9,546.4
2023-07-13,P0009,1035.9,1092.9,546.4
2023-07-14,P0009,948.9,1092.9,546.4
2023-07-15,P0009,948.9,1092.9,546.4
2023-07-16,P0009,948.9,1092.9,546.4
2023-07-17,P0009,874.9,1092.9,546.4
2023-07-18,P0009,753.9,1092.9,546.4
2023-07-19,P0009,753.9,1092.9,546.4
2023-07-20,P0009,700.9,1092.9,546.4
2023-07-21,P0009,636.9,1092.9,546.4
2023-07-22,P0009,636.9,1092.9,546.4
2023-07-23,P0009,636.9,1092.9,546.4
2023-07-24,P0009,607.9,1092.9,546.4
2023-07-25,P0009,556.9,1092.9,546.4
2023-07-26,P0009,545.9,1092.9,546.4
2023-07-27,P0009,455.9,1092.9,546.4
2023-07-28,P0009,447.9,1092.9,546.4
2023-07-29,P0009,434.9,1092.9,546.4
2023-07-30,P0009,415.9,1092.9,546.4
2023-07-31,P0009,343.9,1092.9,546.4
2023-08-01,P0009,297.9,1092.9,546.4
2023-08-02,P0009,1665.9,1092.9,546.4
2023-08-03,P0009,1588.9,1092.9,546.4
2023-08-04,P0009,1582.9,1092.9,546.4
2023-08-05,P0009,1514.9,1092.9,546.4
2023-08-06,P0009,1514.9,1092.9,546.4
2023-08-07,P0009,1471.9,1092.9,546.4
2023-08-08,P0009,1471.9,1092.9,546.4
2023-08-09,P0009,1471.9,1092.9,546.4
2023-08-10,P0009,1459.9,1092.9,546.4
2023-08-11,P0009,1404.9,1092.9,546.4
2023-08-12,P0009,1355.9,1092.9,546.4
2023-08-13,P0009,1290.9,1092.9,546.4
2023-08-14,P0009,1194.9,1092.9,546.4
2023-08-15,P0009,995.9,1092.9,546.4
2023-08-16,P0009,868.9,1092.9,546.4
2023-08-17,P0009,756.9,1092.9,546.4
2023-08-18,P0009,714.9,1092.9,546.4
2023-08-19,P0009,642.9,1092.9,546.4
2023-08-20,P0009,583.9,1092.9,546.4
2023-08-21,P0009,566.9,1092.9,546.4
2023-08-22,P0009,512.9,1092.9,546.4
2023-08-23,P0009,458.9,1092.9,546.4
2023-08-24,P0009,448.9,1092.9,546.4
2023-08-25,P0009,395.9,1092.9,546.4
2023-08-26,P0009,395.9,1092.9,546.4
2023-08-27,P0009,360.9,1092.9,546.4
2023-08-28,P0009,232.9,1092.9,546.4
2023-08-29,P0009,232.9,1092.9,546.4
2023-08-30,P0009,232.9,1092.9,546.4
2023-08-31,P0009,45.9,1092.9,546.4
2023-09-01,P0009,0.0,1092.9,546.4
2023-09-02,P0009,0.0,1092.9,546.4
2023-09-03,P0009,0.0,1092.9,546.4
2023-09-04,P0009,1408.0,1092.9,546.4
2023-09-05,P0009,1339.0,1092.9,546.4
2023-09-06,P0009,1321.0,1092.9,546.4
2023-09-07,P0009,1172.0,1092.9,546.4
2023-09-08,P0009,1158.0,1092.9,546.4
2023-09-09,P0009,1147.0,1092.9,546.4
2023-09-10,P0009,1147.0,1092.9,546.4
2023-09-11,P0009,1060.0,1092.9,546.4
2023-09-12,P0009,1042.0,1092.9,546.4
2023-09-13,P0009,1004.0,1092.9,546.4
2023-09-14,P0009,944.0,1092.9,546.4
2023-09-15,P0009,904.0,1092.9,546.4
2023-09-16,P0009,904.0,1092.9,546.4
2023-09-17,P0009,904.0,1092.9,546.4
2023-09-18,P0009,788.0,1092.9,546.4
2023-09-19,P0009,768.0,1092.9,546.4
2023-09-20,P0009,730.0,1092.9,546.4
2023-09-21,P0009,647.0,1092.9,546.4
2023-09-22,P0009,507.0,1092.9,546.4
2023-09-23,P0009,464.0,1092.9,546.4
2023-09-24,P0009,369.0,1092.9,546.4
2023-09-25,P0009,316.0,1092.9,546.4
2023-09-26,P0009,205.0,1092.9,546.4
2023-09-27,P0009,61.0,1092.9,546.4
2023-09-28,P0009,0.0,1092.9,546.4
2023-09-29,P0009,0.0,1092.9,546.4
2023-09-30,P0009,0.0,1092.9,546.4
2023-10-01,P0009,1398.9,1092.9,546.4
2023-10-02,P0009,1333.9,1092.9,546.4
2023-10-03,P0009,1267.9,1092.9,546.4
2023-10-04,P0009,1201.9,1092.9,546.4
2023-10-05,P0009,1201.9,1092.9,546.4
2023-10-06,P0009,1201.9,1092.9,546.4
2023-10-07,P0009,1164.9,1092.9,546.4
2023-10-08,P0009,1123.9,1092.9,546.4
2023-10-09,P0009,1047.9,1092.9,546.4
2023-10-10,P0009,945.9,1092.9,546.4
2023-10-11,P0009,907.9,1092.9,546.4
2023-10-12,P0009,907.9,1092.9,546.4
2023-10-13,P0009,889.9,1092.9,546.4
2023-10-14,P0009,889.9,1092.9,546.4
2023-10-15,P0009,889.9,1092.9,546.4
2023-10-16,P0009,793.9,1092.9,546.4
2023-10-17,P0009,771.9,1092.9,546.4
2023-10-18,P0009,717.9,1092.9,546.4
2023-10-19,P0009,632.9,1092.9,546.4
2023-10-20,P0009,587.9,1092.9,546.4
2023-10-21,P0009,546.9,1092.9,546.4
2023-10-22,P0009,546.9,1092.9,546.4
2023-10-23,P0009,446.9,1092.9,546.4
2023-10-24,P0009,395.9,1092.9,546.4
2023-10-25,P0009,310.9,1092.9,546.4
2023-10-26,P0009,135.9,1092.9,546.4
2023-10-27,P0009,0.0,1092.9,546.4
2023-10-28,P0009,0.0,1092.9,546.4
2023-10-29,P0009,1411.0,1092.9,546.4
2023-10-30,P0009,1274.0,1092.9,546.4
2023-10-31,P0009,1238.0,1092.9,546.4
2023-11-01,P0009,1238.0,1092.9,546.4
2023-11-02,P0009,1179.0,1092.9,546.4
2023-11-03,P0009,1093.0,1092.9,546.4
2023-11-04,P0009,1014.0,1092.9,546.4
2023-11-05,P0009,1014.0,1092.9,546.4
2023-11-06,P0009,918.0,1092.9,546.4
2023-11-07,P0009,801.0,1092.9,546.4
2023-11-08,P0009,772.0,1092.9,546.4
2023-11-09,P0009,656.0,1092.9,546.4
2023-11-10,P0009,565.0,1092.9,546.4
2023-11-11,P0009,491.0,1092.9,546.4
2023-11-12,P0009,452.0,1092.9,546.4
2023-11-13,P0009,413.0,1092.9,546.4
2023-11-14,P0009,375.0,1092.9,546.4
2023-11-15,P0009,332.0,1092.9,546.4
2023-11-16,P0009,274.0,1092.9,546.4
2023-11-17,P0009,176.0,1092.9,546.4
2023-11-18,P0009,176.0,1092.9,546.4
2023-11-19,P0009,176.0,1092.9,546.4
2023-11-20,P0009,120.0,1092.9,546.4
2023-11-21,P0009,30.0,1092.9,546.4
2023-11-22,P0009,0.0,1092.9,546.4
2023-11-23,P0009,0.0,1092.9,546.4
2023-11-24,P0009,1422.9,1092.9,546.4
2023-11-25,P0009,1394.9,1092.9,546.4
2023-11-26,P0009,1351.9,1092.9,546.4
2023-11-27,P0009,1314.9,1092.9,546.4
2023-11-28,P0009,1197.9,1092.9,546.4
2023-11-29,P0009,1132.9,1092.9,546.4
2023-11-30,P0009,1039.9,1092.9,546.4
2023-12-01,P0009,992.9,1092.9,546.4
2023-12-02,P0009,903.9,1092.9,546.4
2023-12-03,P0009,869.9,1092.9,546.4
2023-12-04,P0009,815.9,1092.9,546.4
2023-12-05,P0009,673.9,1092.9,546.4
2023-12-06,P0009,642.9,1092.9,546.4
2023-12-07,P0009,584.9,1092.9,546.4
2023-12-08,P0009,468.9,1092.9,546.4
2023-12-09,P0009,459.9,1092.9,546.4
2023-12-10,P0009,459.9,1092.9,546.4
2023-12-11,P0009,452.9,1092.9,546.4
2023-12-12,P0009,353.9,1092.9,546.4
2023-12-13,P0009,353.9,1092.9,546.4
2023-12-14,P0009,229.9,1092.9,546.4
2023-12-15,P0009,163.9,1092.9,546.4
2023-12-16,P0009,122.9,1092.9,546.4
2023-12-17,P0009,72.9,1092.9,546.4
2023-12-18,P0009,54.9,1092.9,546.4
2023-12-19,P0009,16.9,1092.9,546.4
2023-12-20,P0009,1376.9,1092.9,546.4
2023-12-21,P0009,1294.9,1092.9,546.4
2023-12-22,P0009,1263.9,1092.9,546.4
2023-12-23,P0009,1168.9,1092.9,546.4
2023-12-24,P0009,1168.9,1092.9,546.4
2023-12-25,P0009,1135.9,1092.9,546.4
2023-12-26,P0009,1065.9,1092.9,546.4
2023-12-27,P0009,942.9,1092.9,546.4
2023-12-28,P0009,820.9,1092.9,546.4
2023-12-29,P0009,797.9,1092.9,546.4
2023-12-30,P0009,762.9,1092.9,546.4
2023-12-31,P0009,745.9,1092.9,546.4
2024-01-01,P0009,740.9,1092.9,546.4
2024-01-02,P0009,550.9,1092.9,546.4
2024-01-03,P0009,470.9,1092.9,546.4
2024-01-04,P0009,439.9,1092.9,546.4
2024-01-05,P0009,394.9,1092.9,546.4
2024-01-06,P0009,339.9,1092.9,546.4
2024-01-07,P0009,261.9,1092.9,546.4
2024-01-08,P0009,212.9,1092.9,546.4
2024-01-09,P0009,196.9,1092.9,546.4
2024-01-10,P0009,162.9,1092.9,546.4
2024-01-11,P0009,61.9,1092.9,546.4
2024-01-12,P0009,0.0,1092.9,546.4
2024-01-13,P0009,0.0,1092.9,546.4
2024-01-14,P0009,0.0,1092.9,546.4
2024-01-15,P0009,1374.0,1092.9,546.4
2024-01-16,P0009,1307.0,1092.9,546.4
2024-01-17,P0009,1284.0,1092.9,546.4
2024-01-18,P0009,1272.0,1092.9,546.4
2024-01-19,P0009,1173.0,1092.9,546.4
2024-01-20,P0009,1173.0,1092.9,546.4
2024-01-21,P0009,1074.0,1092.9,546.4
2024-01-22,P0009,960.0,1092.9,546.4
2024-01-23,P0009,960.0,1092.9,546.4
2024-01-24,P0009,960.0,1092.9,546.4
2024-01-25,P0009,916.0,1092.9,546.4
2024-01-26,P0009,877.0,1092.9,546.4
2024-01-27,P0009,877.0,1092.9,546.4
2024-01-28,P0009,831.0,1092.9,546.4
2024-01-29,P0009,823.0,1092.9,546.4
2024-01-30,P0009,776.0,1092.9,546.4
2024-01-31,P0009,738.0,1092.9,546.4
2024-02-01,P0009,698.0,1092.9,546.4
2024-02-02,P0009,667.0,1092.9,546.4
2024-02-03,P0009,579.0,1092.9,546.4
2024-02-04,P0009,579.0,1092.9,546.4
2024-02-05,P0009,473.0,1092.9,546.4
2024-02-06,P0009,322.0,1092.9,546.4
2024-02-07,P0009,223.0,1092.9,546.4
2024-02-08,P0009,108.0,1092.9,546.4
2024-02-09,P0009,51.0,1092.9,546.4
2024-02-10,P0009,1352.9,1092.9,546.4
2024-02-11,P0009,1352.9,1092.9,546.4
2024-02-12,P0009,1281.9,1092.9,546.4
2024-02-13,P0009,1281.9,1092.9,546.4
2024-02-14,P0009,1257.9,1092.9,546.4
2024-02-15,P0009,1257.9,1092.9,546.4
2024-02-16,P0009,1085.9,1092.9,546.4
2024-02-17,P0009,1085.9,1092.9,546.4
2024-02-18,P0009,1043.9,1092.9,546.4
2024-02-19,P0009,937.9,1092.9,546.4
2024-02-20,P0009,915.9,1092.9,546.4
2024-02-21,P0009,838.9,1092.9,546.4
2024-02-22,P0009,838.9,1092.9,546.4
2024-02-23,P0009,806.9,1092.9,546.4
2024-02-24,P0009,806.9,1092.9,546.4
2024-02-25,P0009,782.9,1092.9,546.4
2024-02-26,P0009,721.9,1092.9,546.4
2024-02-27,P0009,685.9,1092.9,546.4
2024-02-28,P0009,601.9,1092.9,546.4
2024-02-29,P0009,494.9,1092.9,546.4
2024-03-01,P0009,431.9,1092.9,546.4
2024-03-02,P0009,389.9,1092.9,546.4
2024-03-03,P0009,293.9,1092.9,546.4
2024-03-04,P0009,215.9,1092.9,546.4
2024-03-05,P0009,185.9,1092.9,546.4
2024-03-06,P0009,115.9,1092.9,546.4
2024-03-07,P0009,1425.9,1092.9,546.4
2024-03-08,P0009,1327.9,1092.9,546.4
2024-03-09,P0009,1327.9,1092.9,546.4
2024-03-10,P0009,1327.9,1092.9,546.4
2024-03-11,P0009,1220.9,1092.9,546.4
2024-03-12,P0009,1191.9,1092.9,546.4
2024-03-13,P0009,1110.9,1092.9,546.4
2024-03-14,P0009,1015.9,1092.9,546.4
2024-03-15,P0009,999.9,1092.9,546.4
2024-03-16,P0009,999.9,1092.9,546.4
2024-03-17,P0009,989.9,1092.9,546.4
2024-03-18,P0009,874.9,1092.9,546.4
2024-03-19,P0009,862.9,1092.9,546.4
2024-03-20,P0009,702.9,1092.9,546.4
2024-03-21,P0009,656.9,1092.9,546.4
2024-03-22,P0009,559.9,1092.9,546.4
2024-03-23,P0009,559.9,1092.9,546.4
2024-03-24,P0009,505.9,1092.9,546.4
2024-03-25,P0009,497.9,1092.9,546.4
2024-03-26,P0009,384.9,1092.9,546.4
2024-03-27,P0009,327.9,1092.9,546.4
2024-03-28,P0009,281.9,1092.9,546.4
2024-03-29,P0009,182.9,1092.9,546.4
2024-03-30,P0009,156.9,1092.9,546.4
2024-03-31,P0009,47.9,1092.9,546.4
2024-04-01,P0009,0.9,1092.9,546.4
2024-04-02,P0009,0.0,1092.9,546.4
2024-04-03,P0009,1370.0,1092.9,546.4
2024-04-04,P0009,1346.0,1092.9,546.4
2024-04-05,P0009,1320.0,1092.9,546.4
2024-04-06,P0009,1309.0,1092.9,546.4
2024-04-07,P0009,1217.0,1092.9,546.4
2024-04-08,P0009,1151.0,1092.9,546.4
2024-04-09,P0009,1036.0,1092.9,546.4
2024-04-10,P0009,934.0,1092.9,546.4
2024-04-11,P0009,874.0,1092.9,546.4
2024-04-12,P0009,769.0,1092.9,546.4
2024-04-13,P0009,714.0,1092.9,546.4
2024-04-14,P0009,676.0,1092.9,546.4
2024-04-15,P0009,652.0,1092.9,546.4
2024-04-16,P0009,564.0,1092.9,546.4
2024-04-17,P0009,564.0,1092.9,546.4
2024-04-18,P0009,547.0,1092.9,546.4
2024-04-19,P0009,495.0,1092.9,546.4
2024-04-20,P0009,495.0,1092.9,546.4
2024-04-21,P0009,465.0,1092.9,546.4
2024-04-22,P0009,408.0,1092.9,546.4
2024-04-23,P0009,321.0,1092.9,546.4
2024-04-24,P0009,202.0,1092.9,546.4
2024-04-25,P0009,163.0,1092.9,546.4
2024-04-26,P0009,163.0,1092.9,546.4
2024-04-27,P0009,124.0,1092.9,546.4
2024-04-28,P0009,124.0,1092.9,546.4
2024-04-29,P0009,1434.9,1092.9,546.4
2024-04-30,P0009,1377.9,1092.9,546.4
2024-05-01,P0009,1362.9,1092.9,546.4
2024-05-02,P0009,1340.9,1092.9,546.4
2024-05-03,P0009,1296.9,1092.9,546.4
2024-05-04,P0009,1215.9,1092.9,546.4
2024-05-05,P0009,1215.9,1092.9,546.4
2024-05-06,P0009,1001.9,1092.9,546.4
2024-05-07,P0009,900.9,1092.9,546.4
2024-05-08,P0009,890.9,1092.9,546.4
2024-05-09,P0009,833.9,1092.9,546.4
2024-05-10,P0009,756.9,1092.9,546.4
2024-05-11,P0009,718.9,1092.9,546.4
2024-05-12,P0009,718.9,1092.9,546.4
2024-05-13,P0009,591.9,1092.9,546.4
2024-05-14,P0009,570.9,1092.9,546.4
2024-05-15,P0009,537.9,1092.9,546.4
2024-05-16,P0009,525.9,1092.9,546.4
2024-05-17,P0009,525.9,1092.9,546.4
2024-05-18,P0009,513.9,1092.9,546.4
2024-05-19,P0009,513.9,1092.9,546.4
2024-05-20,P0009,436.9,1092.9,546.4
2024-05-21,P0009,366.9,1092.9,546.4
2024-05-22,P0009,305.9,1092.9,546.4
2024-05-23,P0009,250.9,1092.9,546.4
2024-05-24,P0009,200.9,1092.9,546.4
2024-05-25,P0009,183.9,1092.9,546.4
2024-05-26,P0009,1640.9,1092.9,546.4
2024-05-27,P0009,1571.9,1092.9,546.4
2024-05-28,P0009,1440.9,1092.9,546.4
2024-05-29,P0009,1344.9,1092.9,546.4
2024-05-30,P0009,1312.9,1092.9,546.4
2024-05-31,P0009,1236.9,1092.9,546.4
2024-06-01,P0009,1236.9,1092.9,546.4
2024-06-02,P0009,1125.9,1092.9,546.4
2024-06-03,P0009,1078.9,1092.9,546.4
2024-06-04,P0009,1030.9,1092.9,546.4
2024-06-05,P0009,1030.9,1092.9,546.4
2024-06-06,P0009,981.9,1092.9,546.4
2024-06-07,P0009,900.9,1092.9,546.4
2024-06-08,P0009,884.9,1092.9,546.4
2024-06-09,P0009,884.9,1092.9,546.4
2024-06-10,P0009,777.9,1092.9,546.4
2024-06-11,P0009,691.9,1092.9,546.4
2024-06-12,P0009,601.9,1092.9,546.4
2024-06-13,P0009,601.9,1092.9,546.4
2024-06-14,P0009,499.9,1092.9,546.4
2024-06-15,P0009,422.9,1092.9,546.4
2024-06-16,P0009,422.9,1092.9,546.4
2024-06-17,P0009,422.9,1092.9,546.4
2024-06-18,P0009,328.9,1092.9,546.4
2024-06-19,P0009,308.9,1092.9,546.4
2024-06-20,P0009,256.9,1092.9,546.4
2024-06-21,P0009,249.9,1092.9,546.4
2024-06-22,P0009,201.9,1092.9,546.4
2024-06-23,P0009,1549.9,1092.9,546.4
2024-06-24,P0009,1372.9,1092.9,546.4
2024-06-25,P0009,1372.9,1092.9,546.4
2024-06-26,P0009,1314.9,1092.9,546.4
2024-06-27,P0009,1263.9,1092.9,546.4
2024-06-28,P0009,1204.9,1092.9,546.4
2024-06-29,P0009,1204.9,1092.9,546.4
2024-06-30,P0009,1188.9,1092.9,546.4
2024-07-01,P0009,1169.9,1092.9,546.4
2024-07-02,P0009,1087.9,1092.9,546.4
2024-07-03,P0009,1002.9,1092.9,546.4
2024-07-04,P0009,954.9,1092.9,546.4
2024-07-05,P0009,933.9,1092.9,546.4
2024-07-06,P0009,788.9,1092.9,546.4
2024-07-07,P0009,748.9,1092.9,546.4
2024-07-08,P0009,699.9,1092.9,546.4
2024-07-09,P0009,587.9,1092.9,546.4
2024-07-10,P0009,539.9,1092.9,546.4
2024-07-11,P0009,385.9,1092.9,546.4
2024-07-12,P0009,273.9,1092.9,546.4
2024-07-13,P0009,255.9,1092.9,546.4
2024-07-14,P0009,226.9,1092.9,546.4
2024-07-15,P0009,208.9,1092.9,546.4
2024-07-16,P0009,202.9,1092.9,546.4
2024-07-17,P0009,64.9,1092.9,546.4
2024-07-18,P0009,0.0,1092.9,546.4
2024-07-19,P0009,0.0,1092.9,546.4
2024-07-20,P0009,0.0,1092.9,546.4
2024-07-21,P0009,0.0,1092.9,546.4
2024-07-22,P0009,1249.0,1092.9,546.4
2024-07-23,P0009,1090.0,1092.9,546.4
2024-07-24,P0009,1015.0,1092.9,546.4
2024-07-25,P0009,786.0,1092.9,546.4
2024-07-26,P0009,657.0,1092.9,546.4
2024-07-27,P0009,599.0,1092.9,546.4
2024-07-28,P0009,563.0,1092.9,546.4
2024-07-29,P0009,479.0,1092.9,546.4
2024-07-30,P0009,434.0,1092.9,546.4
2024-07-31,P0009,386.0,1092.9,546.4
2024-08-01,P0009,282.0,1092.9,546.4
2024-08-02,P0009,213.0,1092.9,546.4
2024-08-03,P0009,150.0,1092.9,546.4
2024-08-04,P0009,75.0,1092.9,546.4
2024-08-05,P0009,69.0,1092.9,546.4
2024-08-06,P0009,69.0,1092.9,546.4
2024-08-07,P0009,4.0,1092.9,546.4
2024-08-08,P0009,0.0,1092.9,546.4
2024-08-09,P0009,0.0,1092.9,546.4
2024-08-10,P0009,0.0,1092.9,546.4
2024-08-11,P0009,0.0,1092.9,546.4
2024-08-12,P0009,1322.9,1092.9,546.4
2024-08-13,P0009,1315.9,1092.9,546.4
2024-08-14,P0009,1240.9,1092.9,546.4
2024-08-15,P0009,1154.9,1092.9,546.4
2024-08-16,P0009,989.9,1092.9,546.4
2024-08-17,P0009,989.9,1092.9,546.4
2024-08-18,P0009,949.9,1092.9,546.4
2024-08-19,P0009,854.9,1092.9,546.4
2024-08-20,P0009,789.9,1092.9,546.4
2024-08-21,P0009,700.9,1092.9,546.4
2024-08-22,P0009,604.9,1092.9,546.4
2024-08-23,P0009,591.9,1092.9,546.4
2024-08-24,P0009,555.9,1092.9,546.4
2024-08-25,P0009,484.9,1092.9,546.4
2024-08-26,P0009,415.9,1092.9,546.4
2024-08-27,P0009,387.9,1092.9,546.4
2024-08-28,P0009,275.9,1092.9,546.4
2024-08-29,P0009,96.9,1092.9,546.4
2024-08-30,P0009,0.0,1092.9,546.4
2024-08-31,P0009,0.0,1092.9,546.4
2024-09-01,P0009,0.0,1092.9,546.4
2024-09-02,P0009,0.0,1092.9,546.4
2024-09-03,P0009,0.0,1092.9,546.4
2024-09-04,P0009,0.0,1092.9,546.4
2024-09-05,P0009,1401.0,1092.9,546.4
2024-09-06,P0009,1313.0,1092.9,546.4
2024-09-07,P0009,1313.0,1092.9,546.4
2024-09-08,P0009,1249.0,1092.9,546.4
2024-09-09,P0009,1094.0,1092.9,546.4
2024-09-10,P0009,993.0,1092.9,546.4
2024-09-11,P0009,993.0,1092.9,546.4
2024-09-12,P0009,993.0,1092.9,546.4
2024-09-13,P0009,944.0,1092.9,546.4
2024-09-14,P0009,886.0,1092.9,546.4
2024-09-15,P0009,886.0,1092.9,546.4
2024-09-16,P0009,827.0,1092.9,546.4
2024-09-17,P0009,827.0,1092.9,546.4
2024-09-18,P0009,827.0,1092.9,546.4
2024-09-19,P0009,792.0,1092.9,546.4
2024-09-20,P0009,792.0,1092.9,546.4
2024-09-21,P0009,746.0,1092.9,546.4
2024-09-22,P0009,721.0,1092.9,546.4
2024-09-23,P0009,675.0,1092.9,546.4
2024-09-24,P0009,675.0,1092.9,546.4
2024-09-25,P0009,576.0,1092.9,546.4
2024-09-26,P0009,570.0,1092.9,546.4
2024-09-27,P0009,521.0,1092.9,546.4
2024-09-28,P0009,491.0,1092.9,546.4
2024-09-29,P0009,491.0,1092.9,546.4
2024-09-30,P0009,1865.9,1092.9,546.4
2024-10-01,P0009,1814.9,1092.9,546.4
2024-10-02,P0009,1680.9,1092.9,546.4
2024-10-03,P0009,1574.9,1092.9,546.4
2024-10-04,P0009,1574.9,1092.9,546.4
2024-10-05,P0009,1574.9,1092.9,546.4
2024-10-06,P0009,1574.9,1092.9,546.4
2024-10-07,P0009,1528.9,1092.9,546.4
2024-10-08,P0009,1473.9,1092.9,546.4
2024-10-09,P0009,1433.9,1092.9,546.4
2024-10-10,P0009,1378.9,1092.9,546.4
2024-10-11,P0009,1348.9,1092.9,546.4
2024-10-12,P0009,1348.9,1092.9,546.4
2024-10-13,P0009,1305.9,1092.9,546.4
2024-10-14,P0009,1144.9,1092.9,546.4
2024-10-15,P0009,1037.9,1092.9,546.4
2024-10-16,P0009,983.9,1092.9,546.4
2024-10-17,P0009,920.9,1092.9,546.4
2024-10-18,P0009,894.9,1092.9,546.4
2024-10-19,P0009,854.9,1092.9,546.4
2024-10-20,P0009,854.9,1092.9,546.4
2024-10-21,P0009,766.9,1092.9,546.4
2024-10-22,P0009,681.9,1092.9,546.4
2024-10-23,P0009,577.9,1092.9,546.4
2024-10-24,P0009,482.9,1092.9,546.4
2024-10-25,P0009,448.9,1092.9,546.4
2024-10-26,P0009,438.9,1092.9,546.4
2024-10-27,P0009,438.9,1092.9,546.4
2024-10-28,P0009,331.9,1092.9,546.4
2024-10-29,P0009,250.9,1092.9,546.4
2024-10-30,P0009,180.9,1092.9,546.4
2024-10-31,P0009,97.9,1092.9,546.4
2024-11-01,P0009,0.0,1092.9,546.4
2024-11-02,P0009,0.0,1092.9,546.4
2024-11-03,P0009,0.0,1092.9,546.4
2024-11-04,P0009,1391.0,1092.9,546.4
2024-11-05,P0009,1272.0,1092.9,546.4
2024-11-06,P0009,1233.0,1092.9,546.4
2024-11-07,P0009,1157.0,1092.9,546.4
2024-11-08,P0009,1090.0,1092.9,546.4
2024-11-09,P0009,1052.0,1092.9,546.4
2024-11-10,P0009,1045.0,1092.9,546.4
2024-11-11,P0009,1009.0,1092.9,546.4
2024-11-12,P0009,957.0,1092.9,546.4
2024-11-13,P0009,759.0,1092.9,546.4
2024-11-14,P0009,658.0,1092.9,546.4
2024-11-15,P0009,583.0,1092.9,546.4
2024-11-16,P0009,583.0,1092.9,546.4
2024-11-17,P0009,552.0,1092.9,546.4
2024-11-18,P0009,453.0,1092.9,546.4
2024-11-19,P0009,399.0,1092.9,546.4
2024-11-20,P0009,266.0,1092.9,546.4
2024-11-21,P0009,224.0,1092.9,546.4
2024-11-22,P0009,125.0,1092.9,546.4
2024-11-23,P0009,94.0,1092.9,546.4
2024-11-24,P0009,33.0,1092.9,546.4
2024-11-25,P0009,0.0,1092.9,546.4
2024-11-26,P0009,0.0,1092.9,546.4
2024-11-27,P0009,0.0,1092.9,546.4
2024-11-28,P0009,1274.9,1092.9,546.4
2024-11-29,P0009,1180.9,1092.9,546.4
2024-11-30,P0009,1180.9,1092.9,546.4
2024-12-01,P0009,1136.9,1092.9,546.4
2024-12-02,P0009,1053.9,1092.9,546.4
2024-12-03,P0009,962.9,1092.9,546.4
2024-12-04,P0009,834.9,1092.9,546.4
2024-12-05,P0009,747.9,1092.9,546.4
2024-12-06,P0009,704.9,1092.9,546.4
2024-12-07,P0009,647.9,1092.9,546.4
2024-12-08,P0009,626.9,1092.9,546.4
2024-12-09,P0009,607.9,1092.9,546.4
2024-12-10,P0009,558.9,1092.9,546.4
2024-12-11,P0009,459.9,1092.9,546.4
2024-12-12,P0009,448.9,1092.9,546.4
2024-12-13,P0009,370.9,1092.9,546.4
2024-12-14,P0009,370.9,1092.9,546.4
2024-12-15,P0009,333.9,1092.9,546.4
2024-12-16,P0009,252.9,1092.9,546.4
2024-12-17,P0009,196.9,1092.9,546.4
2024-12-18,P0009,196.9,1092.9,546.4
2024-12-19,P0009,126.9,1092.9,546.4
2024-12-20,P0009,49.9,1092.9,546.4
2024-12-21,P0009,0.0,1092.9,546.4
2024-12-22,P0009,1384.0,1092.9,546.4
2024-12-23,P0009,1285.0,1092.9,546.4
2024-12-24,P0009,1249.0,1092.9,546.4
2024-12-25,P0009,1199.0,1092.9,546.4
2024-12-26,P0009,1129.0,1092.9,546.4
2024-12-27,P0009,1105.0,1092.9,546.4
2024-12-28,P0009,1076.0,1092.9,546.4
2024-12-29,P0009,1053.0,1092.9,546.4
2024-12-30,P0009,918.0,1092.9,546.4
2024-12-31,P0009,811.0,1092.9,546.4
2025-01-01,P0009,811.0,1092.9,546.4
2025-01-02,P0009,673.0,1092.9,546.4
2025-01-03,P0009,604.0,1092.9,546.4
2025-01-04,P0009,555.0,1092.9,546.4
2025-01-05,P0009,542.0,1092.9,546.4
2025-01-06,P0009,502.0,1092.9,546.4
2025-01-07,P0009,389.0,1092.9,546.4
2025-01-08,P0009,314.0,1092.9,546.4
2025-01-09,P0009,227.0,1092.9,546.4
2025-01-10,P0009,185.0,1092.9,546.4
2025-01-11,P0009,185.0,1092.9,546.4
2025-01-12,P0009,171.0,1092.9,546.4
2025-01-13,P0009,3.0,1092.9,546.4
2025-01-14,P0009,0.0,1092.9,546.4
2025-01-15,P0009,0.0,1092.9,546.4
2025-01-16,P0009,0.0,1092.9,546.4
2025-01-17,P0009,1382.9,1092.9,546.4
2025-01-18,P0009,1382.9,1092.9,546.4
2025-01-19,P0009,1382.9,1092.9,546.4
2025-01-20,P0009,1329.9,1092.9,546.4
2025-01-21,P0009,1329.9,1092.9,546.4
2025-01-22,P0009,1288.9,1092.9,546.4
2025-01-23,P0009,1288.9,1092.9,546.4
2025-01-24,P0009,1275.9,1092.9,546.4
2025-01-25,P0009,1275.9,1092.9,546.4
2025-01-26,P0009,1275.9,1092.9,546.4
2025-01-27,P0009,1204.9,1092.9,546.4
2025-01-28,P0009,1204.9,1092.9,546.4
2025-01-29,P0009,1123.9,1092.9,546.4
2025-01-30,P0009,1086.9,1092.9,546.4
2025-01-31,P0009,1086.9,1092.9,546.4
2025-02-01,P0009,1086.9,1092.9,546.4
2025-02-02,P0009,1056.9,1092.9,546.4
2025-02-03,P0009,1025.9,1092.9,546.4
2025-02-04,P0009,995.9,1092.9,546.4
2025-02-05,P0009,946.9,1092.9,546.4
2025-02-06,P0009,946.9,1092.9,546.4
2025-02-07,P0009,946.9,1092.9,546.4
2025-02-08,P0009,946.9,1092.9,546.4
2025-02-09,P0009,946.9,1092.9,546.4
2025-02-10,P0009,896.9,1092.9,546.4
2025-02-11,P0009,853.9,1092.9,546.4
2025-02-12,P0009,804.9,1092.9,546.4
2025-02-13,P0009,783.9,1092.9,546.4
2025-02-14,P0009,736.9,1092.9,546.4
2025-02-15,P0009,702.9,1092.9,546.4
2025-02-16,P0009,702.9,1092.9,546.4
2025-02-17,P0009,702.9,1092.9,546.4
2025-02-18,P0009,643.9,1092.9,546.4
2025-02-19,P0009,1963.9,1092.9,546.4
2025-02-20,P0009,1853.9,1092.9,546.4
2025-02-21,P0009,1798.9,1092.9,546.4
2025-02-22,P0009,1767.9,1092.9,546.4
2025-02-23,P0009,1737.9,1092.9,546.4
2025-02-24,P0009,1683.9,1092.9,546.4
2025-02-25,P0009,1559.9,1092.9,546.4
2025-02-26,P0009,1516.9,1092.9,546.4
2025-02-27,P0009,1497.9,1092.9,546.4
2025-02-28,P0009,1346.9,1092.9,546.4
2025-03-01,P0009,1318.9,1092.9,546.4
2025-03-02,P0009,1318.9,1092.9,546.4
2025-03-03,P0009,1262.9,1092.9,546.4
2025-03-04,P0009,1257.9,1092.9,546.4
2025-03-05,P0009,1257.9,1092.9,546.4
2025-03-06,P0009,1219.9,1092.9,546.4
2025-03-07,P0009,1193.9,1092.9,546.4
2025-03-08,P0009,1184.9,1092.9,546.4
2025-03-09,P0009,1184.9,1092.9,546.4
2025-03-10,P0009,1113.9,1092.9,546.4
2025-03-11,P0009,997.9,1092.9,546.4
2025-03-12,P0009,862.9,1092.9,546.4
2025-03-13,P0009,801.9,1092.9,546.4
2025-03-14,P0009,778.9,1092.9,546.4
2025-03-15,P0009,778.9,1092.9,546.4
2025-03-16,P0009,700.9,1092.9,546.4
2025-03-17,P0009,505.9,1092.9,546.4
2025-03-18,P0009,427.9,1092.9,546.4
2025-03-19,P0009,362.9,1092.9,546.4
2025-03-20,P0009,332.9,1092.9,546.4
2025-03-21,P0009,86.9,1092.9,546.4
2025-03-22,P0009,86.9,1092.9,546.4
2025-03-23,P0009,66.9,1092.9,546.4
2025-03-24,P0009,66.9,1092.9,546.4
2025-03-25,P0009,0.0,1092.9,546.4
2025-03-26,P0009,0.0,1092.9,546.4
2025-03-27,P0009,0.0,1092.9,546.4
2025-03-28,P0009,0.0,1092.9,546.4
2025-03-29,P0009,0.0,1092.9,546.4
2025-03-30,P0009,0.0,1092.9,546.4
2025-03-31,P0009,1381.0,1092.9,546.4
2025-04-01,P0009,1215.0,1092.9,546.4
2025-04-02,P0009,1215.0,1092.9,546.4
2025-04-03,P0009,1184.0,1092.9,546.4
2025-04-04,P0009,1051.0,1092.9,546.4
2025-04-05,P0009,1039.0,1092.9,546.4
2025-04-06,P0009,1011.0,1092.9,546.4
2025-04-07,P0009,952.0,1092.9,546.4
2025-04-08,P0009,882.0,1092.9,546.4
2025-04-09,P0009,844.0,1092.9,546.4
2025-04-10,P0009,844.0,1092.9,546.4
2025-04-11,P0009,785.0,1092.9,546.4
2025-04-12,P0009,785.0,1092.9,546.4
2025-04-13,P0009,778.0,1092.9,546.4
2025-04-14,P0009,709.0,1092.9,546.4
2025-04-15,P0009,709.0,1092.9,546.4
2025-04-16,P0009,601.0,1092.9,546.4
2025-04-17,P0009,479.0,1092.9,546.4
2025-04-18,P0009,444.0,1092.9,546.4
2025-04-19,P0009,444.0,1092.9,546.4
2025-04-20,P0009,335.0,1092.9,546.4
2025-04-21,P0009,241.0,1092.9,546.4
2025-04-22,P0009,82.0,1092.9,546.4
2025-04-23,P0009,33.0,1092.9,546.4
2025-04-24,P0009,1410.9,1092.9,546.4
2025-04-25,P0009,1340.9,1092.9,546.4
2025-04-26,P0009,1323.9,1092.9,546.4
2025-04-27,P0009,1197.9,1092.9,546.4
2025-04-28,P0009,1197.9,1092.9,546.4
2025-04-29,P0009,1101.9,1092.9,546.4
2025-04-30,P0009,953.9,1092.9,546.4
2025-05-01,P0009,916.9,1092.9,546.4
2025-05-02,P0009,825.9,1092.9,546.4
2025-05-03,P0009,782.9,1092.9,546.4
2025-05-04,P0009,749.9,1092.9,546.4
2025-05-05,P0009,682.9,1092.9,546.4
2025-05-06,P0009,596.9,1092.9,546.4
2025-05-07,P0009,402.9,1092.9,546.4
2025-05-08,P0009,387.9,1092.9,546.4
2025-05-09,P0009,250.9,1092.9,546.4
2025-05-10,P0009,250.9,1092.9,546.4
2025-05-11,P0009,206.9,1092.9,546.4
2025-05-12,P0009,163.9,1092.9,546.4
2025-05-13,P0009,130.9,1092.9,546.4
2025-05-14,P0009,51.9,1092.9,546.4
2025-05-15,P0009,0.0,1092.9,546.4
2025-05-16,P0009,0.0,1092.9,546.4
2025-05-17,P0009,0.0,1092.9,546.4
2025-05-18,P0009,0.0,1092.9,546.4
2025-05-19,P0009,0.0,1092.9,546.4
2025-05-20,P0009,1467.0,1092.9,546.4
2025-05-21,P0009,1433.0,1092.9,546.4
2025-05-22,P0009,1370.0,1092.9,546.4
2025-05-23,P0009,1291.0,1092.9,546.4
2025-05-24,P0009,1199.0,1092.9,546.4
2025-05-25,P0009,1182.0,1092.9,546.4
2025-05-26,P0009,1140.0,1092.9,546.4
2025-05-27,P0009,1080.0,1092.9,546.4
2025-05-28,P0009,1012.0,1092.9,546.4
2025-05-29,P0009,890.0,1092.9,546.4
2025-05-30,P0009,868.0,1092.9,546.4
2025-05-31,P0009,828.0,1092.9,546.4
2025-06-01,P0009,828.0,1092.9,546.4
2025-06-02,P0009,799.0,1092.9,546.4
2025-06-03,P0009,720.0,1092.9,546.4
2025-06-04,P0009,621.0,1092.9,546.4
2025-06-05,P0009,582.0,1092.9,546.4
2025-06-06,P0009,495.0,1092.9,546.4
2025-06-07,P0009,448.0,1092.9,546.4
2025-06-08,P0009,448.0,1092.9,546.4
2025-06-09,P0009,395.0,1092.9,546.4
2025-06-10,P0009,307.0,1092.9,546.4
2025-06-11,P0009,273.0,1092.9,546.4
2025-06-12,P0009,157.0,1092.9,546.4
2025-06-13,P0009,32.0,1092.9,546.4
2025-06-14,P0009,32.0,1092.9,546.4
2025-06-15,P0009,0.0,1092.9,546.4
2025-06-16,P0009,1281.9,1092.9,546.4
2025-06-17,P0009,1237.9,1092.9,546.4
2025-06-18,P0009,1151.9,1092.9,546.4
2025-06-19,P0009,1114.9,1092.9,546.4
2025-06-20,P0009,1076.9,1092.9,546.4
2025-06-21,P0009,1053.9,1092.9,546.4
2025-06-22,P0009,1025.9,1092.9,546.4
2025-06-23,P0009,1000.9,1092.9,546.4
2025-06-24,P0009,953.9,1092.9,546.4
2025-06-25,P0009,817.9,1092.9,546.4
2025-06-26,P0009,799.9,1092.9,546.4
2025-06-27,P0009,742.9,1092.9,546.4
2025-06-28,P0009,650.9,1092.9,546.4
2025-06-29,P0009,650.9,1092.9,546.4
2025-06-30,P0009,634.9,1092.9,546.4
2025-07-01,P0009,509.9,1092.9,546.4
2025-07-02,P0009,468.9,1092.9,546.4
2025-07-03,P0009,374.9,1092.9,546.4
2025-07-04,P0009,364.9,1092.9,546.4
2025-07-05,P0009,249.9,1092.9,546.4
2025-07-06,P0009,249.9,1092.9,546.4
2025-07-07,P0009,218.9,1092.9,546.4
2025-07-08,P0009,130.9,1092.9,546.4
2025-07-09,P0009,82.9,1092.9,546.4
2025-07-10,P0009,1393.9,1092.9,546.4
2025-07-11,P0009,1303.9,1092.9,546.4
2025-07-12,P0009,1268.9,1092.9,546.4
2025-07-13,P0009,1243.9,1092.9,546.4
2025-07-14,P0009,1184.9,1092.9,546.4
2025-07-15,P0009,1092.9,1092.9,546.4
2025-07-16,P0009,942.9,1092.9,546.4
2025-07-17,P0009,855.9,1092.9,546.4
2025-07-18,P0009,816.9,1092.9,546.4
2025-07-19,P0009,816.9,1092.9,546.4
2025-07-20,P0009,816.9,1092.9,546.4
2025-07-21,P0009,784.9,1092.9,546.4
2025-07-22,P0009,750.9,1092.9,546.4
2025-07-23,P0009,669.9,1092.9,546.4
2025-07-24,P0009,557.9,1092.9,546.4
2025-07-25,P0009,557.9,1092.9,546.4
2025-07-26,P0009,513.9,1092.9,546.4
2025-07-27,P0009,494.9,1092.9,546.4
2025-07-28,P0009,382.9,1092.9,546.4
2025-07-29,P0009,352.9,1092.9,546.4
2025-07-30,P0009,279.9,1092.9,546.4
2025-07-31,P0009,251.9,1092.9,546.4
2025-08-01,P0009,209.9,1092.9,546.4
2025-08-02,P0009,124.9,1092.9,546.4
2025-08-03,P0009,124.9,1092.9,546.4
2025-08-04,P0009,3.9,1092.9,546.4
2025-08-05,P0009,1401.9,1092.9,546.4
2025-08-06,P0009,1401.9,1092.9,546.4
2025-08-07,P0009,1310.9,1092.9,546.4
2025-08-08,P0009,1229.9,1092.9,546.4
2025-08-09,P0009,1183.9,1092.9,546.4
2025-08-10,P0009,1131.9,1092.9,546.4
2025-08-11,P0009,1131.9,1092.9,546.4
2025-08-12,P0009,1027.9,1092.9,546.4
2025-08-13,P0009,834.9,1092.9,546.4
2025-08-14,P0009,744.9,1092.9,546.4
2025-08-15,P0009,703.9,1092.9,546.4
2025-08-16,P0009,703.9,1092.9,546.4
2025-08-17,P0009,669.9,1092.9,546.4
2025-08-18,P0009,653.9,1092.9,546.4
2025-08-19,P0009,596.9,1092.9,546.4
2025-08-20,P0009,527.9,1092.9,546.4
2025-08-21,P0009,416.9,1092.9,546.4
2025-08-22,P0009,416.9,1092.9,546.4
2025-08-23,P0009,396.9,1092.9,546.4
2025-08-24,P0009,396.9,1092.9,546.4
2025-08-25,P0009,294.9,1092.9,546.4
2025-08-26,P0009,253.9,1092.9,546.4
2025-08-27,P0009,93.9,1092.9,546.4
2025-08-28,P0009,86.9,1092.9,546.4
2025-08-29,P0009,86.9,1092.9,546.4
2025-08-30,P0009,42.9,1092.9,546.4
2025-08-31,P0009,26.9,1092.9,546.4
2025-09-01,P0009,1424.9,1092.9,546.4
2025-09-02,P0009,1334.9,1092.9,546.4
2025-09-03,P0009,1334.9,1092.9,546.4
2025-09-04,P0009,1334.9,1092.9,546.4
2025-09-05,P0009,1231.9,1092.9,546.4
2025-09-06,P0009,1196.9,1092.9,546.4
2025-09-07,P0009,1196.9,1092.9,546.4
2025-09-08,P0009,1170.9,1092.9,546.4
2025-09-09,P0009,1088.9,1092.9,546.4
2025-09-10,P0009,1030.9,1092.9,546.4
2025-09-11,P0009,1008.9,1092.9,546.4
2025-09-12,P0009,939.9,1092.9,546.4
2025-09-13,P0009,922.9,1092.9,546.4
2025-09-14,P0009,869.9,1092.9,546.4
2025-09-15,P0009,816.9,1092.9,546.4
2025-09-16,P0009,760.9,1092.9,546.4
2025-09-17,P0009,679.9,1092.9,546.4
2025-09-18,P0009,642.9,1092.9,546.4
2025-09-19,P0009,528.9,1092.9,546.4
2025-09-20,P0009,509.9,1092.9,546.4
2025-09-21,P0009,509.9,1092.9,546.4
2025-09-22,P0009,409.9,1092.9,546.4
2025-09-23,P0009,365.9,1092.9,546.4
2025-09-24,P0009,213.9,1092.9,546.4
2025-09-25,P0009,53.9,1092.9,546.4
2025-09-26,P0009,0.0,1092.9,546.4
2025-09-27,P0009,0.0,1092.9,546.4
2025-09-28,P0009,0.0,1092.9,546.4
2025-09-29,P0009,1370.0,1092.9,546.4
2025-09-30,P0009,1256.0,1092.9,546.4
2025-10-01,P0009,1150.0,1092.9,546.4
2025-10-02,P0009,1093.0,1092.9,546.4
2025-10-03,P0009,972.0,1092.9,546.4
2025-10-04,P0009,972.0,1092.9,546.4
2025-10-05,P0009,954.0,1092.9,546.4
2025-10-06,P0009,787.0,1092.9,546.4
2025-10-07,P0009,740.0,1092.9,546.4
2025-10-08,P0009,687.0,1092.9,546.4
2025-10-09,P0009,616.0,1092.9,546.4
2025-10-10,P0009,516.0,1092.9,546.4
2025-10-11,P0009,473.0,1092.9,546.4
2025-10-12,P0009,446.0,1092.9,546.4
2025-10-13,P0009,381.0,1092.9,546.4
2025-10-14,P0009,241.0,1092.9,546.4
2025-10-15,P0009,124.0,1092.9,546.4
2025-10-16,P0009,104.0,1092.9,546.4
2025-10-17,P0009,51.0,1092.9,546.4
2025-10-18,P0009,4.0,1092.9,546.4
2025-10-19,P0009,0.0,1092.9,546.4
2025-10-20,P0009,0.0,1092.9,546.4
2025-10-21,P0009,0.0,1092.9,546.4
2025-10-22,P0009,0.0,1092.9,546.4
2025-10-23,P0009,1380.9,1092.9,546.4
2025-10-24,P0009,1230.9,1092.9,546.4
2025-10-25,P0009,1201.9,1092.9,546.4
2025-10-26,P0009,1196.9,1092.9,546.4
2025-10-27,P0009,1159.9,1092.9,546.4
2025-10-28,P0009,1159.9,1092.9,546.4
2025-10-29,P0009,1110.9,1092.9,546.4
2025-10-30,P0009,1073.9,1092.9,546.4
2025-10-31,P0009,971.9,1092.9,546.4
2025-11-01,P0009,971.9,1092.9,546.4
2025-11-02,P0009,957.9,1092.9,546.4
2025-11-03,P0009,942.9,1092.9,546.4
2025-11-04,P0009,864.9,1092.9,546.4
2025-11-05,P0009,715.9,1092.9,546.4
2025-11-06,P0009,703.9,1092.9,546.4
2025-11-07,P0009,684.9,1092.9,546.4
2025-11-08,P0009,642.9,1092.9,546.4
2025-11-09,P0009,642.9,1092.9,546.4
2025-11-10,P0009,581.9,1092.9,546.4
2025-11-11,P0009,522.9,1092.9,546.4
2025-11-12,P0009,394.9,1092.9,546.4
2025-11-13,P0009,371.9,1092.9,546.4
2025-11-14,P0009,289.9,1092.9,546.4
2025-11-15,P0009,10096.7,1092.9,546.4
2025-11-16,P0009,10096.7,1092.9,546.4
2025-11-17,P0009,10052.7,1092.9,546.4
2025-11-18,P0009,10013.7,1092.9,546.4
2025-11-19,P0009,11380.7,1092.9,546.4
2025-11-20,P0009,11321.7,1092.9,546.4
2025-11-21,P0009,11200.7,1092.9,546.4
2025-11-22,P0009,11138.7,1092.9,546.4
2025-11-23,P0009,11103.7,1092.9,546.4
2025-11-24,P0009,11021.7,1092.9,546.4
2025-11-25,P0009,10979.7,1092.9,546.4
2025-11-26,P0009,10893.7,1092.9,546.4
2025-11-27,P0009,10774.7,1092.9,546.4
2025-11-28,P0009,10689.7,1092.9,546.4
2025-11-29,P0009,10597.7,1092.9,546.4
2025-11-30,P0009,10591.7,1092.9,546.4
2025-12-01,P0009,10539.7,1092.9,546.4
2025-12-02,P0009,10463.7,1092.9,546.4
2025-12-03,P0009,10361.7,1092.9,546.4
2025-12-04,P0009,10313.7,1092.9,546.4
2025-12-05,P0009,10129.7,1092.9,546.4
2025-12-06,P0009,10099.7,1092.9,546.4
2025-12-07,P0009,10077.7,1092.9,546.4
2025-12-08,P0009,10016.7,1092.9,546.4
2025-12-09,P0009,9953.7,1092.9,546.4
2025-12-10,P0009,9805.7,1092.9,546.4
2025-12-11,P0009,9732.7,1092.9,546.4
2025-12-12,P0009,9645.7,1092.9,546.4
2025-12-13,P0009,9632.7,1092.9,546.4
2025-12-14,P0009,9577.7,1092.9,546.4
2025-12-15,P0009,9528.7,1092.9,546.4
2025-12-16,P0009,9461.7,1092.9,546.4
2025-12-17,P0009,9389.7,1092.9,546.4
2025-12-18,P0009,9322.7,1092.9,546.4
2025-12-19,P0009,9258.7,1092.9,546.4
2025-12-20,P0009,9258.7,1092.9,546.4
2025-12-21,P0009,9258.7,1092.9,546.4
2025-12-22,P0009,9258.7,1092.9,546.4
2025-12-23,P0009,9144.7,1092.9,546.4
2025-12-24,P0009,9039.7,1092.9,546.4
2025-12-25,P0009,8939.7,1092.9,546.4
2025-12-26,P0009,8870.7,1092.9,546.4
2025-12-27,P0009,8870.7,1092.9,546.4
2025-12-28,P0009,8828.7,1092.9,546.4
2025-12-29,P0009,8755.7,1092.9,546.4
2025-12-30,P0009,8659.7,1092.9,546.4
2025-12-31,P0009,8596.7,1092.9,546.4
2023-01-01,P0010,2412.1,1102.3,551.1
2023-01-02,P0010,2412.1,1102.3,551.1
2023-01-03,P0010,2396.1,1102.3,551.1
2023-01-04,P0010,2326.1,1102.3,551.1
2023-01-05,P0010,2161.1,1102.3,551.1
2023-01-06,P0010,2050.1,1102.3,551.1
2023-01-07,P0010,2050.1,1102.3,551.1
2023-01-08,P0010,2027.1,1102.3,551.1
2023-01-09,P0010,1991.1,1102.3,551.1
2023-01-10,P0010,1900.1,1102.3,551.1
2023-01-11,P0010,1855.1,1102.3,551.1
2023-01-12,P0010,1817.1,1102.3,551.1
2023-01-13,P0010,1627.1,1102.3,551.1
2023-01-14,P0010,1627.1,1102.3,551.1
2023-01-15,P0010,1541.1,1102.3,551.1
2023-01-16,P0010,1431.1,1102.3,551.1
2023-01-17,P0010,1327.1,1102.3,551.1
2023-01-18,P0010,1297.1,1102.3,551.1
2023-01-19,P0010,1297.1,1102.3,551.1
2023-01-20,P0010,1165.1,1102.3,551.1
2023-01-21,P0010,1151.1,1102.3,551.1
2023-01-22,P0010,1151.1,1102.3,551.1
2023-01-23,P0010,1128.1,1102.3,551.1
2023-01-24,P0010,1110.1,1102.3,551.1
2023-01-25,P0010,1110.1,1102.3,551.1
2023-01-26,P0010,1065.1,1102.3,551.1
2023-01-27,P0010,1039.1,1102.3,551.1
2023-01-28,P0010,1018.1,1102.3,551.1
2023-01-29,P0010,983.1,1102.3,551.1
2023-01-30,P0010,898.1,1102.3,551.1
2023-01-31,P0010,835.1,1102.3,551.1
2023-02-01,P0010,796.1,1102.3,551.1
2023-02-02,P0010,743.1,1102.3,551.1
2023-02-03,P0010,664.1,1102.3,551.1
2023-02-04,P0010,639.1,1102.3,551.1
2023-02-05,P0010,602.1,1102.3,551.1
2023-02-06,P0010,433.1,1102.3,551.1
2023-02-07,P0010,379.1,1102.3,551.1
2023-02-08,P0010,379.1,1102.3,551.1
2023-02-09,P0010,308.1,1102.3,551.1
2023-02-10,P0010,283.1,1102.3,551.1
2023-02-11,P0010,185.1,1102.3,551.1
2023-02-12,P0010,159.1,1102.3,551.1
2023-02-13,P0010,79.1,1102.3,551.1
2023-02-14,P0010,0.1,1102.3,551.1
2023-02-15,P0010,1343.1,1102.3,551.1
2023-02-16,P0010,1278.1,1102.3,551.1
2023-02-17,P0010,1217.1,1102.3,551.1
2023-02-18,P0010,1217.1,1102.3,551.1
2023-02-19,P0010,1161.1,1102.3,551.1
2023-02-20,P0010,1161.1,1102.3,551.1
2023-02-21,P0010,1072.1,1102.3,551.1
2023-02-22,P0010,1072.1,1102.3,551.1
2023-02-23,P0010,1015.1,1102.3,551.1
2023-02-24,P0010,977.1,1102.3,551.1
2023-02-25,P0010,948.1,1102.3,551.1
2023-02-26,P0010,948.1,1102.3,551.1
2023-02-27,P0010,848.1,1102.3,551.1
2023-02-28,P0010,848.1,1102.3,551.1
2023-03-01,P0010,758.1,1102.3,551.1
2023-03-02,P0010,693.1,1102.3,551.1
2023-03-03,P0010,662.1,1102.3,551.1
2023-03-04,P0010,662.1,1102.3,551.1
2023-03-05,P0010,662.1,1102.3,551.1
2023-03-06,P0010,635.1,1102.3,551.1
2023-03-07,P0010,580.1,1102.3,551.1
2023-03-08,P0010,580.1,1102.3,551.1
2023-03-09,P0010,463.1,1102.3,551.1
2023-03-10,P0010,463.1,1102.3,551.1
2023-03-11,P0010,463.1,1102.3,551.1
2023-03-12,P0010,426.1,1102.3,551.1
2023-03-13,P0010,1780.1,1102.3,551.1
2023-03-14,P0010,1710.1,1102.3,551.1
2023-03-15,P0010,1642.1,1102.3,551.1
2023-03-16,P0010,1570.1,1102.3,551.1
2023-03-17,P0010,1491.1,1102.3,551.1
2023-03-18,P0010,1467.1,1102.3,551.1
2023-03-19,P0010,1467.1,1102.3,551.1
2023-03-20,P0010,1385.1,1102.3,551.1
2023-03-21,P0010,1263.1,1102.3,551.1
2023-03-22,P0010,1134.1,1102.3,551.1
2023-03-23,P0010,958.1,1102.3,551.1
2023-03-24,P0010,815.1,1102.3,551.1
2023-03-25,P0010,810.1,1102.3,551.1
2023-03-26,P0010,774.1,1102.3,551.1
2023-03-27,P0010,711.1,1102.3,551.1
2023-03-28,P0010,497.1,1102.3,551.1
2023-03-29,P0010,448.1,1102.3,551.1
2023-03-30,P0010,397.1,1102.3,551.1
2023-03-31,P0010,315.1,1102.3,551.1
2023-04-01,P0010,278.1,1102.3,551.1
2023-04-02,P0010,256.1,1102.3,551.1
2023-04-03,P0010,167.1,1102.3,551.1
2023-04-04,P0010,154.1,1102.3,551.1
2023-04-05,P0010,44.1,1102.3,551.1
2023-04-06,P0010,0.0,1102.3,551.1
2023-04-07,P0010,0.0,1102.3,551.1
2023-04-08,P0010,0.0,1102.3,551.1
2023-04-09,P0010,0.0,1102.3,551.1
2023-04-10,P0010,0.0,1102.3,551.1
2023-04-11,P0010,0.0,1102.3,551.1
2023-04-12,P0010,1442.0,1102.3,551.1
2023-04-13,P0010,1442.0,1102.3,551.1
2023-04-14,P0010,1341.0,1102.3,551.1
2023-04-15,P0010,1331.0,1102.3,551.1
2023-04-16,P0010,1331.0,1102.3,551.1
2023-04-17,P0010,1291.0,1102.3,551.1
2023-04-18,P0010,1166.0,1102.3,551.1
2023-04-19,P0010,1023.0,1102.3,551.1
2023-04-20,P0010,974.0,1102.3,551.1
2023-04-21,P0010,974.0,1102.3,551.1
2023-04-22,P0010,974.0,1102.3,551.1
2023-04-23,P0010,939.0,1102.3,551.1
2023-04-24,P0010,925.0,1102.3,551.1
2023-04-25,P0010,832.0,1102.3,551.1
2023-04-26,P0010,791.0,1102.3,551.1
2023-04-27,P0010,751.0,1102.3,551.1
2023-04-28,P0010,635.0,1102.3,551.1
2023-04-29,P0010,583.0,1102.3,551.1
2023-04-30,P0010,516.0,1102.3,551.1
2023-05-01,P0010,480.0,1102.3,551.1
2023-05-02,P0010,331.0,1102.3,551.1
2023-05-03,P0010,164.0,1102.3,551.1
2023-05-04,P0010,114.0,1102.3,551.1
2023-05-05,P0010,49.0,1102.3,551.1
2023-05-06,P0010,49.0,1102.3,551.1
2023-05-07,P0010,17.0,1102.3,551.1
2023-05-08,P0010,6.0,1102.3,551.1
2023-05-09,P0010,1448.1,1102.3,551.1
2023-05-10,P0010,1398.1,1102.3,551.1
2023-05-11,P0010,1361.1,1102.3,551.1
2023-05-12,P0010,1325.1,1102.3,551.1
2023-05-13,P0010,1325.1,1102.3,551.1
2023-05-14,P0010,1255.1,1102.3,551.1
2023-05-15,P0010,1207.1,1102.3,551.1
2023-05-16,P0010,1207.1,1102.3,551.1
2023-05-17,P0010,1071.1,1102.3,551.1
2023-05-18,P0010,930.1,1102.3,551.1
2023-05-19,P0010,914.1,1102.3,551.1
2023-05-20,P0010,888.1,1102.3,551.1
2023-05-21,P0010,805.1,1102.3,551.1
2023-05-22,P0010,684.1,1102.3,551.1
2023-05-23,P0010,630.1,1102.3,551.1
2023-05-24,P0010,465.1,1102.3,551.1
2023-05-25,P0010,434.1,1102.3,551.1
2023-05-26,P0010,434.1,1102.3,551.1
2023-05-27,P0010,394.1,1102.3,551.1
2023-05-28,P0010,382.1,1102.3,551.1
2023-05-29,P0010,347.1,1102.3,551.1
2023-05-30,P0010,217.1,1102.3,551.1
2023-05-31,P0010,166.1,1102.3,551.1
2023-06-01,P0010,7.1,1102.3,551.1
2023-06-02,P0010,0.0,1102.3,551.1
2023-06-03,P0010,0.0,1102.3,551.1
2023-06-04,P0010,0.0,1102.3,551.1
2023-06-05,P0010,0.0,1102.3,551.1
2023-06-06,P0010,1301.0,1102.3,551.1
2023-06-07,P0010,1223.0,1102.3,551.1
2023-06-08,P0010,1118.0,1102.3,551.1
2023-06-09,P0010,1040.0,1102.3,551.1
2023-06-10,P0010,1000.0,1102.3,551.1
2023-06-11,P0010,950.0,1102.3,551.1
2023-06-12,P0010,873.0,1102.3,551.1
2023-06-13,P0010,825.0,1102.3,551.1
2023-06-14,P0010,825.0,1102.3,551.1
2023-06-15,P0010,672.0,1102.3,551.1
2023-06-16,P0010,556.0,1102.3,551.1
2023-06-17,P0010,540.0,1102.3,551.1
2023-06-18,P0010,495.0,1102.3,551.1
2023-06-19,P0010,394.0,1102.3,551.1
2023-06-20,P0010,324.0,1102.3,551.1
2023-06-21,P0010,271.0,1102.3,551.1
2023-06-22,P0010,230.0,1102.3,551.1
2023-06-23,P0010,91.0,1102.3,551.1
2023-06-24,P0010,53.0,1102.3,551.1
2023-06-25,P0010,18.0,1102.3,551.1
2023-06-26,P0010,18.0,1102.3,551.1
2023-06-27,P0010,0.0,1102.3,551.1
2023-06-28,P0010,0.0,1102.3,551.1
2023-06-29,P0010,1348.1,1102.3,551.1
2023-06-30,P0010,1310.1,1102.3,551.1
2023-07-01,P0010,1310.1,1102.3,551.1
2023-07-02,P0010,1310.1,1102.3,551.1
2023-07-03,P0010,1283.1,1102.3,551.1
2023-07-04,P0010,1261.1,1102.3,551.1
2023-07-05,P0010,1170.1,1102.3,551.1
2023-07-06,P0010,1094.1,1102.3,551.1
2023-07-07,P0010,1082.1,1102.3,551.1
2023-07-08,P0010,997.1,1102.3,551.1
2023-07-09,P0010,997.1,1102.3,551.1
2023-07-10,P0010,836.1,1102.3,551.1
2023-07-11,P0010,756.1,1102.3,551.1
2023-07-12,P0010,653.1,1102.3,551.1
2023-07-13,P0010,562.1,1102.3,551.1
2023-07-14,P0010,376.1,1102.3,551.1
2023-07-15,P0010,369.1,1102.3,551.1
2023-07-16,P0010,315.1,1102.3,551.1
2023-07-17,P0010,253.1,1102.3,551.1
2023-07-18,P0010,253.1,1102.3,551.1
2023-07-19,P0010,124.1,1102.3,551.1
2023-07-20,P0010,75.1,1102.3,551.1
2023-07-21,P0010,75.1,1102.3,551.1
2023-07-22,P0010,5.1,1102.3,551.1
2023-07-23,P0010,0.0,1102.3,551.1
2023-07-24,P0010,0.0,1102.3,551.1
2023-07-25,P0010,0.0,1102.3,551.1
2023-07-26,P0010,1344.0,1102.3,551.1
2023-07-27,P0010,1319.0,1102.3,551.1
2023-07-28,P0010,1189.0,1102.3,551.1
2023-07-29,P0010,1189.0,1102.3,551.1
2023-07-30,P0010,1124.0,1102.3,551.1
2023-07-31,P0010,992.0,1102.3,551.1
2023-08-01,P0010,978.0,1102.3,551.1
2023-08-02,P0010,934.0,1102.3,551.1
2023-08-03,P0010,820.0,1102.3,551.1
2023-08-04,P0010,782.0,1102.3,551.1
2023-08-05,P0010,745.0,1102.3,551.1
2023-08-06,P0010,745.0,1102.3,551.1
2023-08-07,P0010,673.0,1102.3,551.1
2023-08-08,P0010,664.0,1102.3,551.1
2023-08-09,P0010,664.0,1102.3,551.1
2023-08-10,P0010,607.0,1102.3,551.1
2023-08-11,P0010,574.0,1102.3,551.1
2023-08-12,P0010,536.0,1102.3,551.1
2023-08-13,P0010,468.0,1102.3,551.1
2023-08-14,P0010,468.0,1102.3,551.1
2023-08-15,P0010,353.0,1102.3,551.1
2023-08-16,P0010,309.0,1102.3,551.1
2023-08-17,P0010,286.0,1102.3,551.1
2023-08-18,P0010,215.0,1102.3,551.1
2023-08-19,P0010,185.0,1102.3,551.1
2023-08-20,P0010,1647.1,1102.3,551.1
2023-08-21,P0010,1590.1,1102.3,551.1
2023-08-22,P0010,1478.1,1102.3,551.1
2023-08-23,P0010,1468.1,1102.3,551.1
2023-08-24,P0010,1412.1,1102.3,551.1
2023-08-25,P0010,1318.1,1102.3,551.1
2023-08-26,P0010,1288.1,1102.3,551.1
2023-08-27,P0010,1243.1,1102.3,551.1
2023-08-28,P0010,1198.1,1102.3,551.1
2023-08-29,P0010,1164.1,1102.3,551.1
2023-08-30,P0010,1149.1,1102.3,551.1
2023-08-31,P0010,1032.1,1102.3,551.1
2023-09-01,P0010,860.1,1102.3,551.1
2023-09-02,P0010,821.1,1102.3,551.1
2023-09-03,P0010,781.1,1102.3,551.1
2023-09-04,P0010,748.1,1102.3,551.1
2023-09-05,P0010,667.1,1102.3,551.1
2023-09-06,P0010,596.1,1102.3,551.1
2023-09-07,P0010,554.1,1102.3,551.1
2023-09-08,P0010,439.1,1102.3,551.1
2023-09-09,P0010,424.1,1102.3,551.1
2023-09-10,P0010,397.1,1102.3,551.1
2023-09-11,P0010,306.1,1102.3,551.1
2023-09-12,P0010,183.1,1102.3,551.1
2023-09-13,P0010,169.1,1102.3,551.1
2023-09-14,P0010,67.1,1102.3,551.1
2023-09-15,P0010,0.0,1102.3,551.1
2023-09-16,P0010,0.0,1102.3,551.1
2023-09-17,P0010,0.0,1102.3,551.1
2023-09-18,P0010,0.0,1102.3,551.1
2023-09-19,P0010,0.0,1102.3,551.1
2023-09-20,P0010,1370.0,1102.3,551.1
2023-09-21,P0010,1297.0,1102.3,551.1
2023-09-22,P0010,1297.0,1102.3,551.1
2023-09-23,P0010,1297.0,1102.3,551.1
2023-09-24,P0010,1224.0,1102.3,551.1
2023-09-25,P0010,1224.0,1102.3,551.1
2023-09-26,P0010,1062.0,1102.3,551.1
2023-09-27,P0010,1030.0,1102.3,551.1
2023-09-28,P0010,1030.0,1102.3,551.1
2023-09-29,P0010,918.0,1102.3,551.1
2023-09-30,P0010,918.0,1102.3,551.1
2023-10-01,P0010,918.0,1102.3,551.1
2023-10-02,P0010,866.0,1102.3,551.1
2023-10-03,P0010,866.0,1102.3,551.1
2023-10-04,P0010,763.0,1102.3,551.1
2023-10-05,P0010,763.0,1102.3,551.1
2023-10-06,P0010,749.0,1102.3,551.1
2023-10-07,P0010,711.0,1102.3,551.1
2023-10-08,P0010,711.0,1102.3,551.1
2023-10-09,P0010,674.0,1102.3,551.1
2023-10-10,P0010,618.0,1102.3,551.1
2023-10-11,P0010,497.0,1102.3,551.1
2023-10-12,P0010,404.0,1102.3,551.1
2023-10-13,P0010,367.0,1102.3,551.1
2023-10-14,P0010,351.0,1102.3,551.1
2023-10-15,P0010,351.0,1102.3,551.1
2023-10-16,P0010,1744.1,1102.3,551.1
2023-10-17,P0010,1720.1,1102.3,551.1
2023-10-18,P0010,1689.1,1102.3,551.1
2023-10-19,P0010,1626.1,1102.3,551.1
2023-10-20,P0010,1555.1,1102.3,551.1
2023-10-21,P0010,1555.1,1102.3,551.1
2023-10-22,P0010,1487.1,1102.3,551.1
2023-10-23,P0010,1431.1,1102.3,551.1
2023-10-24,P0010,1363.1,1102.3,551.1
2023-10-25,P0010,1302.1,1102.3,551.1
2023-10-26,P0010,1287.1,1102.3,551.1
2023-10-27,P0010,1224.1,1102.3,551.1
2023-10-28,P0010,1198.1,1102.3,551.1
2023-10-29,P0010,1198.1,1102.3,551.1
2023-10-30,P0010,1157.1,1102.3,551.1
2023-10-31,P0010,1074.1,1102.3,551.1
2023-11-01,P0010,1054.1,1102.3,551.1
2023-11-02,P0010,937.1,1102.3,551.1
2023-11-03,P0010,924.1,1102.3,551.1
2023-11-04,P0010,924.1,1102.3,551.1
2023-11-05,P0010,924.1,1102.3,551.1
2023-11-06,P0010,924.1,1102.3,551.1
2023-11-07,P0010,902.1,1102.3,551.1
2023-11-08,P0010,845.1,1102.3,551.1
2023-11-09,P0010,748.1,1102.3,551.1
2023-11-10,P0010,710.1,1102.3,551.1
2023-11-11,P0010,696.1,1102.3,551.1
2023-11-12,P0010,696.1,1102.3,551.1
2023-11-13,P0010,688.1,1102.3,551.1
2023-11-14,P0010,626.1,1102.3,551.1
2023-11-15,P0010,604.1,1102.3,551.1
2023-11-16,P0010,572.1,1102.3,551.1
2023-11-17,P0010,554.1,1102.3,551.1
2023-11-18,P0010,540.1,1102.3,551.1
2023-11-19,P0010,515.1,1102.3,551.1
2023-11-20,P0010,1879.1,1102.3,551.1
2023-11-21,P0010,1712.1,1102.3,551.1
2023-11-22,P0010,1532.1,1102.3,551.1
2023-11-23,P0010,1487.1,1102.3,551.1
2023-11-24,P0010,1438.1,1102.3,551.1
2023-11-25,P0010,1382.1,1102.3,551.1
2023-11-26,P0010,1268.1,1102.3,551.1
2023-11-27,P0010,1268.1,1102.3,551.1
2023-11-28,P0010,1183.1,1102.3,551.1
2023-11-29,P0010,1123.1,1102.3,551.1
2023-11-30,P0010,1050.1,1102.3,551.1
2023-12-01,P0010,1033.1,1102.3,551.1
2023-12-02,P0010,1033.1,1102.3,551.1
2023-12-03,P0010,1017.1,1102.3,551.1
2023-12-04,P0010,993.1,1102.3,551.1
2023-12-05,P0010,885.1,1102.3,551.1
2023-12-06,P0010,838.1,1102.3,551.1
2023-12-07,P0010,726.1,1102.3,551.1
2023-12-08,P0010,726.1,1102.3,551.1
2023-12-09,P0010,687.1,1102.3,551.1
2023-12-10,P0010,642.1,1102.3,551.1
2023-12-11,P0010,642.1,1102.3,551.1
2023-12-12,P0010,609.1,1102.3,551.1
2023-12-13,P0010,540.1,1102.3,551.1
2023-12-14,P0010,451.1,1102.3,551.1
2023-12-15,P0010,374.1,1102.3,551.1
2023-12-16,P0010,374.1,1102.3,551.1
2023-12-17,P0010,374.1,1102.3,551.1
2023-12-18,P0010,239.1,1102.3,551.1
2023-12-19,P0010,171.1,1102.3,551.1
2023-12-20,P0010,1463.1,1102.3,551.1
2023-12-21,P0010,1419.1,1102.3,551.1
2023-12-22,P0010,1214.1,1102.3,551.1
2023-12-23,P0010,1180.1,1102.3,551.1
2023-12-24,P0010,1180.1,1102.3,551.1
2023-12-25,P0010,1134.1,1102.3,551.1
2023-12-26,P0010,1023.1,1102.3,551.1
2023-12-27,P0010,908.1,1102.3,551.1
2023-12-28,P0010,788.1,1102.3,551.1
2023-12-29,P0010,614.1,1102.3,551.1
2023-12-30,P0010,584.1,1102.3,551.1
2023-12-31,P0010,561.1,1102.3,551.1
2024-01-01,P0010,512.1,1102.3,551.1
2024-01-02,P0010,431.1,1102.3,551.1
2024-01-03,P0010,330.1,1102.3,551.1
2024-01-04,P0010,216.1,1102.3,551.1
2024-01-05,P0010,5.1,1102.3,551.1
2024-01-06,P0010,0.1,1102.3,551.1
2024-01-07,P0010,0.1,1102.3,551.1
2024-01-08,P0010,0.0,1102.3,551.1
2024-01-09,P0010,0.0,1102.3,551.1
2024-01-10,P0010,0.0,1102.3,551.1
2024-01-11,P0010,0.0,1102.3,551.1
2024-01-12,P0010,0.0,1102.3,551.1
2024-01-13,P0010,0.0,1102.3,551.1
2024-01-14,P0010,0.0,1102.3,551.1
2024-01-15,P0010,1379.0,1102.3,551.1
2024-01-16,P0010,1320.0,1102.3,551.1
2024-01-17,P0010,1258.0,1102.3,551.1
2024-01-18,P0010,1117.0,1102.3,551.1
2024-01-19,P0010,1109.0,1102.3,551.1
2024-01-20,P0010,1109.0,1102.3,551.1
2024-01-21,P0010,1062.0,1102.3,551.1
2024-01-22,P0010,1006.0,1102.3,551.1
2024-01-23,P0010,1006.0,1102.3,551.1
2024-01-24,P0010,983.0,1102.3,551.1
2024-01-25,P0010,885.0,1102.3,551.1
2024-01-26,P0010,828.0,1102.3,551.1
2024-01-27,P0010,785.0,1102.3,551.1
2024-01-28,P0010,785.0,1102.3,551.1
2024-01-29,P0010,690.0,1102.3,551.1
2024-01-30,P0010,561.0,1102.3,551.1
2024-01-31,P0010,537.0,1102.3,551.1
2024-02-01,P0010,493.0,1102.3,551.1
2024-02-02,P0010,428.0,1102.3,551.1
2024-02-03,P0010,403.0,1102.3,551.1
2024-02-04,P0010,403.0,1102.3,551.1
2024-02-05,P0010,380.0,1102.3,551.1
2024-02-06,P0010,285.0,1102.3,551.1
2024-02-07,P0010,153.0,1102.3,551.1
2024-02-08,P0010,118.0,1102.3,551.1
2024-02-09,P0010,93.0,1102.3,551.1
2024-02-10,P0010,1414.1,1102.3,551.1
2024-02-11,P0010,1414.1,1102.3,551.1
2024-02-12,P0010,1358.1,1102.3,551.1
2024-02-13,P0010,1209.1,1102.3,551.1
2024-02-14,P0010,1064.1,1102.3,551.1
2024-02-15,P0010,988.1,1102.3,551.1
2024-02-16,P0010,908.1,1102.3,551.1
2024-02-17,P0010,908.1,1102.3,551.1
2024-02-18,P0010,875.1,1102.3,551.1
2024-02-19,P0010,711.1,1102.3,551.1
2024-02-20,P0010,697.1,1102.3,551.1
2024-02-21,P0010,646.1,1102.3,551.1
2024-02-22,P0010,581.1,1102.3,551.1
2024-02-23,P0010,499.1,1102.3,551.1
2024-02-24,P0010,499.1,1102.3,551.1
2024-02-25,P0010,499.1,1102.3,551.1
2024-02-26,P0010,423.1,1102.3,551.1
2024-02-27,P0010,312.1,1102.3,551.1
2024-02-28,P0010,312.1,1102.3,551.1
2024-02-29,P0010,143.1,1102.3,551.1
2024-03-01,P0010,36.1,1102.3,551.1
2024-03-02,P0010,0.0,1102.3,551.1
2024-03-03,P0010,0.0,1102.3,551.1
2024-03-04,P0010,0.0,1102.3,551.1
2024-03-05,P0010,1352.0,1102.3,551.1
2024-03-06,P0010,1315.0,1102.3,551.1
2024-03-07,P0010,1285.0,1102.3,551.1
2024-03-08,P0010,1185.0,1102.3,551.1
2024-03-09,P0010,1185.0,1102.3,551.1
2024-03-10,P0010,1185.0,1102.3,551.1
2024-03-11,P0010,1185.0,1102.3,551.1
2024-03-12,P0010,1078.0,1102.3,551.1
2024-03-13,P0010,1078.0,1102.3,551.1
2024-03-14,P0010,971.0,1102.3,551.1
2024-03-15,P0010,886.0,1102.3,551.1
2024-03-16,P0010,849.0,1102.3,551.1
2024-03-17,P0010,849.0,1102.3,551.1
2024-03-18,P0010,804.0,1102.3,551.1
2024-03-19,P0010,575.0,1102.3,551.1
2024-03-20,P0010,575.0,1102.3,551.1
2024-03-21,P0010,496.0,1102.3,551.1
2024-03-22,P0010,398.0,1102.3,551.1
2024-03-23,P0010,293.0,1102.3,551.1
2024-03-24,P0010,256.0,1102.3,551.1
2024-03-25,P0010,138.0,1102.3,551.1
2024-03-26,P0010,81.0,1102.3,551.1
2024-03-27,P0010,0.0,1102.3,551.1
2024-03-28,P0010,0.0,1102.3,551.1
2024-03-29,P0010,0.0,1102.3,551.1
2024-03-30,P0010,0.0,1102.3,551.1
2024-03-31,P0010,0.0,1102.3,551.1
2024-04-01,P0010,1282.1,1102.3,551.1
2024-04-02,P0010,1201.1,1102.3,551.1
2024-04-03,P0010,1151.1,1102.3,551.1
2024-04-04,P0010,1045.1,1102.3,551.1
2024-04-05,P0010,978.1,1102.3,551.1
2024-04-06,P0010,978.1,1102.3,551.1
2024-04-07,P0010,978.1,1102.3,551.1
2024-04-08,P0010,936.1,1102.3,551.1
2024-04-09,P0010,936.1,1102.3,551.1
2024-04-10,P0010,881.1,1102.3,551.1
2024-04-11,P0010,842.1,1102.3,551.1
2024-04-12,P0010,699.1,1102.3,551.1
2024-04-13,P0010,665.1,1102.3,551.1
2024-04-14,P0010,643.1,1102.3,551.1
2024-04-15,P0010,587.1,1102.3,551.1
2024-04-16,P0010,568.1,1102.3,551.1
2024-04-17,P0010,506.1,1102.3,551.1
2024-04-18,P0010,454.1,1102.3,551.1
2024-04-19,P0010,369.1,1102.3,551.1
2024-04-20,P0010,369.1,1102.3,551.1
2024-04-21,P0010,350.1,1102.3,551.1
2024-04-22,P0010,266.1,1102.3,551.1
2024-04-23,P0010,246.1,1102.3,551.1
2024-04-24,P0010,1481.1,1102.3,551.1
2024-04-25,P0010,1481.1,1102.3,551.1
2024-04-26,P0010,1364.1,1102.3,551.1
2024-04-27,P0010,1364.1,1102.3,551.1
2024-04-28,P0010,1364.1,1102.3,551.1
2024-04-29,P0010,1283.1,1102.3,551.1
2024-04-30,P0010,1246.1,1102.3,551.1
2024-05-01,P0010,1188.1,1102.3,551.1
2024-05-02,P0010,1149.1,1102.3,551.1
2024-05-03,P0010,985.1,1102.3,551.1
2024-05-04,P0010,957.1,1102.3,551.1
2024-05-05,P0010,928.1,1102.3,551.1
2024-05-06,P0010,774.1,1102.3,551.1
2024-05-07,P0010,663.1,1102.3,551.1
2024-05-08,P0010,636.1,1102.3,551.1
2024-05-09,P0010,544.1,1102.3,551.1
2024-05-10,P0010,520.1,1102.3,551.1
2024-05-11,P0010,514.1,1102.3,551.1
2024-05-12,P0010,434.1,1102.3,551.1
2024-05-13,P0010,298.1,1102.3,551.1
2024-05-14,P0010,203.1,1102.3,551.1
2024-05-15,P0010,203.1,1102.3,551.1
2024-05-16,P0010,185.1,1102.3,551.1
2024-05-17,P0010,131.1,1102.3,551.1
2024-05-18,P0010,131.1,1102.3,551.1
2024-05-19,P0010,131.1,1102.3,551.1
2024-05-20,P0010,49.1,1102.3,551.1
2024-05-21,P0010,0.0,1102.3,551.1
2024-05-22,P0010,0.0,1102.3,551.1
2024-05-23,P0010,1469.0,1102.3,551.1
2024-05-24,P0010,1417.0,1102.3,551.1
2024-05-25,P0010,1378.0,1102.3,551.1
2024-05-26,P0010,1299.0,1102.3,551.1
2024-05-27,P0010,1260.0,1102.3,551.1
2024-05-28,P0010,1113.0,1102.3,551.1
2024-05-29,P0010,1024.0,1102.3,551.1
2024-05-30,P0010,1016.0,1102.3,551.1
2024-05-31,P0010,1016.0,1102.3,551.1
2024-06-01,P0010,1016.0,1102.3,551.1
2024-06-02,P0010,974.0,1102.3,551.1
2024-06-03,P0010,923.0,1102.3,551.1
2024-06-04,P0010,876.0,1102.3,551.1
2024-06-05,P0010,817.0,1102.3,551.1
2024-06-06,P0010,737.0,1102.3,551.1
2024-06-07,P0010,688.0,1102.3,551.1
2024-06-08,P0010,583.0,1102.3,551.1
2024-06-09,P0010,560.0,1102.3,551.1
2024-06-10,P0010,469.0,1102.3,551.1
2024-06-11,P0010,378.0,1102.3,551.1
2024-06-12,P0010,278.0,1102.3,551.1
2024-06-13,P0010,270.0,1102.3,551.1
2024-06-14,P0010,270.0,1102.3,551.1
2024-06-15,P0010,202.0,1102.3,551.1
2024-06-16,P0010,177.0,1102.3,551.1
2024-06-17,P0010,166.0,1102.3,551.1
2024-06-18,P0010,1524.1,1102.3,551.1
2024-06-19,P0010,1476.1,1102.3,551.1
2024-06-20,P0010,1434.1,1102.3,551.1
2024-06-21,P0010,1388.1,1102.3,551.1
2024-06-22,P0010,1388.1,1102.3,551.1
2024-06-23,P0010,1330.1,1102.3,551.1
2024-06-24,P0010,1198.1,1102.3,551.1
2024-06-25,P0010,1191.1,1102.3,551.1
2024-06-26,P0010,923.1,1102.3,551.1
2024-06-27,P0010,881.1,1102.3,551.1
2024-06-28,P0010,856.1,1102.3,551.1
2024-06-29,P0010,759.1,1102.3,551.1
2024-06-30,P0010,759.1,1102.3,551.1
2024-07-01,P0010,721.1,1102.3,551.1
2024-07-02,P0010,710.1,1102.3,551.1
2024-07-03,P0010,672.1,1102.3,551.1
2024-07-04,P0010,530.1,1102.3,551.1
2024-07-05,P0010,454.1,1102.3,551.1
2024-07-06,P0010,369.1,1102.3,551.1
2024-07-07,P0010,332.1,1102.3,551.1
2024-07-08,P0010,234.1,1102.3,551.1
2024-07-09,P0010,200.1,1102.3,551.1
2024-07-10,P0010,170.1,1102.3,551.1
2024-07-11,P0010,124.1,1102.3,551.1
2024-07-12,P0010,116.1,1102.3,551.1
2024-07-13,P0010,83.1,1102.3,551.1
2024-07-14,P0010,56.1,1102.3,551.1
2024-07-15,P0010,5.1,1102.3,551.1
2024-07-16,P0010,1450.1,1102.3,551.1
2024-07-17,P0010,1450.1,1102.3,551.1
2024-07-18,P0010,1336.1,1102.3,551.1
2024-07-19,P0010,1227.1,1102.3,551.1
2024-07-20,P0010,1211.1,1102.3,551.1
2024-07-21,P0010,1181.1,1102.3,551.1
2024-07-22,P0010,1057.1,1102.3,551.1
2024-07-23,P0010,936.1,1102.3,551.1
2024-07-24,P0010,893.1,1102.3,551.1
2024-07-25,P0010,833.1,1102.3,551.1
2024-07-26,P0010,741.1,1102.3,551.1
2024-07-27,P0010,688.1,1102.3,551.1
2024-07-28,P0010,688.1,1102.3,551.1
2024-07-29,P0010,658.1,1102.3,551.1
2024-07-30,P0010,611.1,1102.3,551.1
2024-07-31,P0010,545.1,1102.3,551.1
2024-08-01,P0010,422.1,1102.3,551.1
2024-08-02,P0010,405.1,1102.3,551.1
2024-08-03,P0010,405.1,1102.3,551.1
2024-08-04,P0010,381.1,1102.3,551.1
2024-08-05,P0010,302.1,1102.3,551.1
2024-08-06,P0010,275.1,1102.3,551.1
2024-08-07,P0010,226.1,1102.3,551.1
2024-08-08,P0010,220.1,1102.3,551.1
2024-08-09,P0010,196.1,1102.3,551.1
2024-08-10,P0010,110.1,1102.3,551.1
2024-08-11,P0010,1533.1,1102.3,551.1
2024-08-12,P0010,1506.1,1102.3,551.1
2024-08-13,P0010,1422.1,1102.3,551.1
2024-08-14,P0010,1321.1,1102.3,551.1
2024-08-15,P0010,1253.1,1102.3,551.1
2024-08-16,P0010,1091.1,1102.3,551.1
2024-08-17,P0010,1047.1,1102.3,551.1
2024-08-18,P0010,989.1,1102.3,551.1
2024-08-19,P0010,989.1,1102.3,551.1
2024-08-20,P0010,917.1,1102.3,551.1
2024-08-21,P0010,883.1,1102.3,551.1
2024-08-22,P0010,825.1,1102.3,551.1
2024-08-23,P0010,764.1,1102.3,551.1
2024-08-24,P0010,764.1,1102.3,551.1
2024-08-25,P0010,764.1,1102.3,551.1
2024-08-26,P0010,600.1,1102.3,551.1
2024-08-27,P0010,526.1,1102.3,551.1
2024-08-28,P0010,451.1,1102.3,551.1
2024-08-29,P0010,358.1,1102.3,551.1
2024-08-30,P0010,313.1,1102.3,551.1
2024-08-31,P0010,254.1,1102.3,551.1
2024-09-01,P0010,219.1,1102.3,551.1
2024-09-02,P0010,161.1,1102.3,551.1
2024-09-03,P0010,161.1,1102.3,551.1
2024-09-04,P0010,161.1,1102.3,551.1
2024-09-05,P0010,1375.1,1102.3,551.1
2024-09-06,P0010,1281.1,1102.3,551.1
2024-09-07,P0010,1237.1,1102.3,551.1
2024-09-08,P0010,1159.1,1102.3,551.1
2024-09-09,P0010,1140.1,1102.3,551.1
2024-09-10,P0010,997.1,1102.3,551.1
2024-09-11,P0010,997.1,1102.3,551.1
2024-09-12,P0010,904.1,1102.3,551.1
2024-09-13,P0010,898.1,1102.3,551.1
2024-09-14,P0010,898.1,1102.3,551.1
2024-09-15,P0010,898.1,1102.3,551.1
2024-09-16,P0010,844.1,1102.3,551.1
2024-09-17,P0010,798.1,1102.3,551.1
2024-09-18,P0010,757.1,1102.3,551.1
2024-09-19,P0010,725.1,1102.3,551.1
2024-09-20,P0010,610.1,1102.3,551.1
2024-09-21,P0010,610.1,1102.3,551.1
2024-09-22,P0010,603.1,1102.3,551.1
2024-09-23,P0010,495.1,1102.3,551.1
2024-09-24,P0010,218.1,1102.3,551.1
2024-09-25,P0010,218.1,1102.3,551.1
2024-09-26,P0010,174.1,1102.3,551.1
2024-09-27,P0010,95.1,1102.3,551.1
2024-09-28,P0010,23.1,1102.3,551.1
2024-09-29,P0010,0.0,1102.3,551.1
2024-09-30,P0010,1483.0,1102.3,551.1
2024-10-01,P0010,1394.0,1102.3,551.1
2024-10-02,P0010,1394.0,1102.3,551.1
2024-10-03,P0010,1369.0,1102.3,551.1
2024-10-04,P0010,1348.0,1102.3,551.1
2024-10-05,P0010,1348.0,1102.3,551.1
2024-10-06,P0010,1296.0,1102.3,551.1
2024-10-07,P0010,1272.0,1102.3,551.1
2024-10-08,P0010,1225.0,1102.3,551.1
2024-10-09,P0010,1144.0,1102.3,551.1
2024-10-10,P0010,1075.0,1102.3,551.1
2024-10-11,P0010,1016.0,1102.3,551.1
2024-10-12,P0010,962.0,1102.3,551.1
2024-10-13,P0010,861.0,1102.3,551.1
2024-10-14,P0010,773.0,1102.3,551.1
2024-10-15,P0010,773.0,1102.3,551.1
2024-10-16,P0010,714.0,1102.3,551.1
2024-10-17,P0010,635.0,1102.3,551.1
2024-10-18,P0010,625.0,1102.3,551.1
2024-10-19,P0010,620.0,1102.3,551.1
2024-10-20,P0010,620.0,1102.3,551.1
2024-10-21,P0010,592.0,1102.3,551.1
2024-10-22,P0010,571.0,1102.3,551.1
2024-10-23,P0010,488.0,1102.3,551.1
2024-10-24,P0010,460.0,1102.3,551.1
2024-10-25,P0010,423.0,1102.3,551.1
2024-10-26,P0010,387.0,1102.3,551.1
2024-10-27,P0010,360.0,1102.3,551.1
2024-10-28,P0010,319.0,1102.3,551.1
2024-10-29,P0010,263.0,1102.3,551.1
2024-10-30,P0010,1546.1,1102.3,551.1
2024-10-31,P0010,1461.1,1102.3,551.1
2024-11-01,P0010,1447.1,1102.3,551.1
2024-11-02,P0010,1447.1,1102.3,551.1
2024-11-03,P0010,1447.1,1102.3,551.1
2024-11-04,P0010,1428.1,1102.3,551.1
2024-11-05,P0010,1300.1,1102.3,551.1
2024-11-06,P0010,1178.1,1102.3,551.1
2024-11-07,P0010,1097.1,1102.3,551.1
2024-11-08,P0010,1072.1,1102.3,551.1
2024-11-09,P0010,1060.1,1102.3,551.1
2024-11-10,P0010,1060.1,1102.3,551.1
2024-11-11,P0010,993.1,1102.3,551.1
2024-11-12,P0010,963.1,1102.3,551.1
2024-11-13,P0010,818.1,1102.3,551.1
2024-11-14,P0010,727.1,1102.3,551.1
2024-11-15,P0010,671.1,1102.3,551.1
2024-11-16,P0010,537.1,1102.3,551.1
2024-11-17,P0010,504.1,1102.3,551.1
2024-11-18,P0010,504.1,1102.3,551.1
2024-11-19,P0010,447.1,1102.3,551.1
2024-11-20,P0010,390.1,1102.3,551.1
2024-11-21,P0010,390.1,1102.3,551.1
2024-11-22,P0010,390.1,1102.3,551.1
2024-11-23,P0010,390.1,1102.3,551.1
2024-11-24,P0010,390.1,1102.3,551.1
2024-11-25,P0010,244.1,1102.3,551.1
2024-11-26,P0010,158.1,1102.3,551.1
2024-11-27,P0010,1460.1,1102.3,551.1
2024-11-28,P0010,1359.1,1102.3,551.1
2024-11-29,P0010,1239.1,1102.3,551.1
2024-11-30,P0010,1229.1,1102.3,551.1
2024-12-01,P0010,1201.1,1102.3,551.1
2024-12-02,P0010,1176.1,1102.3,551.1
2024-12-03,P0010,1152.1,1102.3,551.1
2024-12-04,P0010,1086.1,1102.3,551.1
2024-12-05,P0010,1071.1,1102.3,551.1
2024-12-06,P0010,958.1,1102.3,551.1
2024-12-07,P0010,958.1,1102.3,551.1
2024-12-08,P0010,918.1,1102.3,551.1
2024-12-09,P0010,849.1,1102.3,551.1
2024-12-10,P0010,818.1,1102.3,551.1
2024-12-11,P0010,681.1,1102.3,551.1
2024-12-12,P0010,666.1,1102.3,551.1
2024-12-13,P0010,572.1,1102.3,551.1
2024-12-14,P0010,572.1,1102.3,551.1
2024-12-15,P0010,559.1,1102.3,551.1
2024-12-16,P0010,559.1,1102.3,551.1
2024-12-17,P0010,559.1,1102.3,551.1
2024-12-18,P0010,459.1,1102.3,551.1
2024-12-19,P0010,451.1,1102.3,551.1
2024-12-20,P0010,346.1,1102.3,551.1
2024-12-21,P0010,346.1,1102.3,551.1
2024-12-22,P0010,346.1,1102.3,551.1
2024-12-23,P0010,316.1,1102.3,551.1
2024-12-24,P0010,1616.1,1102.3,551.1
2024-12-25,P0010,1510.1,1102.3,551.1
2024-12-26,P0010,1423.1,1102.3,551.1
2024-12-27,P0010,1352.1,1102.3,551.1
2024-12-28,P0010,1308.1,1102.3,551.1
2024-12-29,P0010,1308.1,1102.3,551.1
2024-12-30,P0010,1212.1,1102.3,551.1
2024-12-31,P0010,1200.1,1102.3,551.1
2025-01-01,P0010,1124.1,1102.3,551.1
2025-01-02,P0010,1060.1,1102.3,551.1
2025-01-03,P0010,1034.1,1102.3,551.1
2025-01-04,P0010,1034.1,1102.3,551.1
2025-01-05,P0010,1013.1,1102.3,551.1
2025-01-06,P0010,954.1,1102.3,551.1
2025-01-07,P0010,934.1,1102.3,551.1
2025-01-08,P0010,891.1,1102.3,551.1
2025-01-09,P0010,840.1,1102.3,551.1
2025-01-10,P0010,840.1,1102.3,551.1
2025-01-11,P0010,840.1,1102.3,551.1
2025-01-12,P0010,840.1,1102.3,551.1
2025-01-13,P0010,824.1,1102.3,551.1
2025-01-14,P0010,761.1,1102.3,551.1
2025-01-15,P0010,740.1,1102.3,551.1
2025-01-16,P0010,668.1,1102.3,551.1
2025-01-17,P0010,668.1,1102.3,551.1
2025-01-18,P0010,668.1,1102.3,551.1
2025-01-19,P0010,668.1,1102.3,551.1
2025-01-20,P0010,642.1,1102.3,551.1
2025-01-21,P0010,622.1,1102.3,551.1
2025-01-22,P0010,2010.1,1102.3,551.1
2025-01-23,P0010,1965.1,1102.3,551.1
2025-01-24,P0010,1868.1,1102.3,551.1
2025-01-25,P0010,1836.1,1102.3,551.1
2025-01-26,P0010,1798.1,1102.3,551.1
2025-01-27,P0010,1715.1,1102.3,551.1
2025-01-28,P0010,1715.1,1102.3,551.1
2025-01-29,P0010,1620.1,1102.3,551.1
2025-01-30,P0010,1561.1,1102.3,551.1
2025-01-31,P0010,1498.1,1102.3,551.1
2025-02-01,P0010,1498.1,1102.3,551.1
2025-02-02,P0010,1498.1,1102.3,551.1
2025-02-03,P0010,1491.1,1102.3,551.1
2025-02-04,P0010,1432.1,1102.3,551.1
2025-02-05,P0010,1432.1,1102.3,551.1
2025-02-06,P0010,1399.1,1102.3,551.1
2025-02-07,P0010,1369.1,1102.3,551.1
2025-02-08,P0010,1369.1,1102.3,551.1
2025-02-09,P0010,1369.1,1102.3,551.1
2025-02-10,P0010,1233.1,1102.3,551.1
2025-02-11,P0010,1233.1,1102.3,551.1
2025-02-12,P0010,1212.1,1102.3,551.1
2025-02-13,P0010,1123.1,1102.3,551.1
2025-02-14,P0010,1123.1,1102.3,551.1
2025-02-15,P0010,1123.1,1102.3,551.1
2025-02-16,P0010,1072.1,1102.3,551.1
2025-02-17,P0010,954.1,1102.3,551.1
2025-02-18,P0010,858.1,1102.3,551.1
2025-02-19,P0010,752.1,1102.3,551.1
2025-02-20,P0010,680.1,1102.3,551.1
2025-02-21,P0010,680.1,1102.3,551.1
2025-02-22,P0010,654.1,1102.3,551.1
2025-02-23,P0010,563.1,1102.3,551.1
2025-02-24,P0010,473.1,1102.3,551.1
2025-02-25,P0010,266.1,1102.3,551.1
2025-02-26,P0010,214.1,1102.3,551.1
2025-02-27,P0010,100.1,1102.3,551.1
2025-02-28,P0010,0.0,1102.3,551.1
2025-03-01,P0010,0.0,1102.3,551.1
2025-03-02,P0010,0.0,1102.3,551.1
2025-03-03,P0010,0.0,1102.3,551.1
2025-03-04,P0010,0.0,1102.3,551.1
2025-03-05,P0010,0.0,1102.3,551.1
2025-03-06,P0010,0.0,1102.3,551.1
2025-03-07,P0010,0.0,1102.3,551.1
2025-03-08,P0010,1364.0,1102.3,551.1
2025-03-09,P0010,1364.0,1102.3,551.1
2025-03-10,P0010,1298.0,1102.3,551.1
2025-03-11,P0010,1280.0,1102.3,551.1
2025-03-12,P0010,1152.0,1102.3,551.1
2025-03-13,P0010,1069.0,1102.3,551.1
2025-03-14,P0010,908.0,1102.3,551.1
2025-03-15,P0010,908.0,1102.3,551.1
2025-03-16,P0010,908.0,1102.3,551.1
2025-03-17,P0010,859.0,1102.3,551.1
2025-03-18,P0010,825.0,1102.3,551.1
2025-03-19,P0010,775.0,1102.3,551.1
2025-03-20,P0010,725.0,1102.3,551.1
2025-03-21,P0010,533.0,1102.3,551.1
2025-03-22,P0010,514.0,1102.3,551.1
2025-03-23,P0010,477.0,1102.3,551.1
2025-03-24,P0010,434.0,1102.3,551.1
2025-03-25,P0010,358.0,1102.3,551.1
2025-03-26,P0010,315.0,1102.3,551.1
2025-03-27,P0010,296.0,1102.3,551.1
2025-03-28,P0010,263.0,1102.3,551.1
2025-03-29,P0010,128.0,1102.3,551.1
2025-03-30,P0010,108.0,1102.3,551.1
2025-03-31,P0010,85.0,1102.3,551.1
2025-04-01,P0010,32.0,1102.3,551.1
2025-04-02,P0010,1341.1,1102.3,551.1
2025-04-03,P0010,1323.1,1102.3,551.1
2025-04-04,P0010,1279.1,1102.3,551.1
2025-04-05,P0010,1279.1,1102.3,551.1
2025-04-06,P0010,1237.1,1102.3,551.1
2025-04-07,P0010,1145.1,1102.3,551.1
2025-04-08,P0010,1106.1,1102.3,551.1
2025-04-09,P0010,1059.1,1102.3,551.1
2025-04-10,P0010,1002.1,1102.3,551.1
2025-04-11,P0010,947.1,1102.3,551.1
2025-04-12,P0010,947.1,1102.3,551.1
2025-04-13,P0010,941.1,1102.3,551.1
2025-04-14,P0010,898.1,1102.3,551.1
2025-04-15,P0010,785.1,1102.3,551.1
2025-04-16,P0010,650.1,1102.3,551.1
2025-04-17,P0010,572.1,1102.3,551.1
2025-04-18,P0010,572.1,1102.3,551.1
2025-04-19,P0010,555.1,1102.3,551.1
2025-04-20,P0010,506.1,1102.3,551.1
2025-04-21,P0010,406.1,1102.3,551.1
2025-04-22,P0010,394.1,1102.3,551.1
2025-04-23,P0010,344.1,1102.3,551.1
2025-04-24,P0010,196.1,1102.3,551.1
2025-04-25,P0010,118.1,1102.3,551.1
2025-04-26,P0010,118.1,1102.3,551.1
2025-04-27,P0010,118.1,1102.3,551.1
2025-04-28,P0010,0.0,1102.3,551.1
2025-04-29,P0010,1337.0,1102.3,551.1
2025-04-30,P0010,1221.0,1102.3,551.1
2025-05-01,P0010,1067.0,1102.3,551.1
2025-05-02,P0010,982.0,1102.3,551.1
2025-05-03,P0010,938.0,1102.3,551.1
2025-05-04,P0010,905.0,1102.3,551.1
2025-05-05,P0010,797.0,1102.3,551.1
2025-05-06,P0010,721.0,1102.3,551.1
2025-05-07,P0010,696.0,1102.3,551.1
2025-05-08,P0010,669.0,1102.3,551.1
2025-05-09,P0010,654.0,1102.3,551.1
2025-05-10,P0010,623.0,1102.3,551.1
2025-05-11,P0010,623.0,1102.3,551.1
2025-05-12,P0010,623.0,1102.3,551.1
2025-05-13,P0010,566.0,1102.3,551.1
2025-05-14,P0010,494.0,1102.3,551.1
2025-05-15,P0010,400.0,1102.3,551.1
2025-05-16,P0010,174.0,1102.3,551.1
2025-05-17,P0010,126.0,1102.3,551.1
2025-05-18,P0010,94.0,1102.3,551.1
2025-05-19,P0010,19.0,1102.3,551.1
2025-05-20,P0010,10.0,1102.3,551.1
2025-05-21,P0010,1371.1,1102.3,551.1
2025-05-22,P0010,1324.1,1102.3,551.1
2025-05-23,P0010,1275.1,1102.3,551.1
2025-05-24,P0010,1275.1,1102.3,551.1
2025-05-25,P0010,1264.1,1102.3,551.1
2025-05-26,P0010,1179.1,1102.3,551.1
2025-05-27,P0010,963.1,1102.3,551.1
2025-05-28,P0010,917.1,1102.3,551.1
2025-05-29,P0010,859.1,1102.3,551.1
2025-05-30,P0010,647.1,1102.3,551.1
2025-05-31,P0010,611.1,1102.3,551.1
2025-06-01,P0010,602.1,1102.3,551.1
2025-06-02,P0010,581.1,1102.3,551.1
2025-06-03,P0010,487.1,1102.3,551.1
2025-06-04,P0010,439.1,1102.3,551.1
2025-06-05,P0010,400.1,1102.3,551.1
2025-06-06,P0010,339.1,1102.3,551.1
2025-06-07,P0010,301.1,1102.3,551.1
2025-06-08,P0010,258.1,1102.3,551.1
2025-06-09,P0010,242.1,1102.3,551.1
2025-06-10,P0010,166.1,1102.3,551.1
2025-06-11,P0010,76.1,1102.3,551.1
2025-06-12,P0010,63.1,1102.3,551.1
2025-06-13,P0010,63.1,1102.3,551.1
2025-06-14,P0010,63.1,1102.3,551.1
2025-06-15,P0010,63.1,1102.3,551.1
2025-06-16,P0010,1550.1,1102.3,551.1
2025-06-17,P0010,1502.1,1102.3,551.1
2025-06-18,P0010,1453.1,1102.3,551.1
2025-06-19,P0010,1388.1,1102.3,551.1
2025-06-20,P0010,1370.1,1102.3,551.1
2025-06-21,P0010,1328.1,1102.3,551.1
2025-06-22,P0010,1235.1,1102.3,551.1
2025-06-23,P0010,1130.1,1102.3,551.1
2025-06-24,P0010,1032.1,1102.3,551.1
2025-06-25,P0010,908.1,1102.3,551.1
2025-06-26,P0010,862.1,1102.3,551.1
2025-06-27,P0010,820.1,1102.3,551.1
2025-06-28,P0010,820.1,1102.3,551.1
2025-06-29,P0010,797.1,1102.3,551.1
2025-06-30,P0010,736.1,1102.3,551.1
2025-07-01,P0010,687.1,1102.3,551.1
2025-07-02,P0010,507.1,1102.3,551.1
2025-07-03,P0010,447.1,1102.3,551.1
2025-07-04,P0010,369.1,1102.3,551.1
2025-07-05,P0010,322.1,1102.3,551.1
2025-07-06,P0010,322.1,1102.3,551.1
2025-07-07,P0010,171.1,1102.3,551.1
2025-07-08,P0010,115.1,1102.3,551.1
2025-07-09,P0010,115.1,1102.3,551.1
2025-07-10,P0010,109.1,1102.3,551.1
2025-07-11,P0010,48.1,1102.3,551.1
2025-07-12,P0010,0.0,1102.3,551.1
2025-07-13,P0010,0.0,1102.3,551.1
2025-07-14,P0010,1428.0,1102.3,551.1
2025-07-15,P0010,1341.0,1102.3,551.1
2025-07-16,P0010,1341.0,1102.3,551.1
2025-07-17,P0010,1232.0,1102.3,551.1
2025-07-18,P0010,1180.0,1102.3,551.1
2025-07-19,P0010,1170.0,1102.3,551.1
2025-07-20,P0010,1087.0,1102.3,551.1
2025-07-21,P0010,997.0,1102.3,551.1
2025-07-22,P0010,927.0,1102.3,551.1
2025-07-23,P0010,801.0,1102.3,551.1
2025-07-24,P0010,785.0,1102.3,551.1
2025-07-25,P0010,780.0,1102.3,551.1
2025-07-26,P0010,768.0,1102.3,551.1
2025-07-27,P0010,768.0,1102.3,551.1
2025-07-28,P0010,681.0,1102.3,551.1
2025-07-29,P0010,593.0,1102.3,551.1
2025-07-30,P0010,455.0,1102.3,551.1
2025-07-31,P0010,397.0,1102.3,551.1
2025-08-01,P0010,374.0,1102.3,551.1
2025-08-02,P0010,351.0,1102.3,551.1
2025-08-03,P0010,320.0,1102.3,551.1
2025-08-04,P0010,121.0,1102.3,551.1
2025-08-05,P0010,89.0,1102.3,551.1
2025-08-06,P0010,0.0,1102.3,551.1
2025-08-07,P0010,0.0,1102.3,551.1
2025-08-08,P0010,0.0,1102.3,551.1
2025-08-09,P0010,1393.1,1102.3,551.1
2025-08-10,P0010,1393.1,1102.3,551.1
2025-08-11,P0010,1242.1,1102.3,551.1
2025-08-12,P0010,1099.1,1102.3,551.1
2025-08-13,P0010,1021.1,1102.3,551.1
2025-08-14,P0010,855.1,1102.3,551.1
2025-08-15,P0010,855.1,1102.3,551.1
2025-08-16,P0010,844.1,1102.3,551.1
2025-08-17,P0010,802.1,1102.3,551.1
2025-08-18,P0010,732.1,1102.3,551.1
2025-08-19,P0010,509.1,1102.3,551.1
2025-08-20,P0010,509.1,1102.3,551.1
2025-08-21,P0010,467.1,1102.3,551.1
2025-08-22,P0010,394.1,1102.3,551.1
2025-08-23,P0010,364.1,1102.3,551.1
2025-08-24,P0010,295.1,1102.3,551.1
2025-08-25,P0010,220.1,1102.3,551.1
2025-08-26,P0010,145.1,1102.3,551.1
2025-08-27,P0010,68.1,1102.3,551.1
2025-08-28,P0010,0.0,1102.3,551.1
2025-08-29,P0010,0.0,1102.3,551.1
2025-08-30,P0010,0.0,1102.3,551.1
2025-08-31,P0010,0.0,1102.3,551.1
2025-09-01,P0010,1356.0,1102.3,551.1
2025-09-02,P0010,1308.0,1102.3,551.1
2025-09-03,P0010,1254.0,1102.3,551.1
2025-09-04,P0010,1234.0,1102.3,551.1
2025-09-05,P0010,1184.0,1102.3,551.1
2025-09-06,P0010,1139.0,1102.3,551.1
2025-09-07,P0010,1062.0,1102.3,551.1
2025-09-08,P0010,1052.0,1102.3,551.1
2025-09-09,P0010,928.0,1102.3,551.1
2025-09-10,P0010,872.0,1102.3,551.1
2025-09-11,P0010,815.0,1102.3,551.1
2025-09-12,P0010,763.0,1102.3,551.1
2025-09-13,P0010,763.0,1102.3,551.1
2025-09-14,P0010,733.0,1102.3,551.1
2025-09-15,P0010,634.0,1102.3,551.1
2025-09-16,P0010,563.0,1102.3,551.1
2025-09-17,P0010,493.0,1102.3,551.1
2025-09-18,P0010,486.0,1102.3,551.1
2025-09-19,P0010,410.0,1102.3,551.1
2025-09-20,P0010,410.0,1102.3,551.1
2025-09-21,P0010,363.0,1102.3,551.1
2025-09-22,P0010,344.0,1102.3,551.1
2025-09-23,P0010,257.0,1102.3,551.1
2025-09-24,P0010,181.0,1102.3,551.1
2025-09-25,P0010,107.0,1102.3,551.1
2025-09-26,P0010,77.0,1102.3,551.1
2025-09-27,P0010,1495.1,1102.3,551.1
2025-09-28,P0010,1495.1,1102.3,551.1
2025-09-29,P0010,1451.1,1102.3,551.1
2025-09-30,P0010,1328.1,1102.3,551.1
2025-10-01,P0010,1265.1,1102.3,551.1
2025-10-02,P0010,1167.1,1102.3,551.1
2025-10-03,P0010,1129.1,1102.3,551.1
2025-10-04,P0010,1129.1,1102.3,551.1
2025-10-05,P0010,1112.1,1102.3,551.1
2025-10-06,P0010,1068.1,1102.3,551.1
2025-10-07,P0010,1028.1,1102.3,551.1
2025-10-08,P0010,1009.1,1102.3,551.1
2025-10-09,P0010,954.1,1102.3,551.1
2025-10-10,P0010,930.1,1102.3,551.1
2025-10-11,P0010,874.1,1102.3,551.1
2025-10-12,P0010,838.1,1102.3,551.1
2025-10-13,P0010,702.1,1102.3,551.1
2025-10-14,P0010,648.1,1102.3,551.1
2025-10-15,P0010,602.1,1102.3,551.1
2025-10-16,P0010,577.1,1102.3,551.1
2025-10-17,P0010,540.1,1102.3,551.1
2025-10-18,P0010,491.1,1102.3,551.1
2025-10-19,P0010,491.1,1102.3,551.1
2025-10-20,P0010,358.1,1102.3,551.1
2025-10-21,P0010,232.1,1102.3,551.1
2025-10-22,P0010,184.1,1102.3,551.1
2025-10-23,P0010,127.1,1102.3,551.1
2025-10-24,P0010,112.1,1102.3,551.1
2025-10-25,P0010,112.1,1102.3,551.1
2025-10-26,P0010,1516.1,1102.3,551.1
2025-10-27,P0010,1448.1,1102.3,551.1
2025-10-28,P0010,1402.1,1102.3,551.1
2025-10-29,P0010,1325.1,1102.3,551.1
2025-10-30,P0010,1255.1,1102.3,551.1
2025-10-31,P0010,1225.1,1102.3,551.1
2025-11-01,P0010,1225.1,1102.3,551.1
2025-11-02,P0010,1225.1,1102.3,551.1
2025-11-03,P0010,1156.1,1102.3,551.1
2025-11-04,P0010,1078.1,1102.3,551.1
2025-11-05,P0010,933.1,1102.3,551.1
2025-11-06,P0010,905.1,1102.3,551.1
2025-11-07,P0010,832.1,1102.3,551.1
2025-11-08,P0010,745.1,1102.3,551.1
2025-11-09,P0010,690.1,1102.3,551.1
2025-11-10,P0010,607.1,1102.3,551.1
2025-11-11,P0010,523.1,1102.3,551.1
2025-11-12,P0010,367.1,1102.3,551.1
2025-11-13,P0010,285.1,1102.3,551.1
2025-11-14,P0010,238.1,1102.3,551.1
2025-11-15,P0010,10158.7,1102.3,551.1
2025-11-16,P0010,10150.7,1102.3,551.1
2025-11-17,P0010,10098.7,1102.3,551.1
2025-11-18,P0010,10022.7,1102.3,551.1
2025-11-19,P0010,9951.7,1102.3,551.1
2025-11-20,P0010,9852.7,1102.3,551.1
2025-11-21,P0010,9819.7,1102.3,551.1
2025-11-22,P0010,9771.7,1102.3,551.1
2025-11-23,P0010,9771.7,1102.3,551.1
2025-11-24,P0010,11173.7,1102.3,551.1
2025-11-25,P0010,11164.7,1102.3,551.1
2025-11-26,P0010,11094.7,1102.3,551.1
2025-11-27,P0010,11022.7,1102.3,551.1
2025-11-28,P0010,10870.7,1102.3,551.1
2025-11-29,P0010,10870.7,1102.3,551.1
2025-11-30,P0010,10844.7,1102.3,551.1
2025-12-01,P0010,10746.7,1102.3,551.1
2025-12-02,P0010,10683.7,1102.3,551.1
2025-12-03,P0010,10627.7,1102.3,551.1
2025-12-04,P0010,10582.7,1102.3,551.1
2025-12-05,P0010,10449.7,1102.3,551.1
2025-12-06,P0010,10449.7,1102.3,551.1
2025-12-07,P0010,10449.7,1102.3,551.1
2025-12-08,P0010,10370.7,1102.3,551.1
2025-12-09,P0010,10317.7,1102.3,551.1
2025-12-10,P0010,10266.7,1102.3,551.1
2025-12-11,P0010,10065.7,1102.3,551.1
2025-12-12,P0010,9986.7,1102.3,551.1
2025-12-13,P0010,9947.7,1102.3,551.1
2025-12-14,P0010,9947.7,1102.3,551.1
2025-12-15,P0010,9865.7,1102.3,551.1
2025-12-16,P0010,9797.7,1102.3,551.1
2025-12-17,P0010,9797.7,1102.3,551.1
2025-12-18,P0010,9743.7,1102.3,551.1
2025-12-19,P0010,9633.7,1102.3,551.1
2025-12-20,P0010,9633.7,1102.3,551.1
2025-12-21,P0010,9633.7,1102.3,551.1
2025-12-22,P0010,9513.7,1102.3,551.1
2025-12-23,P0010,9496.7,1102.3,551.1
2025-12-24,P0010,9381.7,1102.3,551.1
2025-12-25,P0010,9213.7,1102.3,551.1
2025-12-26,P0010,9153.7,1102.3,551.1
2025-12-27,P0010,9120.7,1102.3,551.1
2025-12-28,P0010,9096.7,1102.3,551.1
2025-12-29,P0010,9040.7,1102.3,551.1
2025-12-30,P0010,8986.7,1102.3,551.1
2025-12-31,P0010,8919.7,1102.3,551.1
